transaction_id,timestamp,account_id,merchant,category,amount,country,channel
T002600,2025-01-20 07:53:00,A0048,Starbucks,Food,257.43,US,in_store
T004813,2025-05-19 15:56:00,A0126,Target,Retail,316.77,US,in_store
T001470,2025-03-20 18:40:00,A0135,Shell,Fuel,92.6,US,mobile
T001713,2025-01-19 13:38:00,A0089,BestBuy,Electronics,246.91,US,mobile
T005014,2025-04-14 02:00:00,A0115,Apple,Electronics,10000,US,online
T001463,2025-03-02 07:43:00,A0197,Netflix,Subscription,174.72,US,online
T002095,2025-03-08 13:12:00,A0048,Shell,Fuel,143.72,US,online
T000681,2025-01-18 10:24:00,A0117,Apple,Electronics,57.22,US,in_store
T003903,2025-01-03 14:01:00,A0098,Marriott,Travel,21.92,US,atm
T003755,2025-01-15 15:37:00,A0127,Uber,Travel,150.99,US,mobile
T003441,2025-05-07 09:34:00,A0195,Walmart,Retail,68.23,US,online
T004892,2025-02-12 20:39:00,A0173,Costco,Retail,224.42,US,online
T001733,2025-02-25 19:01:00,A0068,Netflix,Subscription,291.69,US,mobile
T001033,2025-03-24 20:20:00,A0140,Marriott,Travel,320.95,US,atm
T002725,2025-01-08 20:46:00,A0038,Walmart,Retail,389.81,US,online
T003552,2025-05-16 16:55:00,A0166,Amazon,Retail,45.67,US,atm
T003971,2025-01-19 10:09:00,A0063,Uber,Travel,177.75,US,mobile
T003549,2025-02-07 19:55:00,A0179,BestBuy,Electronics,272.93,DE,online
T000193,2025-03-10 07:11:00,A0156,Uber,Travel,282.57,US,atm
T000327,2025-05-25 07:35:00,A0117,Target,Retail,270.74,US,online
T002225,2025-01-23 20:13:00,A0141,Target,Retail,67.83,GB,atm
T003361,2025-05-09 19:11:00,A0129,BestBuy,Electronics,30.59,US,atm
T003596,2025-05-20 21:52:00,A0146,Amazon,Retail,261.37,US,mobile
T001931,2025-05-11 20:12:00,A0142,Starbucks,Food,185.82,CA,in_store
T003052,2025-05-26 18:24:00,A0036,Shell,Fuel,131.83,US,atm
T000311,2025-01-28 21:21:00,A0146,Uber,Travel,184.47,US,mobile
T000300,2025-03-18 19:18:00,A0058,BestBuy,Electronics,86.87,US,mobile
T002941,2025-01-25 13:35:00,A0043,Costco,Retail,22.56,US,atm
T005078,2025-02-18 17:00:00,A0004,Target,Retail,298.26,US,online
T001270,2025-03-18 13:21:00,A0158,Starbucks,Food,46.41,US,mobile
T000589,2025-02-12 08:08:00,A0108,BestBuy,Electronics,291.93,US,online
T001396,2025-01-16 16:34:00,A0080,Shell,Fuel,339.61,US,atm
T000848,2025-01-21 16:38:00,A0114,Amazon,Retail,101.66,US,atm
T000795,2025-01-03 17:49:00,A0192,Marriott,Travel,156.08,US,online
T003221,2025-02-13 17:18:00,A0074,Apple,Electronics,114.39,US,atm
T003583,2025-05-23 15:29:00,A0103,BestBuy,Electronics,200.7,US,in_store
T003087,2025-01-18 18:44:00,A0113,Walmart,Retail,269.78,US,mobile
T002030,2025-02-24 14:39:00,A0116,Uber,Travel,220.62,US,atm
T002042,2025-02-04 18:19:00,A0083,Amazon,Retail,34.57,US,atm
T004239,2025-03-06 08:53:00,A0146,Walmart,Retail,251.92,US,in_store
T001021,2025-05-02 20:33:00,A0078,Netflix,Subscription,31.12,US,mobile
T003949,2025-05-17 19:52:00,A0078,Netflix,Subscription,8.0,US,online
T005020,2025-03-14 02:04:00,A0144,Costco,Retail,741.71,US,online
T001618,2025-01-05 08:30:00,A0087,Walmart,Retail,332.79,US,atm
T000052,2025-02-03 17:16:00,A0086,Starbucks,Food,297.79,US,mobile
T003389,2025-01-15 18:07:00,A0083,Apple,Electronics,358.39,US,mobile
T003976,2025-02-17 13:28:00,A0075,Shell,Fuel,349.24,US,online
T002891,2025-04-20 14:12:00,A0191,Delta Airlines,Travel,221.44,US,atm
T000085,2025-03-11 13:31:00,A0057,Amazon,Retail,158.6,US,mobile
T004614,2025-05-25 16:58:00,A0171,Costco,Retail,337.96,US,mobile
T004783,2025-05-22 12:43:00,A0034,Amazon,Retail,292.58,US,online
T003601,2025-02-27 08:42:00,A0082,Shell,Fuel,195.45,US,atm
T000910,2025-01-10 16:30:00,A0009,BestBuy,Electronics,150.59,US,mobile
T001417,2025-03-25 08:45:00,A0026,Costco,Retail,78.03,US,online
T001227,2025-05-26 13:28:00,A0078,Walmart,Retail,339.28,US,in_store
T001794,2025-05-04 20:51:00,A0199,Target,Retail,242.42,US,in_store
T004577,2025-03-18 12:25:00,A0166,Uber,Travel,33.13,US,in_store
T002449,2025-02-02 16:11:00,A0177,Marriott,Travel,234.18,US,in_store
T003124,2025-03-08 16:32:00,A0086,Amazon,Retail,260.29,US,atm
T000621,2025-05-19 07:22:00,A0193,Target,Retail,45.48,US,in_store
T004165,2025-05-18 16:43:00,A0061,Marriott,Travel,273.69,US,mobile
T002044,2025-03-04 13:50:00,A0196,Starbucks,Food,260.2,US,in_store
T003777,2025-04-20 15:18:00,A0092,Uber,Travel,167.75,US,atm
T002611,2025-01-19 15:41:00,A0188,Starbucks,Food,33.74,US,in_store
T000372,2025-01-26 13:14:00,A0014,Walmart,Retail,139.53,DE,mobile
T003869,2025-05-21 10:13:00,A0106,Netflix,Subscription,92.17,US,online
T002070,2025-05-24 11:48:00,A0130,Costco,Retail,217.61,US,online
T001009,2025-05-08 19:09:00,A0104,Target,Retail,371.49,US,online
T004562,2025-03-18 20:29:00,A0111,Apple,Electronics,31.68,US,atm
T003751,2025-05-22 11:51:00,A0015,Target,Retail,393.85,US,atm
T002747,2025-03-09 09:56:00,A0183,Apple,Electronics,340.01,US,in_store
T004724,2025-02-23 17:25:00,A0196,Netflix,Subscription,31.16,US,atm
T001484,2025-02-18 18:52:00,A0178,Apple,Electronics,200.54,US,online
T000586,2025-01-12 07:54:00,A0025,Starbucks,Food,267.03,US,atm
T004946,2025-01-11 08:18:00,A0058,Delta Airlines,Travel,344.42,US,online
T002053,2025-03-13 20:46:00,A0198,BestBuy,Electronics,113.97,US,atm
T004371,2025-05-06 11:34:00,A0129,BestBuy,Electronics,185.65,US,online
T000604,2025-04-04 18:28:00,A0184,Walmart,Retail,43.49,US,in_store
T000418,2025-05-20 20:23:00,A0069,Costco,Retail,329.93,US,mobile
T000267,2025-01-19 09:20:00,A0148,Marriott,Travel,34.3,US,atm
T002376,2025-04-13 13:36:00,A0191,Netflix,Subscription,123.14,US,in_store
T004635,2025-02-01 16:48:00,A0068,Shell,Fuel,269.47,US,online
T000309,2025-04-17 21:53:00,A0045,Starbucks,Food,373.9,US,mobile
T000114,2025-05-28 17:43:00,A0019,Amazon,Retail,64.93,US,atm
T002873,2025-02-11 21:35:00,A0129,Delta Airlines,Travel,134.6,CA,atm
T000717,2025-05-11 11:25:00,A0196,Shell,Fuel,301.32,US,online
T000244,2025-01-12 12:34:00,A0035,Netflix,Subscription,326.34,US,mobile
T004494,2025-04-24 21:28:00,A0160,Target,Retail,178.42,US,mobile
T002065,2025-03-31 19:52:00,A0193,Starbucks,Food,338.66,US,atm
T004183,2025-02-17 11:32:00,A0096,Shell,Fuel,49.51,US,mobile
T000270,2025-02-27 12:33:00,A0083,Uber,Travel,339.14,US,in_store
T003063,2025-03-05 09:06:00,A0026,Amazon,Retail,399.09,GB,mobile
T002528,2025-03-29 07:18:00,A0173,Marriott,Travel,257.44,US,in_store
T002380,2025-04-21 20:15:00,A0104,Uber,Travel,101.08,US,atm
T000442,2025-02-12 14:22:00,A0157,BestBuy,Electronics,89.16,MX,in_store
T001028,2025-05-04 16:27:00,A0149,Uber,Travel,253.06,US,online
T004244,2025-03-07 18:02:00,A0112,Costco,Retail,176.69,US,atm
T001017,2025-02-07 18:54:00,A0102,Apple,Electronics,151.0,US,online
T000699,2025-05-07 14:00:00,A0164,Shell,Fuel,340.97,US,atm
T000865,2025-02-04 14:09:00,A0010,Marriott,Travel,186.94,US,atm
T000403,2025-05-24 13:29:00,A0085,Shell,Fuel,320.11,US,in_store
T004979,2025-04-24 14:25:00,A0148,Amazon,Retail,53.12,US,atm
T001329,2025-02-21 21:15:00,A0197,Netflix,Subscription,363.96,US,online
T004477,2025-03-03 14:24:00,A0054,Costco,Retail,107.25,CA,mobile
T005033,2025-04-17 10:05:00,A0036,Walmart,Retail,710.26,US,online
T002653,2025-05-09 09:19:00,A0046,Delta Airlines,Travel,364.64,US,mobile
T003483,2025-02-02 17:37:00,A0124,Starbucks,Food,148.15,US,atm
T000921,2025-02-16 19:33:00,A0125,Amazon,Retail,140.42,US,in_store
T000748,2025-02-11 18:47:00,A0064,Marriott,Travel,158.94,US,in_store
T003442,2025-02-26 12:41:00,A0100,Amazon,Retail,122.89,DE,mobile
T001388,2025-04-25 08:30:00,A0044,Marriott,Travel,218.56,US,in_store
T004458,2025-01-10 12:45:00,A0103,Marriott,Travel,302.33,US,online
T002792,2025-03-05 13:45:00,A0081,Marriott,Travel,54.68,US,atm
T002939,2025-04-22 10:34:00,A0129,Netflix,Subscription,136.26,US,online
T003060,2025-05-28 21:17:00,A0058,Apple,Electronics,109.2,US,in_store
T003662,2025-04-24 16:16:00,A0079,Amazon,Retail,285.31,US,atm
T004027,2025-04-30 20:12:00,A0140,Amazon,Retail,216.39,US,mobile
T004407,2025-01-13 08:07:00,A0014,Netflix,Subscription,259.16,US,mobile
T004092,2025-02-23 20:07:00,A0155,Marriott,Travel,226.51,US,in_store
T003984,2025-03-01 18:20:00,A0046,BestBuy,Electronics,13.61,US,in_store
T004096,2025-01-24 19:41:00,A0127,Uber,Travel,125.5,US,atm
T000975,2025-04-27 09:24:00,A0157,Netflix,Subscription,58.88,CA,in_store
T002441,2025-01-28 11:10:00,A0139,Delta Airlines,Travel,376.16,US,online
T000925,2025-05-17 10:24:00,A0192,Marriott,Travel,283.72,US,atm
T004987,2025-04-26 08:17:00,A0128,Amazon,Retail,83.37,US,atm
T000401,2025-01-12 19:45:00,A0077,Walmart,Retail,13.92,US,online
T000040,2025-03-22 07:03:00,A0192,Delta Airlines,Travel,193.33,US,in_store
T003933,2025-04-13 16:39:00,A0186,Starbucks,Food,257.86,US,atm
T001571,2025-05-20 19:10:00,A0108,Delta Airlines,Travel,154.13,US,in_store
T002757,2025-01-24 20:53:00,A0171,Starbucks,Food,337.64,US,online
T004070,2025-04-19 16:14:00,A0036,Target,Retail,399.49,GB,atm
T003351,2025-05-20 14:32:00,A0105,Uber,Travel,317.09,US,mobile
T002749,2025-01-23 13:03:00,A0028,Starbucks,Food,266.0,US,online
T000492,2025-05-20 19:01:00,A0162,Apple,Electronics,313.86,US,mobile
T001820,2025-05-08 12:41:00,A0140,Shell,Fuel,132.13,US,mobile
T003005,2025-01-07 16:41:00,A0185,Starbucks,Food,232.37,US,mobile
T001633,2025-04-13 10:04:00,A0200,Uber,Travel,172.12,US,atm
T004438,2025-05-14 13:27:00,A0130,Delta Airlines,Travel,45.96,US,in_store
T003920,2025-02-02 15:02:00,A0188,Starbucks,Food,38.58,US,in_store
T002836,2025-04-26 09:33:00,A0152,Shell,Fuel,99.12,US,in_store
T003522,2025-04-10 19:14:00,A0174,Apple,Electronics,223.61,US,atm
T002538,2025-04-07 12:30:00,A0063,Marriott,Travel,282.62,US,atm
T001857,2025-04-24 07:17:00,A0045,Delta Airlines,Travel,83.48,US,mobile
T004615,2025-04-28 10:33:00,A0103,Costco,Retail,193.93,US,mobile
T001415,2025-05-31 16:36:00,A0006,Target,Retail,113.12,MX,online
T004687,2025-02-19 15:54:00,A0168,Uber,Travel,268.07,US,online
T000500,2025-01-24 07:14:00,A0010,Delta Airlines,Travel,91.43,US,mobile
T003038,2025-01-21 19:38:00,A0060,Starbucks,Food,57.08,US,mobile
T004921,2025-02-25 10:29:00,A0094,Uber,Travel,335.89,US,atm
T001321,2025-04-13 20:12:00,A0088,Apple,Electronics,19.92,US,online
T005035,2025-04-17 10:07:00,A0036,Marriott,Travel,871.85,US,online
T000346,2025-03-10 13:43:00,A0014,Delta Airlines,Travel,243.15,US,in_store
T004384,2025-04-23 18:15:00,A0057,Netflix,Subscription,318.85,US,mobile
T002448,2025-05-08 07:07:00,A0066,Apple,Electronics,238.34,MX,atm
T004881,2025-05-06 08:34:00,A0167,Apple,Electronics,256.12,US,atm
T004029,2025-05-02 14:29:00,A0124,BestBuy,Electronics,380.3,US,online
T000141,2025-03-24 20:12:00,A0117,BestBuy,Electronics,99.33,US,in_store
T005082,2025-05-14 19:00:00,A0125,Marriott,Travel,65.19,US,online
T004196,2025-02-11 21:55:00,A0081,Starbucks,Food,47.05,US,online
T002981,2025-04-21 10:57:00,A0017,Uber,Travel,54.96,US,atm
T004201,2025-04-17 08:26:00,A0191,Delta Airlines,Travel,125.51,US,in_store
T000447,2025-04-11 11:41:00,A0192,Amazon,Retail,314.6,US,mobile
T000098,2025-02-09 13:11:00,A0182,BestBuy,Electronics,211.09,US,atm
T004006,2025-03-31 13:24:00,A0017,Costco,Retail,139.27,US,in_store
T000561,2025-03-26 12:16:00,A0108,Delta Airlines,Travel,121.15,US,mobile
T003732,2025-04-21 07:10:00,A0036,BestBuy,Electronics,248.71,US,in_store
T001373,2025-01-16 18:11:00,A0052,Shell,Fuel,107.44,US,mobile
T001641,2025-03-10 10:04:00,A0148,Costco,Retail,44.91,US,mobile
T000124,2025-04-14 11:32:00,A0180,Costco,Retail,200.05,US,online
T002098,2025-03-25 13:19:00,A0002,Amazon,Retail,321.02,US,atm
T004638,2025-02-06 21:19:00,A0169,BestBuy,Electronics,197.05,US,in_store
T000090,2025-05-19 07:22:00,A0005,Shell,Fuel,261.81,MX,online
T000410,2025-02-04 12:07:00,A0173,Shell,Fuel,125.63,US,atm
T002746,2025-05-26 21:07:00,A0150,Delta Airlines,Travel,181.2,US,online
T000613,2025-04-12 12:18:00,A0071,Target,Retail,322.89,US,mobile
T001623,2025-01-14 11:56:00,A0177,Amazon,Retail,48.77,US,online
T000242,2025-05-01 07:40:00,A0100,Apple,Electronics,392.51,US,online
T004095,2025-03-03 14:50:00,A0094,BestBuy,Electronics,255.85,US,atm
T000036,2025-05-19 20:00:00,A0013,Walmart,Retail,370.91,US,in_store
T004803,2025-03-28 17:01:00,A0096,Apple,Electronics,46.15,DE,online
T003985,2025-03-10 20:08:00,A0066,Walmart,Retail,56.74,US,atm
T002959,2025-01-08 11:15:00,A0031,BestBuy,Electronics,218.78,US,online
T002463,2025-04-14 07:04:00,A0192,Delta Airlines,Travel,383.08,US,in_store
T005007,2025-03-22 21:00:00,A0060,Apple,Electronics,5000,US,online
T003752,2025-03-08 08:40:00,A0181,Target,Retail,171.18,US,atm
T002215,2025-02-07 14:40:00,A0120,Apple,Electronics,224.33,US,mobile
T002036,2025-05-11 10:09:00,A0102,Marriott,Travel,92.63,US,in_store
T002934,2025-02-17 08:16:00,A0134,Target,Retail,393.4,US,in_store
T003262,2025-03-26 15:47:00,A0197,Target,Retail,58.63,US,online
T003032,2025-03-24 14:35:00,A0152,Target,Retail,146.31,US,online
T002736,2025-01-13 14:37:00,A0030,Target,Retail,268.28,US,atm
T004787,2025-03-04 11:30:00,A0033,Target,Retail,34.56,US,atm
T000382,2025-05-07 09:04:00,A0069,Starbucks,Food,176.7,US,atm
T001217,2025-05-17 09:01:00,A0169,Uber,Travel,315.77,US,mobile
T001992,2025-03-27 17:04:00,A0148,BestBuy,Electronics,34.84,US,online
T000426,2025-02-07 18:20:00,A0064,Shell,Fuel,305.78,US,mobile
T001324,2025-02-11 09:53:00,A0072,Amazon,Retail,244.76,US,atm
T003460,2025-01-31 09:15:00,A0015,Target,Retail,163.59,US,mobile
T004810,2025-01-07 14:05:00,A0058,Starbucks,Food,73.47,US,online
T004654,2025-03-27 11:26:00,A0165,Walmart,Retail,70.47,US,mobile
T000441,2025-02-04 17:43:00,A0199,Starbucks,Food,32.02,US,online
T001661,2025-02-07 14:43:00,A0176,Starbucks,Food,211.66,US,in_store
T000067,2025-02-02 10:26:00,A0142,Marriott,Travel,376.44,US,in_store
T003274,2025-05-25 10:10:00,A0026,Uber,Travel,151.64,MX,in_store
T001153,2025-05-31 18:29:00,A0081,Marriott,Travel,182.73,US,atm
T002062,2025-04-02 20:43:00,A0065,Netflix,Subscription,144.19,US,atm
T003623,2025-04-22 18:38:00,A0178,Shell,Fuel,347.45,CA,in_store
T000398,2025-01-07 14:06:00,A0089,Uber,Travel,169.31,US,online
T003144,2025-01-12 12:51:00,A0083,Starbucks,Food,111.71,US,in_store
T001567,2025-05-24 19:57:00,A0003,Delta Airlines,Travel,83.43,CA,in_store
T004265,2025-04-22 08:30:00,A0144,BestBuy,Electronics,217.14,US,atm
T000927,2025-03-22 15:43:00,A0174,Amazon,Retail,43.46,US,atm
T000942,2025-05-28 07:32:00,A0101,BestBuy,Electronics,376.26,US,mobile
T000411,2025-02-06 15:24:00,A0178,Apple,Electronics,240.59,US,mobile
T004274,2025-03-31 15:24:00,A0118,Target,Retail,24.27,US,mobile
T003464,2025-05-04 12:14:00,A0026,BestBuy,Electronics,163.31,US,atm
T002428,2025-04-29 08:08:00,A0081,Walmart,Retail,239.89,US,online
T003213,2025-05-12 07:06:00,A0124,Costco,Retail,227.99,US,atm
T002579,2025-01-17 07:07:00,A0100,Apple,Electronics,204.04,US,online
T004873,2025-01-01 18:21:00,A0107,Delta Airlines,Travel,176.81,US,mobile
T001428,2025-04-27 08:16:00,A0103,Marriott,Travel,173.01,US,in_store
T003353,2025-01-10 13:59:00,A0004,Walmart,Retail,323.48,US,mobile
T003885,2025-01-26 16:43:00,A0035,Uber,Travel,370.86,US,in_store
T000432,2025-01-13 07:06:00,A0175,Marriott,Travel,314.64,US,online
T000079,2025-03-03 11:28:00,A0161,Walmart,Retail,286.85,US,atm
T004309,2025-04-27 11:55:00,A0067,Uber,Travel,331.91,US,in_store
T002516,2025-02-18 15:41:00,A0097,Walmart,Retail,162.88,US,in_store
T001277,2025-02-05 13:41:00,A0006,Walmart,Retail,138.66,US,atm
T001809,2025-05-31 19:25:00,A0189,Shell,Fuel,333.43,US,atm
T002320,2025-04-01 20:15:00,A0142,Starbucks,Food,14.07,US,atm
T000414,2025-01-03 14:08:00,A0092,Shell,Fuel,327.01,US,mobile
T000548,2025-02-22 11:41:00,A0174,Apple,Electronics,207.75,MX,online
T001850,2025-02-14 14:47:00,A0126,Marriott,Travel,301.48,US,online
T004909,2025-04-18 17:50:00,A0150,Uber,Travel,162.89,US,mobile
T001933,2025-02-22 16:29:00,A0008,Target,Retail,101.79,US,mobile
T001195,2025-04-19 15:07:00,A0186,BestBuy,Electronics,28.68,US,atm
T002733,2025-02-08 08:22:00,A0112,Delta Airlines,Travel,30.31,US,in_store
T004954,2025-01-30 21:32:00,A0159,Target,Retail,119.77,US,online
T002870,2025-04-04 14:53:00,A0033,Amazon,Retail,285.57,US,online
T000084,2025-05-18 18:47:00,A0108,Costco,Retail,320.95,US,mobile
T003150,2025-04-12 14:06:00,A0046,Shell,Fuel,176.45,US,online
T001835,2025-02-09 08:46:00,A0020,Shell,Fuel,115.59,US,online
T000705,2025-02-14 13:32:00,A0067,Walmart,Retail,225.66,US,atm
T000405,2025-04-20 13:00:00,A0152,BestBuy,Electronics,89.84,US,online
T001175,2025-01-30 16:14:00,A0111,Walmart,Retail,226.98,US,atm
T003000,2025-05-04 20:43:00,A0039,Starbucks,Food,293.15,US,atm
T000182,2025-05-03 20:25:00,A0016,Apple,Electronics,276.01,US,mobile
T001702,2025-01-07 17:42:00,A0150,Walmart,Retail,85.4,US,online
T003134,2025-04-13 11:55:00,A0164,Apple,Electronics,300.83,MX,online
T002778,2025-01-25 13:20:00,A0158,Marriott,Travel,17.47,US,atm
T000390,2025-01-18 20:54:00,A0075,Apple,Electronics,270.83,US,atm
T004524,2025-03-12 09:52:00,A0065,Amazon,Retail,95.78,CA,mobile
T000408,2025-04-10 16:25:00,A0153,Delta Airlines,Travel,50.12,US,mobile
T001149,2025-04-20 11:36:00,A0134,Amazon,Retail,222.64,US,online
T000723,2025-04-13 11:28:00,A0094,Starbucks,Food,230.71,US,in_store
T002272,2025-05-02 20:51:00,A0066,Apple,Electronics,302.4,DE,online
T004778,2025-02-23 07:28:00,A0126,Marriott,Travel,269.62,US,mobile
T001395,2025-01-30 16:23:00,A0191,Starbucks,Food,342.07,US,online
T000632,2025-04-03 11:13:00,A0085,Delta Airlines,Travel,214.55,US,online
T000538,2025-02-04 11:47:00,A0059,Target,Retail,310.74,US,atm
T002039,2025-02-10 08:43:00,A0096,Starbucks,Food,255.79,US,in_store
T002444,2025-01-02 17:33:00,A0105,Uber,Travel,232.79,GB,in_store
T002179,2025-01-13 18:05:00,A0054,Apple,Electronics,131.56,US,in_store
T004564,2025-03-08 17:03:00,A0082,BestBuy,Electronics,368.83,US,in_store
T002024,2025-04-14 11:56:00,A0184,Delta Airlines,Travel,46.57,US,atm
T003364,2025-02-20 17:47:00,A0080,Uber,Travel,37.49,CA,in_store
T003849,2025-05-28 15:56:00,A0196,Netflix,Subscription,300.44,US,atm
T004505,2025-03-09 11:33:00,A0098,Costco,Retail,137.85,US,mobile
T003904,2025-02-26 07:52:00,A0029,Apple,Electronics,206.15,US,in_store
T002172,2025-02-19 14:18:00,A0142,Uber,Travel,37.91,US,online
T000972,2025-02-20 18:43:00,A0108,Netflix,Subscription,95.87,US,atm
T004026,2025-05-13 12:19:00,A0033,Apple,Electronics,47.07,US,online
T004285,2025-04-10 14:26:00,A0122,Costco,Retail,192.75,US,atm
T002328,2025-03-29 12:01:00,A0135,Target,Retail,205.49,US,mobile
T001548,2025-04-27 12:10:00,A0025,Uber,Travel,68.78,US,atm
T003517,2025-01-05 20:51:00,A0200,Amazon,Retail,234.71,US,mobile
T001246,2025-03-12 10:54:00,A0134,Marriott,Travel,14.13,US,atm
T003004,2025-03-30 12:45:00,A0160,Starbucks,Food,209.65,US,in_store
T000863,2025-01-02 08:43:00,A0197,Netflix,Subscription,139.84,CA,online
T000707,2025-04-24 13:36:00,A0178,Target,Retail,309.14,CA,atm
T002193,2025-01-07 20:08:00,A0108,Netflix,Subscription,155.68,US,in_store
T003712,2025-01-22 13:25:00,A0107,Starbucks,Food,7.93,US,atm
T001401,2025-02-25 14:18:00,A0162,BestBuy,Electronics,386.77,US,atm
T004905,2025-02-11 19:16:00,A0182,Amazon,Retail,306.5,US,atm
T004199,2025-03-22 13:55:00,A0162,Shell,Fuel,42.41,US,in_store
T000379,2025-05-22 08:38:00,A0091,Delta Airlines,Travel,314.85,US,online
T001674,2025-05-29 15:23:00,A0063,Starbucks,Food,250.25,US,atm
T003367,2025-01-15 10:10:00,A0014,Amazon,Retail,399.8,US,online
T000725,2025-02-08 14:51:00,A0038,Amazon,Retail,74.76,US,in_store
T000731,2025-03-25 17:32:00,A0091,Target,Retail,311.02,US,online
T001171,2025-02-11 16:13:00,A0121,Uber,Travel,277.83,US,mobile
T004806,2025-01-09 14:27:00,A0157,Delta Airlines,Travel,192.87,US,online
T004824,2025-02-07 21:25:00,A0132,Marriott,Travel,289.22,US,mobile
T003339,2025-01-23 07:05:00,A0118,BestBuy,Electronics,352.2,US,in_store
T001043,2025-01-12 08:19:00,A0065,Marriott,Travel,9.06,US,online
T000551,2025-03-06 10:29:00,A0118,Uber,Travel,272.49,US,mobile
T001498,2025-05-06 18:11:00,A0146,Marriott,Travel,116.41,US,in_store
T001558,2025-04-13 12:04:00,A0052,Netflix,Subscription,140.26,US,mobile
T000016,2025-02-26 09:32:00,A0093,Target,Retail,40.91,US,online
T003395,2025-04-05 21:04:00,A0026,Apple,Electronics,193.13,US,mobile
T003202,2025-03-20 16:05:00,A0093,Uber,Travel,182.05,US,atm
T001549,2025-01-23 08:11:00,A0091,BestBuy,Electronics,309.92,US,mobile
T003716,2025-04-09 15:28:00,A0014,Netflix,Subscription,210.8,US,in_store
T004561,2025-05-25 07:36:00,A0155,Amazon,Retail,282.75,US,online
T000552,2025-01-27 07:32:00,A0150,Marriott,Travel,386.76,US,atm
T002745,2025-02-16 10:47:00,A0112,BestBuy,Electronics,386.98,US,atm
T000694,2025-02-28 14:50:00,A0192,BestBuy,Electronics,379.95,US,in_store
T000715,2025-05-07 16:00:00,A0021,Costco,Retail,383.41,US,atm
T000821,2025-05-19 09:13:00,A0115,Marriott,Travel,59.74,US,in_store
T000945,2025-03-19 13:03:00,A0175,Marriott,Travel,398.82,US,online
T003907,2025-02-04 15:09:00,A0125,Amazon,Retail,191.33,US,in_store
T001150,2025-04-19 13:06:00,A0131,Target,Retail,266.04,US,atm
T003837,2025-02-02 10:19:00,A0086,Starbucks,Food,202.74,US,atm
T003834,2025-02-23 11:34:00,A0030,Uber,Travel,87.58,US,online
T004595,2025-01-10 17:37:00,A0090,Apple,Electronics,136.96,US,in_store
T001793,2025-04-29 12:42:00,A0046,Walmart,Retail,142.29,US,in_store
T000337,2025-01-12 13:28:00,A0190,Shell,Fuel,218.21,CA,online
T003617,2025-03-21 08:34:00,A0082,Uber,Travel,393.96,GB,in_store
T000189,2025-05-24 15:21:00,A0151,Marriott,Travel,53.28,US,mobile
T004080,2025-05-07 13:18:00,A0083,Amazon,Retail,221.87,US,atm
T002212,2025-01-16 18:56:00,A0076,Shell,Fuel,211.78,US,atm
T001764,2025-01-26 09:55:00,A0191,Amazon,Retail,334.37,US,in_store
T002334,2025-01-23 13:16:00,A0109,Netflix,Subscription,95.28,US,atm
T004672,2025-02-09 20:30:00,A0160,Marriott,Travel,325.77,US,mobile
T000475,2025-01-25 15:08:00,A0149,Marriott,Travel,328.89,US,online
T002381,2025-03-25 16:24:00,A0041,Walmart,Retail,44.76,US,online
T004355,2025-05-11 07:13:00,A0055,Netflix,Subscription,52.9,CA,atm
T004078,2025-03-16 16:37:00,A0119,Shell,Fuel,324.33,US,online
T002823,2025-04-09 16:50:00,A0009,Shell,Fuel,133.37,US,in_store
T001253,2025-05-03 13:51:00,A0008,Amazon,Retail,239.05,US,atm
T001917,2025-05-27 08:40:00,A0170,Target,Retail,226.72,US,online
T002322,2025-01-24 16:47:00,A0042,Delta Airlines,Travel,391.58,US,mobile
T000800,2025-02-03 19:08:00,A0199,Target,Retail,225.92,US,mobile
T005103,2025-02-02 04:00:00,A0056,Uber,Travel,896.97,NG,online
T003831,2025-02-04 20:08:00,A0033,Uber,Travel,19.76,US,in_store
T004253,2025-03-12 11:47:00,A0055,BestBuy,Electronics,246.16,US,mobile
T000073,2025-04-17 21:40:00,A0117,Delta Airlines,Travel,81.8,US,mobile
T000565,2025-01-21 14:21:00,A0200,Marriott,Travel,394.72,US,online
T001792,2025-03-15 13:28:00,A0029,Netflix,Subscription,102.72,US,online
T001953,2025-01-31 17:12:00,A0156,Netflix,Subscription,202.02,US,online
T002429,2025-02-04 14:31:00,A0152,Costco,Retail,398.47,CA,atm
T000938,2025-04-11 09:41:00,A0052,Target,Retail,47.83,US,mobile
T003929,2025-04-18 14:15:00,A0085,Shell,Fuel,183.68,US,atm
T000343,2025-02-27 11:54:00,A0062,BestBuy,Electronics,62.02,US,online
T002998,2025-04-02 20:09:00,A0196,Target,Retail,373.31,US,online
T001736,2025-04-08 14:47:00,A0042,Shell,Fuel,57.09,US,atm
T000072,2025-01-07 07:15:00,A0038,Target,Retail,246.45,DE,online
T000541,2025-03-21 18:32:00,A0017,Apple,Electronics,58.58,US,online
T003249,2025-03-03 14:31:00,A0131,Starbucks,Food,185.49,US,mobile
T001319,2025-03-25 13:28:00,A0130,Starbucks,Food,104.84,US,online
T003593,2025-01-03 12:39:00,A0076,BestBuy,Electronics,261.34,US,in_store
T003924,2025-03-03 20:46:00,A0065,Apple,Electronics,240.52,US,atm
T005067,2025-05-21 05:03:00,A0008,Apple,Electronics,666.09,US,online
T000417,2025-04-28 16:47:00,A0200,Target,Retail,222.14,US,online
T003276,2025-02-06 09:48:00,A0163,Uber,Travel,219.87,US,online
T001391,2025-02-04 21:34:00,A0171,Marriott,Travel,291.54,US,atm
T004648,2025-04-26 11:16:00,A0055,Delta Airlines,Travel,252.82,US,mobile
T003083,2025-03-28 09:28:00,A0101,Netflix,Subscription,293.28,CA,in_store
T004130,2025-02-10 07:37:00,A0101,Delta Airlines,Travel,373.5,US,in_store
T000877,2025-01-27 15:49:00,A0012,Marriott,Travel,299.49,US,atm
T002539,2025-01-31 18:58:00,A0153,Apple,Electronics,367.09,US,in_store
T004017,2025-02-23 12:12:00,A0138,Uber,Travel,145.83,US,online
T002879,2025-02-17 13:05:00,A0081,BestBuy,Electronics,352.64,MX,atm
T004833,2025-05-12 19:46:00,A0001,Marriott,Travel,163.15,US,atm
T004247,2025-03-30 09:48:00,A0148,Costco,Retail,255.27,US,atm
T004812,2025-03-13 09:29:00,A0114,Amazon,Retail,129.64,US,atm
T000416,2025-02-26 11:02:00,A0195,Uber,Travel,93.81,US,in_store
T004928,2025-02-27 16:22:00,A0144,Starbucks,Food,277.42,US,atm
T001577,2025-01-05 16:59:00,A0167,Apple,Electronics,45.95,MX,online
T004007,2025-02-18 15:40:00,A0085,Marriott,Travel,45.7,US,in_store
T003156,2025-03-10 10:49:00,A0168,Walmart,Retail,250.36,US,mobile
T002394,2025-05-04 13:26:00,A0184,Walmart,Retail,372.3,US,atm
T003888,2025-02-04 21:31:00,A0082,BestBuy,Electronics,34.66,US,in_store
T004267,2025-03-24 20:45:00,A0138,Target,Retail,173.99,US,mobile
T002221,2025-01-15 18:45:00,A0131,BestBuy,Electronics,57.09,US,online
T003844,2025-04-10 09:23:00,A0196,Shell,Fuel,349.57,US,online
T001367,2025-02-12 20:27:00,A0109,Uber,Travel,278.28,US,mobile
T000183,2025-01-21 12:38:00,A0019,Starbucks,Food,30.94,US,atm
T005058,2025-03-28 22:06:00,A0167,Walmart,Retail,592.36,US,online
T003155,2025-04-05 20:37:00,A0109,Starbucks,Food,7.48,US,online
T000221,2025-04-11 09:38:00,A0168,BestBuy,Electronics,375.51,US,mobile
T003569,2025-05-22 21:17:00,A0047,Delta Airlines,Travel,183.28,US,online
T002040,2025-02-08 15:39:00,A0193,Apple,Electronics,344.03,US,online
T001430,2025-04-06 16:42:00,A0183,Marriott,Travel,329.1,US,in_store
T000143,2025-02-08 14:02:00,A0170,Starbucks,Food,203.41,US,atm
T002553,2025-05-24 17:57:00,A0109,Starbucks,Food,250.37,US,atm
T000038,2025-04-10 11:59:00,A0001,Target,Retail,117.67,US,mobile
T001064,2025-02-21 11:42:00,A0120,Target,Retail,198.65,US,atm
T000243,2025-01-18 12:15:00,A0092,BestBuy,Electronics,264.56,US,atm
T001123,2025-01-16 07:21:00,A0143,Shell,Fuel,191.02,US,online
T001922,2025-05-27 11:11:00,A0029,Starbucks,Food,307.92,DE,mobile
T002182,2025-02-06 21:34:00,A0068,Delta Airlines,Travel,389.23,US,online
T003638,2025-03-01 07:08:00,A0094,BestBuy,Electronics,156.83,DE,atm
T001107,2025-01-08 19:03:00,A0117,Marriott,Travel,258.43,US,mobile
T000231,2025-01-14 17:30:00,A0065,Netflix,Subscription,224.04,US,online
T003937,2025-02-02 11:07:00,A0117,BestBuy,Electronics,135.74,US,mobile
T000335,2025-04-18 16:49:00,A0009,Amazon,Retail,100.06,US,online
T003283,2025-01-09 07:38:00,A0039,Netflix,Subscription,312.88,US,mobile
T000320,2025-03-17 12:39:00,A0164,Shell,Fuel,91.56,US,mobile
T002605,2025-05-31 15:46:00,A0127,Marriott,Travel,174.33,US,online
T004834,2025-01-11 14:29:00,A0044,Marriott,Travel,45.87,US,mobile
T000896,2025-01-18 16:06:00,A0104,Marriott,Travel,326.56,DE,mobile
T000712,2025-03-22 12:13:00,A0122,Delta Airlines,Travel,111.28,MX,in_store
T002835,2025-03-10 09:57:00,A0045,Shell,Fuel,333.5,US,in_store
T004706,2025-05-03 21:39:00,A0136,Amazon,Retail,72.83,US,online
T002205,2025-05-27 21:14:00,A0162,BestBuy,Electronics,239.17,US,in_store
T000887,2025-02-27 09:55:00,A0060,Delta Airlines,Travel,106.93,US,mobile
T001177,2025-01-13 21:28:00,A0181,Target,Retail,385.25,CA,online
T001426,2025-02-25 09:38:00,A0077,Costco,Retail,90.34,US,atm
T002211,2025-05-18 10:52:00,A0155,Marriott,Travel,79.34,US,online
T001508,2025-04-09 17:56:00,A0058,BestBuy,Electronics,330.0,US,mobile
T005027,2025-03-14 02:11:00,A0144,Amazon,Retail,661.68,US,online
T003379,2025-02-03 21:12:00,A0040,Marriott,Travel,240.31,GB,mobile
T004848,2025-04-12 18:36:00,A0193,Marriott,Travel,245.13,US,online
T004826,2025-05-13 13:02:00,A0166,Netflix,Subscription,157.94,US,mobile
T002229,2025-01-07 17:45:00,A0127,BestBuy,Electronics,168.9,US,online
T001431,2025-02-09 12:50:00,A0108,Apple,Electronics,154.68,US,in_store
T002300,2025-05-14 11:31:00,A0062,Walmart,Retail,175.93,US,mobile
T001312,2025-04-25 08:52:00,A0037,Apple,Electronics,243.92,US,atm
T005063,2025-03-28 22:11:00,A0167,Costco,Retail,708.95,US,online
T000916,2025-05-25 11:03:00,A0187,Marriott,Travel,191.9,US,online
T002171,2025-04-19 13:45:00,A0132,Netflix,Subscription,57.27,US,atm
T003359,2025-02-20 15:35:00,A0199,Walmart,Retail,214.82,US,in_store
T004573,2025-04-28 09:03:00,A0049,Shell,Fuel,95.91,US,atm
T000546,2025-03-08 18:53:00,A0042,BestBuy,Electronics,40.7,US,mobile
T003391,2025-05-14 19:16:00,A0167,Starbucks,Food,116.42,US,online
T003255,2025-05-06 10:00:00,A0035,Uber,Travel,61.37,US,in_store
T004731,2025-05-28 08:27:00,A0053,Delta Airlines,Travel,60.91,US,online
T002001,2025-05-17 16:54:00,A0007,Amazon,Retail,312.89,US,atm
T005021,2025-03-14 02:05:00,A0144,Shell,Fuel,341.4,US,online
T001912,2025-03-10 14:38:00,A0071,Marriott,Travel,130.67,US,in_store
T005068,2025-05-21 05:04:00,A0008,Starbucks,Food,709.61,US,online
T002622,2025-05-08 18:54:00,A0130,Starbucks,Food,335.63,US,atm
T001446,2025-01-04 16:12:00,A0104,BestBuy,Electronics,7.88,US,atm
T000194,2025-01-02 09:55:00,A0090,Starbucks,Food,228.7,US,online
T001179,2025-04-03 09:46:00,A0053,Uber,Travel,284.72,GB,mobile
T002556,2025-01-12 10:14:00,A0105,Marriott,Travel,152.85,CA,online
T001504,2025-05-03 19:36:00,A0036,Target,Retail,327.11,US,atm
T001999,2025-04-28 17:42:00,A0137,Shell,Fuel,309.12,US,atm
T004971,2025-04-06 15:21:00,A0176,BestBuy,Electronics,113.37,US,online
T003073,2025-04-10 10:05:00,A0102,Walmart,Retail,93.01,US,atm
T000294,2025-05-03 09:33:00,A0150,Marriott,Travel,289.87,MX,mobile
T002689,2025-03-02 17:34:00,A0048,Apple,Electronics,370.1,CA,online
T000816,2025-02-10 07:22:00,A0191,Marriott,Travel,144.01,US,atm
T000310,2025-02-17 21:47:00,A0127,Uber,Travel,351.31,US,atm
T004382,2025-01-13 08:51:00,A0112,Marriott,Travel,350.33,US,atm
T000100,2025-03-04 20:59:00,A0083,Walmart,Retail,115.18,US,in_store
T003794,2025-04-14 11:42:00,A0138,Marriott,Travel,398.78,US,online
T004897,2025-01-02 15:58:00,A0039,Target,Retail,182.29,US,atm
T002540,2025-04-05 16:50:00,A0101,Netflix,Subscription,57.9,US,online
T002837,2025-05-21 14:01:00,A0029,Apple,Electronics,368.38,US,in_store
T003159,2025-01-05 18:52:00,A0046,BestBuy,Electronics,64.52,US,mobile
T000851,2025-01-23 07:06:00,A0085,Apple,Electronics,397.53,US,atm
T000075,2025-04-19 10:11:00,A0200,BestBuy,Electronics,209.59,US,in_store
T004230,2025-04-16 12:44:00,A0113,Walmart,Retail,51.62,DE,mobile
T004840,2025-03-15 16:30:00,A0090,Starbucks,Food,276.0,US,in_store
T000634,2025-03-24 13:58:00,A0011,Walmart,Retail,157.42,US,atm
T004461,2025-04-26 17:03:00,A0181,Walmart,Retail,223.16,DE,atm
T004415,2025-01-12 09:50:00,A0104,Costco,Retail,310.5,US,online
T002762,2025-04-01 13:02:00,A0029,Target,Retail,360.34,US,in_store
T004916,2025-01-09 14:26:00,A0071,Amazon,Retail,256.29,US,atm
T000617,2025-04-01 15:30:00,A0195,Delta Airlines,Travel,230.4,US,mobile
T004748,2025-01-06 11:58:00,A0061,Netflix,Subscription,321.92,US,online
T001669,2025-02-04 13:35:00,A0065,Shell,Fuel,123.92,US,atm
T003600,2025-03-21 10:50:00,A0002,Uber,Travel,198.85,US,in_store
T004202,2025-05-24 15:04:00,A0125,Walmart,Retail,231.71,US,online
T000784,2025-04-24 21:22:00,A0137,Netflix,Subscription,222.28,US,atm
T003753,2025-05-15 08:52:00,A0052,Costco,Retail,218.61,US,online
T003224,2025-01-14 09:09:00,A0152,Walmart,Retail,179.24,US,mobile
T002845,2025-03-12 13:50:00,A0124,Costco,Retail,258.4,US,atm
T001502,2025-01-12 09:15:00,A0196,Walmart,Retail,110.72,US,online
T004487,2025-05-04 16:30:00,A0014,Apple,Electronics,126.14,US,atm
T000718,2025-04-19 14:34:00,A0135,Amazon,Retail,203.48,US,in_store
T004622,2025-03-28 09:28:00,A0038,Netflix,Subscription,254.58,US,online
T002603,2025-05-19 10:56:00,A0060,Walmart,Retail,339.99,US,atm
T003475,2025-02-16 18:59:00,A0152,Amazon,Retail,124.49,US,mobile
T004705,2025-01-15 19:40:00,A0153,Apple,Electronics,280.95,US,mobile
T004836,2025-04-24 16:24:00,A0188,Target,Retail,281.26,US,atm
T003385,2025-02-01 13:37:00,A0042,Amazon,Retail,316.79,US,mobile
T001634,2025-01-27 09:29:00,A0148,Walmart,Retail,299.29,US,online
T004030,2025-05-09 11:08:00,A0195,Netflix,Subscription,55.67,GB,mobile
T003001,2025-03-23 14:42:00,A0048,Shell,Fuel,52.37,US,atm
T000066,2025-03-18 15:19:00,A0185,Marriott,Travel,166.32,US,atm
T003915,2025-01-31 17:44:00,A0075,Marriott,Travel,146.96,US,online
T000664,2025-03-03 20:51:00,A0170,Delta Airlines,Travel,275.24,CA,in_store
T004084,2025-01-24 15:34:00,A0090,Target,Retail,36.71,US,atm
T003555,2025-03-18 07:28:00,A0106,Amazon,Retail,85.42,US,online
T004578,2025-04-06 20:05:00,A0096,Starbucks,Food,131.69,US,online
T002882,2025-03-07 21:44:00,A0124,Marriott,Travel,39.22,US,atm
T002192,2025-04-14 14:55:00,A0084,Target,Retail,183.61,US,mobile
T001969,2025-05-18 20:11:00,A0164,Shell,Fuel,312.62,GB,in_store
T002006,2025-02-01 08:11:00,A0152,Costco,Retail,365.75,CA,online
T001732,2025-05-19 19:22:00,A0009,Amazon,Retail,364.47,CA,atm
T002061,2025-03-26 08:18:00,A0162,Apple,Electronics,321.75,GB,mobile
T002483,2025-01-31 18:58:00,A0009,BestBuy,Electronics,85.64,US,atm
T003528,2025-01-07 13:30:00,A0055,Marriott,Travel,178.81,US,online
T001790,2025-05-16 17:11:00,A0124,Uber,Travel,337.07,US,mobile
T003097,2025-01-13 13:23:00,A0068,Marriott,Travel,218.94,US,mobile
T003302,2025-03-15 18:38:00,A0194,Costco,Retail,354.53,US,mobile
T001400,2025-03-23 11:32:00,A0154,BestBuy,Electronics,53.77,US,mobile
T001527,2025-02-05 18:33:00,A0191,BestBuy,Electronics,379.76,US,mobile
T000386,2025-02-21 14:20:00,A0083,Starbucks,Food,386.01,US,atm
T002960,2025-04-10 13:10:00,A0159,Starbucks,Food,229.16,US,online
T000898,2025-02-07 17:09:00,A0194,Target,Retail,214.85,US,mobile
T004997,2025-05-02 20:29:00,A0049,Amazon,Retail,11.16,US,in_store
T004669,2025-01-27 14:13:00,A0061,Delta Airlines,Travel,348.28,GB,mobile
T004187,2025-02-28 13:46:00,A0125,Shell,Fuel,277.59,US,atm
T003669,2025-03-09 10:54:00,A0139,Amazon,Retail,323.26,US,in_store
T000696,2025-04-10 17:00:00,A0042,Walmart,Retail,330.19,US,mobile
T002324,2025-02-26 11:06:00,A0045,Amazon,Retail,99.31,US,mobile
T001301,2025-04-01 12:14:00,A0169,Apple,Electronics,173.16,CA,mobile
T004315,2025-01-21 12:13:00,A0137,Delta Airlines,Travel,374.59,MX,atm
T003673,2025-02-11 20:25:00,A0196,Target,Retail,153.54,US,in_store
T003505,2025-04-18 21:58:00,A0123,Amazon,Retail,171.69,US,in_store
T003179,2025-02-24 07:43:00,A0001,Netflix,Subscription,289.48,GB,mobile
T004396,2025-05-25 18:36:00,A0171,Walmart,Retail,244.82,US,mobile
T000455,2025-04-22 18:54:00,A0179,Shell,Fuel,27.87,US,mobile
T004566,2025-04-21 14:23:00,A0189,Uber,Travel,378.71,US,in_store
T004241,2025-02-08 11:00:00,A0072,Apple,Electronics,172.73,US,in_store
T001322,2025-02-04 12:42:00,A0182,BestBuy,Electronics,188.38,US,online
T002609,2025-03-31 12:43:00,A0058,Starbucks,Food,39.04,US,atm
T004140,2025-01-17 08:45:00,A0156,Netflix,Subscription,120.66,US,atm
T001273,2025-02-17 20:00:00,A0103,Netflix,Subscription,8.91,US,online
T002743,2025-04-16 21:24:00,A0027,Walmart,Retail,63.63,US,atm
T001856,2025-02-19 20:48:00,A0017,Costco,Retail,63.27,US,online
T004886,2025-04-01 13:20:00,A0060,BestBuy,Electronics,334.19,US,online
T002476,2025-05-18 18:40:00,A0154,Shell,Fuel,22.45,US,atm
T005048,2025-04-17 03:08:00,A0030,Target,Retail,811.21,US,online
T001327,2025-05-17 10:28:00,A0173,BestBuy,Electronics,23.86,US,online
T002191,2025-05-31 09:02:00,A0059,BestBuy,Electronics,144.39,US,mobile
T002461,2025-05-05 13:14:00,A0166,Costco,Retail,206.33,US,online
T001553,2025-04-16 15:28:00,A0175,Uber,Travel,351.58,US,online
T004962,2025-01-04 12:38:00,A0006,Delta Airlines,Travel,115.97,US,mobile
T002702,2025-02-19 13:24:00,A0147,Netflix,Subscription,87.32,US,in_store
T004363,2025-02-08 16:57:00,A0177,Starbucks,Food,150.19,US,in_store
T003966,2025-02-04 09:12:00,A0063,Marriott,Travel,197.09,US,atm
T003650,2025-03-23 11:47:00,A0012,Costco,Retail,385.24,US,atm
T005041,2025-04-17 03:01:00,A0030,Apple,Electronics,380.46,US,online
T001677,2025-05-25 14:44:00,A0075,Netflix,Subscription,346.4,US,online
T004439,2025-02-12 08:16:00,A0051,Marriott,Travel,264.78,US,in_store
T004174,2025-02-17 14:27:00,A0154,Target,Retail,35.91,US,mobile
T001307,2025-03-01 11:42:00,A0053,Costco,Retail,32.64,US,atm
T001654,2025-03-11 17:33:00,A0029,BestBuy,Electronics,257.72,US,mobile
T002469,2025-03-25 07:54:00,A0063,Netflix,Subscription,145.97,GB,in_store
T003143,2025-03-28 10:34:00,A0139,Apple,Electronics,79.48,US,online
T002509,2025-04-16 09:51:00,A0061,Uber,Travel,207.11,US,atm
T001543,2025-02-08 17:29:00,A0042,Walmart,Retail,354.66,US,in_store
T001723,2025-01-20 08:16:00,A0169,Costco,Retail,86.32,US,atm
T002326,2025-04-24 14:09:00,A0183,BestBuy,Electronics,355.81,US,mobile
T004252,2025-01-10 19:37:00,A0002,Delta Airlines,Travel,139.39,US,mobile
T004735,2025-04-10 08:27:00,A0005,Apple,Electronics,109.24,US,online
T002068,2025-04-08 10:16:00,A0194,BestBuy,Electronics,196.75,US,mobile
T003854,2025-01-26 13:46:00,A0106,Costco,Retail,63.11,US,mobile
T004334,2025-01-24 07:03:00,A0177,BestBuy,Electronics,292.05,US,in_store
T001718,2025-02-05 08:28:00,A0141,Walmart,Retail,359.37,US,atm
T001519,2025-05-29 18:26:00,A0022,Costco,Retail,233.26,US,in_store
T003983,2025-01-14 20:26:00,A0173,Starbucks,Food,301.52,US,mobile
T001476,2025-04-03 18:51:00,A0085,Netflix,Subscription,298.46,US,atm
T002851,2025-01-23 18:05:00,A0077,BestBuy,Electronics,337.09,US,atm
T004911,2025-05-12 17:59:00,A0072,Uber,Travel,299.72,US,mobile
T003082,2025-02-11 09:52:00,A0013,Costco,Retail,245.75,US,mobile
T002347,2025-01-11 08:24:00,A0042,Starbucks,Food,5.23,US,mobile
T003303,2025-04-20 19:56:00,A0143,Costco,Retail,271.41,US,in_store
T000484,2025-02-20 20:25:00,A0034,Netflix,Subscription,276.08,US,online
T004423,2025-01-10 13:29:00,A0113,Delta Airlines,Travel,317.28,US,online
T001936,2025-05-01 20:24:00,A0134,Walmart,Retail,314.3,US,online
T002500,2025-03-24 09:48:00,A0022,BestBuy,Electronics,324.15,US,online
T004974,2025-05-06 10:25:00,A0141,Delta Airlines,Travel,337.27,US,in_store
T001414,2025-01-03 08:07:00,A0095,Walmart,Retail,53.21,US,in_store
T001199,2025-03-05 08:20:00,A0134,Costco,Retail,235.04,MX,atm
T000660,2025-01-20 21:01:00,A0187,Costco,Retail,254.49,US,mobile
T003059,2025-03-04 20:45:00,A0193,Uber,Travel,113.94,US,atm
T004697,2025-01-18 18:36:00,A0148,BestBuy,Electronics,95.11,US,atm
T000817,2025-05-09 11:51:00,A0061,Amazon,Retail,252.19,US,online
T000164,2025-04-04 08:50:00,A0143,Apple,Electronics,10.5,US,online
T004245,2025-03-14 10:46:00,A0045,Costco,Retail,74.76,US,in_store
T001862,2025-02-18 18:48:00,A0079,BestBuy,Electronics,57.43,US,mobile
T001760,2025-03-04 19:58:00,A0138,Apple,Electronics,271.27,US,in_store
T000929,2025-03-03 18:43:00,A0119,Delta Airlines,Travel,309.35,US,atm
T002688,2025-02-23 18:47:00,A0176,BestBuy,Electronics,283.46,US,atm
T004192,2025-05-03 08:33:00,A0072,Shell,Fuel,13.07,US,online
T004121,2025-02-19 15:45:00,A0136,Marriott,Travel,143.29,US,atm
T002646,2025-05-15 14:35:00,A0179,Amazon,Retail,244.0,US,mobile
T003236,2025-03-23 10:08:00,A0197,Marriott,Travel,160.85,MX,online
T000108,2025-01-31 18:34:00,A0081,BestBuy,Electronics,78.13,US,mobile
T000833,2025-04-08 18:20:00,A0156,Apple,Electronics,246.54,MX,online
T003805,2025-02-05 20:51:00,A0079,Apple,Electronics,326.35,US,mobile
T000479,2025-02-23 14:19:00,A0198,Target,Retail,109.68,US,online
T002250,2025-04-16 09:00:00,A0120,Delta Airlines,Travel,359.48,US,online
T000954,2025-01-05 14:58:00,A0168,Delta Airlines,Travel,23.09,US,in_store
T003515,2025-03-28 10:32:00,A0001,Netflix,Subscription,252.2,US,mobile
T001758,2025-03-03 14:46:00,A0178,Apple,Electronics,147.94,US,online
T000371,2025-02-05 19:44:00,A0099,BestBuy,Electronics,35.98,MX,atm
T001466,2025-03-05 17:52:00,A0068,Apple,Electronics,83.37,US,online
T002391,2025-03-25 10:15:00,A0080,Target,Retail,63.74,US,online
T000983,2025-04-11 14:51:00,A0136,BestBuy,Electronics,329.41,US,mobile
T000465,2025-03-24 10:26:00,A0058,BestBuy,Electronics,131.37,US,atm
T001940,2025-03-09 19:52:00,A0038,Delta Airlines,Travel,302.66,US,in_store
T005077,2025-02-04 08:02:00,A0136,Amazon,Retail,242.13,US,online
T003478,2025-01-25 12:55:00,A0091,Delta Airlines,Travel,377.39,US,atm
T004609,2025-02-21 08:24:00,A0005,Target,Retail,276.57,US,online
T004950,2025-02-25 10:20:00,A0018,Apple,Electronics,385.87,GB,in_store
T000988,2025-01-01 20:40:00,A0181,Walmart,Retail,157.03,US,atm
T000005,2025-03-13 09:13:00,A0088,Netflix,Subscription,45.37,US,online
T003301,2025-05-29 21:53:00,A0138,Walmart,Retail,72.44,US,mobile
T001627,2025-05-06 11:20:00,A0170,BestBuy,Electronics,195.67,US,atm
T004408,2025-03-15 16:16:00,A0059,Shell,Fuel,266.97,US,atm
T005005,2025-04-29 18:00:00,A0079,Apple,Electronics,15000,US,online
T003068,2025-01-17 09:46:00,A0098,Delta Airlines,Travel,93.26,US,online
T000701,2025-01-10 12:15:00,A0173,Marriott,Travel,5.11,US,online
T004322,2025-02-02 18:38:00,A0067,Starbucks,Food,128.14,US,online
T001280,2025-04-06 12:38:00,A0178,Apple,Electronics,390.91,US,online
T001380,2025-01-26 07:29:00,A0085,BestBuy,Electronics,163.71,US,online
T002264,2025-04-12 15:42:00,A0141,Apple,Electronics,91.53,US,mobile
T000651,2025-05-21 14:41:00,A0193,Costco,Retail,33.89,US,online
T000352,2025-03-22 13:02:00,A0095,Delta Airlines,Travel,346.31,DE,in_store
T003439,2025-02-10 21:22:00,A0016,Delta Airlines,Travel,292.77,US,atm
T001826,2025-03-24 16:56:00,A0134,Netflix,Subscription,227.71,US,in_store
T004375,2025-03-23 08:49:00,A0092,Netflix,Subscription,312.57,US,atm
T002924,2025-01-28 14:34:00,A0074,Uber,Travel,77.59,US,in_store
T002876,2025-05-19 21:59:00,A0100,Netflix,Subscription,7.47,US,online
T002223,2025-04-03 12:21:00,A0194,Walmart,Retail,167.99,CA,online
T003887,2025-01-24 08:08:00,A0075,Costco,Retail,186.45,US,atm
T005107,2025-02-07 02:00:00,A0088,Apple,Electronics,544.59,CN,online
T000170,2025-05-19 13:37:00,A0172,BestBuy,Electronics,292.01,US,online
T004725,2025-03-26 08:43:00,A0091,BestBuy,Electronics,12.7,US,online
T004589,2025-04-19 07:58:00,A0178,Costco,Retail,21.6,GB,online
T000002,2025-05-20 08:37:00,A0174,Apple,Electronics,17.55,US,in_store
T000926,2025-05-16 20:27:00,A0038,Amazon,Retail,119.07,US,mobile
T003648,2025-05-17 13:02:00,A0160,Starbucks,Food,345.9,US,atm
T001546,2025-04-10 10:13:00,A0183,Delta Airlines,Travel,244.72,US,mobile
T002086,2025-03-06 21:46:00,A0146,Amazon,Retail,286.88,US,mobile
T000981,2025-04-22 16:14:00,A0084,Delta Airlines,Travel,378.77,US,online
T000353,2025-03-08 15:59:00,A0005,Delta Airlines,Travel,233.76,US,atm
T002126,2025-05-08 10:08:00,A0143,Costco,Retail,398.25,US,mobile
T000192,2025-03-13 16:14:00,A0030,Apple,Electronics,338.84,DE,online
T002037,2025-04-01 15:38:00,A0188,Starbucks,Food,227.34,US,online
T000429,2025-03-25 16:00:00,A0125,BestBuy,Electronics,41.79,US,atm
T001865,2025-01-24 14:22:00,A0068,Delta Airlines,Travel,148.63,DE,mobile
T003707,2025-01-20 18:12:00,A0179,BestBuy,Electronics,290.72,US,atm
T000533,2025-05-31 16:48:00,A0146,Walmart,Retail,370.35,US,online
T004413,2025-01-05 20:49:00,A0142,Marriott,Travel,301.2,US,mobile
T004042,2025-01-06 12:44:00,A0118,Uber,Travel,193.91,US,mobile
T001065,2025-05-20 07:48:00,A0139,Amazon,Retail,396.33,US,mobile
T002715,2025-03-14 15:41:00,A0033,Walmart,Retail,140.24,US,in_store
T001828,2025-04-29 10:59:00,A0121,Netflix,Subscription,371.2,CA,in_store
T004758,2025-02-22 10:24:00,A0030,BestBuy,Electronics,211.07,MX,mobile
T004782,2025-01-04 10:57:00,A0073,Shell,Fuel,166.48,US,atm
T005090,2025-03-11 15:00:00,A0061,Starbucks,Food,117.83,US,online
T002406,2025-03-14 12:01:00,A0012,Apple,Electronics,237.78,US,mobile
T001597,2025-03-18 07:57:00,A0047,Starbucks,Food,265.57,US,online
T000912,2025-05-13 08:33:00,A0120,Delta Airlines,Travel,39.94,US,online
T000187,2025-03-07 12:09:00,A0171,Marriott,Travel,369.58,US,online
T000280,2025-04-09 20:39:00,A0075,Apple,Electronics,103.07,US,atm
T003768,2025-01-26 19:10:00,A0061,Marriott,Travel,360.03,US,online
T000503,2025-04-04 08:23:00,A0135,BestBuy,Electronics,377.06,US,online
T002201,2025-02-01 16:08:00,A0157,Costco,Retail,116.35,CA,atm
T002446,2025-05-16 11:22:00,A0050,Starbucks,Food,164.79,US,mobile
T003225,2025-05-18 16:42:00,A0188,Marriott,Travel,339.06,US,in_store
T003191,2025-01-08 11:31:00,A0113,Uber,Travel,194.76,US,atm
T004918,2025-01-31 10:46:00,A0178,Costco,Retail,202.03,GB,mobile
T002604,2025-01-08 12:14:00,A0105,Delta Airlines,Travel,301.36,DE,online
T000858,2025-05-25 14:33:00,A0034,BestBuy,Electronics,254.58,US,in_store
T001608,2025-05-16 12:25:00,A0076,Amazon,Retail,50.29,US,mobile
T004180,2025-04-08 08:19:00,A0171,Uber,Travel,316.05,US,in_store
T003969,2025-02-08 16:19:00,A0074,Shell,Fuel,13.52,US,in_store
T002087,2025-02-04 13:13:00,A0181,Marriott,Travel,183.58,US,atm
T004943,2025-02-15 21:29:00,A0178,Apple,Electronics,221.01,US,in_store
T004085,2025-04-20 07:03:00,A0135,Marriott,Travel,147.62,US,online
T000708,2025-04-28 17:29:00,A0199,Delta Airlines,Travel,345.5,US,online
T001929,2025-05-27 18:26:00,A0154,Amazon,Retail,133.38,US,in_store
T004340,2025-02-03 19:08:00,A0127,Costco,Retail,252.78,US,in_store
T004431,2025-04-30 21:54:00,A0013,Uber,Travel,70.16,US,atm
T002330,2025-04-14 10:13:00,A0044,Netflix,Subscription,144.54,US,in_store
T001550,2025-04-24 17:59:00,A0066,Starbucks,Food,376.23,US,mobile
T002758,2025-04-14 08:48:00,A0077,Marriott,Travel,268.85,US,mobile
T000017,2025-02-10 19:43:00,A0040,Apple,Electronics,240.58,US,mobile
T004657,2025-03-06 15:04:00,A0131,Target,Retail,9.79,US,in_store
T001589,2025-02-09 07:39:00,A0161,BestBuy,Electronics,219.75,US,mobile
T003824,2025-04-20 20:37:00,A0037,Marriott,Travel,83.18,CA,online
T000766,2025-05-05 10:20:00,A0033,Costco,Retail,316.48,CA,atm
T001503,2025-01-28 15:47:00,A0003,Netflix,Subscription,341.82,US,in_store
T001984,2025-02-08 16:19:00,A0039,Delta Airlines,Travel,84.0,US,mobile
T004446,2025-04-20 15:19:00,A0114,Walmart,Retail,217.14,US,mobile
T004312,2025-04-15 13:19:00,A0138,Target,Retail,194.23,US,in_store
T001968,2025-04-21 17:19:00,A0017,Walmart,Retail,370.49,US,atm
T004378,2025-04-12 19:12:00,A0029,Amazon,Retail,38.92,DE,atm
T000680,2025-02-16 16:42:00,A0150,Costco,Retail,109.49,CA,atm
T002279,2025-01-13 11:37:00,A0138,Walmart,Retail,280.8,US,in_store
T004181,2025-04-19 10:46:00,A0127,Shell,Fuel,5.34,US,online
T003425,2025-02-22 09:03:00,A0117,BestBuy,Electronics,74.55,US,in_store
T003228,2025-03-10 19:59:00,A0026,Shell,Fuel,173.05,GB,in_store
T002366,2025-02-26 07:02:00,A0101,Uber,Travel,9.79,US,in_store
T000683,2025-01-10 21:50:00,A0158,Costco,Retail,203.82,US,online
T002027,2025-04-09 17:03:00,A0192,Shell,Fuel,391.91,US,in_store
T004471,2025-05-20 10:12:00,A0039,Walmart,Retail,230.69,US,mobile
T000419,2025-02-25 13:06:00,A0140,BestBuy,Electronics,332.88,CA,in_store
T002860,2025-05-14 16:35:00,A0117,Starbucks,Food,155.16,US,online
T003533,2025-02-22 16:26:00,A0121,Shell,Fuel,125.35,US,mobile
T004530,2025-01-26 16:40:00,A0129,Target,Retail,7.75,US,online
T003411,2025-03-08 19:48:00,A0086,Apple,Electronics,275.67,US,in_store
T001467,2025-05-09 16:11:00,A0180,Shell,Fuel,397.06,US,in_store
T000892,2025-03-04 15:10:00,A0062,Target,Retail,156.61,US,in_store
T002513,2025-01-17 07:17:00,A0033,Amazon,Retail,371.61,US,atm
T001336,2025-01-18 21:13:00,A0012,Apple,Electronics,124.11,US,mobile
T000615,2025-02-23 16:45:00,A0052,Uber,Travel,276.21,US,in_store
T001930,2025-05-01 17:05:00,A0146,Netflix,Subscription,13.97,US,mobile
T001059,2025-04-13 12:30:00,A0194,Marriott,Travel,243.25,US,mobile
T003432,2025-01-20 07:27:00,A0127,Costco,Retail,14.98,US,mobile
T002208,2025-04-26 13:49:00,A0018,Shell,Fuel,317.56,US,in_store
T002530,2025-03-22 21:45:00,A0151,Walmart,Retail,160.91,US,in_store
T000149,2025-03-18 21:01:00,A0043,Amazon,Retail,133.13,US,atm
T005074,2025-05-21 05:10:00,A0008,Uber,Travel,244.22,US,online
T002365,2025-02-06 19:58:00,A0037,Shell,Fuel,41.81,US,atm
T001142,2025-02-09 08:19:00,A0073,Target,Retail,321.43,DE,atm
T002268,2025-01-07 07:01:00,A0049,Uber,Travel,52.82,US,online
T002856,2025-05-23 15:57:00,A0143,Marriott,Travel,228.47,US,mobile
T002206,2025-05-25 14:56:00,A0126,Amazon,Retail,128.82,US,mobile
T004327,2025-02-27 07:12:00,A0083,Amazon,Retail,324.34,US,online
T001896,2025-02-15 13:34:00,A0029,Apple,Electronics,348.77,US,in_store
T004342,2025-05-07 18:08:00,A0158,Uber,Travel,323.0,US,mobile
T001709,2025-01-15 15:44:00,A0103,Walmart,Retail,235.2,US,online
T004164,2025-02-01 18:49:00,A0134,Marriott,Travel,167.37,US,online
T003889,2025-05-02 20:32:00,A0112,Netflix,Subscription,198.89,US,mobile
T003051,2025-02-17 14:28:00,A0158,Walmart,Retail,48.41,US,atm
T003713,2025-03-23 18:28:00,A0092,Marriott,Travel,205.09,US,atm
T003476,2025-01-11 13:31:00,A0127,Marriott,Travel,155.97,US,in_store
T002612,2025-05-26 13:29:00,A0084,Delta Airlines,Travel,382.18,US,atm
T000468,2025-05-22 14:00:00,A0023,Netflix,Subscription,84.27,US,atm
T001875,2025-04-13 11:02:00,A0124,Shell,Fuel,306.45,US,online
T001472,2025-03-31 18:26:00,A0072,Shell,Fuel,131.34,US,in_store
T004380,2025-05-15 11:48:00,A0033,Costco,Retail,317.79,US,atm
T003558,2025-01-08 17:54:00,A0193,Amazon,Retail,185.77,US,atm
T004474,2025-01-09 12:26:00,A0050,Costco,Retail,183.5,US,atm
T004002,2025-01-13 20:41:00,A0096,Amazon,Retail,35.59,US,atm
T004757,2025-01-28 21:22:00,A0010,Marriott,Travel,371.7,US,in_store
T000901,2025-03-17 07:23:00,A0033,Costco,Retail,387.32,US,atm
T004619,2025-03-13 08:28:00,A0126,Delta Airlines,Travel,228.73,US,mobile
T001629,2025-01-20 08:31:00,A0178,Amazon,Retail,88.93,US,in_store
T000584,2025-03-01 14:18:00,A0165,Uber,Travel,188.39,US,in_store
T002529,2025-02-25 10:48:00,A0053,Netflix,Subscription,81.76,US,atm
T002831,2025-04-09 19:39:00,A0138,Delta Airlines,Travel,233.82,US,in_store
T003585,2025-05-14 20:51:00,A0013,Uber,Travel,358.61,US,online
T002049,2025-01-19 21:48:00,A0040,BestBuy,Electronics,139.84,US,online
T004069,2025-05-09 11:08:00,A0159,Walmart,Retail,225.29,US,atm
T003883,2025-01-26 10:58:00,A0125,Costco,Retail,155.95,US,atm
T000799,2025-01-13 15:25:00,A0147,Uber,Travel,38.61,US,mobile
T003248,2025-03-16 10:25:00,A0098,Marriott,Travel,247.31,US,in_store
T000875,2025-01-10 14:24:00,A0053,BestBuy,Electronics,346.6,US,online
T003744,2025-01-23 12:05:00,A0169,Costco,Retail,369.71,GB,online
T000571,2025-01-17 20:02:00,A0043,Uber,Travel,379.64,US,atm
T003523,2025-03-18 21:44:00,A0169,Walmart,Retail,210.19,US,online
T000159,2025-01-25 21:40:00,A0161,Marriott,Travel,20.57,US,online
T004264,2025-03-21 07:08:00,A0088,BestBuy,Electronics,301.01,US,in_store
T004919,2025-05-20 10:15:00,A0037,Netflix,Subscription,172.6,US,online
T003251,2025-01-22 13:51:00,A0134,Uber,Travel,106.29,US,mobile
T001904,2025-03-04 21:52:00,A0177,BestBuy,Electronics,329.09,US,mobile
T002258,2025-03-06 21:08:00,A0155,Netflix,Subscription,370.26,US,mobile
T004022,2025-05-21 14:38:00,A0110,Shell,Fuel,6.7,MX,in_store
T001946,2025-02-10 16:40:00,A0079,Uber,Travel,192.74,US,atm
T001035,2025-05-05 13:21:00,A0096,Starbucks,Food,45.46,US,in_store
T002138,2025-04-10 14:58:00,A0073,BestBuy,Electronics,98.88,US,atm
T001291,2025-04-24 10:16:00,A0046,Marriott,Travel,34.98,US,atm
T003316,2025-04-14 19:00:00,A0031,Amazon,Retail,233.96,US,mobile
T000697,2025-01-17 11:14:00,A0023,Netflix,Subscription,36.62,US,mobile
T003366,2025-03-03 14:09:00,A0002,Walmart,Retail,286.84,US,mobile
T004704,2025-05-24 14:30:00,A0083,Walmart,Retail,337.16,US,atm
T002871,2025-04-13 10:59:00,A0017,BestBuy,Electronics,359.9,US,atm
T004646,2025-03-22 14:08:00,A0070,Starbucks,Food,185.8,US,mobile
T002826,2025-03-15 15:57:00,A0130,Walmart,Retail,337.81,US,in_store
T000223,2025-04-19 15:23:00,A0166,Amazon,Retail,148.23,US,in_store
T002657,2025-01-02 12:21:00,A0054,Target,Retail,18.35,US,mobile
T002847,2025-02-20 18:49:00,A0001,Amazon,Retail,185.53,CA,mobile
T002280,2025-03-17 20:10:00,A0116,Amazon,Retail,119.66,US,mobile
T001980,2025-01-28 08:15:00,A0071,Starbucks,Food,133.57,US,mobile
T004972,2025-01-30 21:36:00,A0055,Apple,Electronics,313.78,US,atm
T003610,2025-05-23 20:49:00,A0177,Netflix,Subscription,40.48,US,in_store
T001650,2025-05-09 09:48:00,A0135,Starbucks,Food,311.23,US,atm
T002923,2025-02-24 13:20:00,A0127,Uber,Travel,56.35,US,in_store
T002292,2025-03-10 16:33:00,A0135,Amazon,Retail,124.82,US,atm
T000974,2025-05-01 16:31:00,A0019,Amazon,Retail,356.74,US,in_store
T004135,2025-02-28 20:49:00,A0072,Costco,Retail,368.3,US,online
T004123,2025-03-01 12:06:00,A0150,Walmart,Retail,193.27,US,atm
T001452,2025-05-05 07:22:00,A0119,Amazon,Retail,248.13,US,atm
T003404,2025-04-22 19:47:00,A0075,Netflix,Subscription,309.82,US,mobile
T000578,2025-04-18 17:06:00,A0078,Marriott,Travel,210.52,US,in_store
T000451,2025-01-11 21:03:00,A0056,Apple,Electronics,205.11,US,mobile
T003575,2025-03-05 15:23:00,A0128,Uber,Travel,375.93,US,mobile
T002427,2025-04-01 07:42:00,A0147,Netflix,Subscription,261.24,US,online
T003331,2025-01-09 15:22:00,A0037,Costco,Retail,355.46,US,atm
T001066,2025-03-22 20:24:00,A0116,Target,Retail,186.56,US,in_store
T001212,2025-04-25 09:55:00,A0171,BestBuy,Electronics,133.46,US,mobile
T003967,2025-02-09 08:55:00,A0150,Starbucks,Food,154.53,US,atm
T002734,2025-05-02 07:02:00,A0180,Amazon,Retail,392.03,US,mobile
T001434,2025-01-03 08:24:00,A0071,Shell,Fuel,154.56,US,online
T000588,2025-04-13 13:29:00,A0030,Uber,Travel,335.1,US,mobile
T002043,2025-01-18 07:48:00,A0054,Apple,Electronics,60.42,US,in_store
T002254,2025-04-04 08:38:00,A0074,Netflix,Subscription,185.22,US,in_store
T001299,2025-04-17 10:28:00,A0198,Target,Retail,341.91,US,atm
T004492,2025-02-16 21:55:00,A0098,Marriott,Travel,288.54,US,online
T002349,2025-05-14 12:50:00,A0166,Delta Airlines,Travel,233.1,MX,mobile
T003577,2025-05-16 13:18:00,A0155,Delta Airlines,Travel,34.11,US,atm
T004506,2025-03-29 10:06:00,A0200,Walmart,Retail,384.93,US,online
T002445,2025-05-21 10:03:00,A0127,Apple,Electronics,88.35,US,mobile
T004827,2025-05-12 07:50:00,A0139,Shell,Fuel,34.34,US,mobile
T004258,2025-03-28 13:30:00,A0027,Netflix,Subscription,170.44,GB,atm
T001777,2025-05-11 19:10:00,A0142,Amazon,Retail,241.36,US,in_store
T000882,2025-03-28 15:28:00,A0080,Amazon,Retail,56.38,US,online
T000161,2025-02-21 09:50:00,A0045,Costco,Retail,351.2,US,atm
T004108,2025-01-09 16:11:00,A0093,Costco,Retail,111.31,US,in_store
T002144,2025-04-10 14:23:00,A0114,Netflix,Subscription,133.77,US,in_store
T000261,2025-02-01 09:54:00,A0052,Walmart,Retail,183.56,US,mobile
T003444,2025-04-27 20:10:00,A0044,Costco,Retail,259.59,US,in_store
T003136,2025-02-06 18:59:00,A0157,Apple,Electronics,324.42,US,online
T003771,2025-03-12 18:52:00,A0133,Uber,Travel,109.05,US,atm
T004290,2025-04-02 18:32:00,A0102,Starbucks,Food,100.66,US,atm
T002952,2025-04-23 14:22:00,A0184,Starbucks,Food,279.7,US,in_store
T000022,2025-04-06 19:10:00,A0040,Costco,Retail,381.63,US,online
T004945,2025-02-12 16:05:00,A0007,BestBuy,Electronics,284.56,US,online
T004260,2025-05-06 17:18:00,A0099,Uber,Travel,227.38,CA,in_store
T000298,2025-04-07 12:11:00,A0135,Target,Retail,365.29,US,atm
T004632,2025-05-18 15:53:00,A0065,Apple,Electronics,80.6,US,in_store
T004640,2025-01-18 15:06:00,A0194,Walmart,Retail,377.83,US,online
T000576,2025-01-06 07:44:00,A0168,Walmart,Retail,169.63,US,online
T001727,2025-05-22 10:07:00,A0079,Netflix,Subscription,291.34,US,online
T004197,2025-05-20 20:26:00,A0072,Netflix,Subscription,395.2,US,online
T004430,2025-01-28 19:12:00,A0089,Delta Airlines,Travel,7.88,US,in_store
T001581,2025-04-06 19:14:00,A0002,Costco,Retail,117.02,US,atm
T002210,2025-05-04 15:09:00,A0159,Uber,Travel,382.88,US,atm
T004668,2025-04-09 18:07:00,A0185,BestBuy,Electronics,247.3,US,mobile
T003254,2025-04-06 08:02:00,A0011,Shell,Fuel,269.37,US,online
T000374,2025-04-02 15:24:00,A0059,Apple,Electronics,78.37,US,mobile
T002674,2025-05-26 21:39:00,A0148,Shell,Fuel,297.69,US,online
T000373,2025-03-25 07:40:00,A0199,Uber,Travel,314.5,US,mobile
T000469,2025-03-04 14:23:00,A0190,Delta Airlines,Travel,388.88,DE,in_store
T004054,2025-05-20 13:42:00,A0006,Amazon,Retail,39.11,US,mobile
T001285,2025-05-04 18:31:00,A0135,Target,Retail,110.99,US,online
T002598,2025-04-26 10:43:00,A0061,Uber,Travel,333.64,US,mobile
T004469,2025-03-21 12:58:00,A0123,Uber,Travel,154.07,US,atm
T004448,2025-05-14 10:12:00,A0170,Shell,Fuel,132.84,US,online
T000305,2025-05-16 10:40:00,A0013,Shell,Fuel,25.73,US,atm
T002731,2025-05-24 07:21:00,A0031,Shell,Fuel,399.9,MX,in_store
T001383,2025-02-18 07:40:00,A0170,Netflix,Subscription,11.57,US,online
T000915,2025-03-17 11:10:00,A0091,Amazon,Retail,279.55,US,atm
T000545,2025-04-25 09:55:00,A0126,Target,Retail,236.82,US,atm
T003735,2025-02-28 08:36:00,A0011,BestBuy,Electronics,178.81,US,mobile
T000396,2025-05-11 18:33:00,A0057,Costco,Retail,234.3,US,in_store
T001995,2025-02-08 17:21:00,A0190,Walmart,Retail,76.76,US,atm
T001283,2025-01-21 19:30:00,A0054,Marriott,Travel,247.88,US,mobile
T000050,2025-03-29 10:43:00,A0184,Marriott,Travel,341.9,US,mobile
T003996,2025-04-10 20:16:00,A0033,Costco,Retail,85.4,CA,in_store
T000827,2025-05-26 16:14:00,A0156,Delta Airlines,Travel,96.71,US,online
T005064,2025-05-21 05:00:00,A0008,Apple,Electronics,728.47,US,online
T002897,2025-03-27 21:49:00,A0139,Netflix,Subscription,47.32,US,atm
T001906,2025-05-12 18:05:00,A0098,Netflix,Subscription,371.34,MX,atm
T000035,2025-04-29 10:55:00,A0072,Walmart,Retail,180.04,US,online
T002395,2025-02-23 21:30:00,A0182,Marriott,Travel,18.37,US,mobile
T002454,2025-02-21 20:40:00,A0114,Starbucks,Food,86.68,US,in_store
T003640,2025-05-13 13:03:00,A0100,Netflix,Subscription,371.61,US,mobile
T003420,2025-02-21 16:26:00,A0122,BestBuy,Electronics,38.1,US,mobile
T000400,2025-05-02 08:28:00,A0090,BestBuy,Electronics,280.22,US,online
T002237,2025-05-26 18:47:00,A0052,Uber,Travel,334.01,US,in_store
T002933,2025-02-15 19:00:00,A0172,BestBuy,Electronics,60.88,US,atm
T003422,2025-04-26 07:47:00,A0106,Target,Retail,202.58,US,mobile
T003667,2025-05-24 14:25:00,A0068,Costco,Retail,382.16,US,mobile
T000260,2025-03-08 18:28:00,A0068,Shell,Fuel,398.56,US,mobile
T002231,2025-01-21 16:56:00,A0180,Netflix,Subscription,206.11,US,mobile
T004864,2025-03-07 16:46:00,A0121,Costco,Retail,115.62,US,mobile
T001988,2025-04-03 12:12:00,A0118,Marriott,Travel,388.72,US,atm
T003855,2025-03-02 16:38:00,A0152,Costco,Retail,315.99,US,mobile
T001993,2025-02-10 19:32:00,A0137,Walmart,Retail,231.7,US,in_store
T000721,2025-05-21 11:15:00,A0048,Uber,Travel,191.18,US,atm
T003754,2025-02-23 14:32:00,A0116,Walmart,Retail,144.33,US,atm
T000186,2025-04-27 13:26:00,A0087,BestBuy,Electronics,42.56,US,atm
T003880,2025-02-01 20:49:00,A0037,Shell,Fuel,106.84,MX,atm
T001326,2025-03-11 09:28:00,A0174,Netflix,Subscription,75.29,US,online
T004460,2025-01-04 10:19:00,A0166,Starbucks,Food,137.84,US,online
T001595,2025-04-11 08:31:00,A0054,Amazon,Retail,168.43,US,online
T001729,2025-03-11 11:37:00,A0009,Apple,Electronics,123.66,US,online
T002094,2025-04-01 09:45:00,A0080,Apple,Electronics,352.23,US,online
T003259,2025-03-08 18:48:00,A0103,Marriott,Travel,344.81,US,online
T004445,2025-01-15 10:35:00,A0037,Marriott,Travel,259.17,US,in_store
T002249,2025-01-17 13:43:00,A0056,Apple,Electronics,16.81,US,mobile
T002728,2025-05-16 11:31:00,A0093,Uber,Travel,83.8,US,in_store
T004217,2025-05-01 16:25:00,A0003,Costco,Retail,266.28,US,online
T004401,2025-04-08 19:20:00,A0090,Delta Airlines,Travel,359.67,US,online
T003220,2025-01-25 18:05:00,A0042,Costco,Retail,239.81,US,atm
T000703,2025-01-18 21:05:00,A0189,Costco,Retail,117.38,US,atm
T000600,2025-01-31 14:47:00,A0081,Marriott,Travel,12.02,US,mobile
T002800,2025-03-08 19:25:00,A0095,Apple,Electronics,314.4,US,in_store
T003330,2025-04-25 16:59:00,A0132,Uber,Travel,387.42,US,mobile
T003011,2025-01-24 21:03:00,A0102,Costco,Retail,390.57,US,in_store
T003535,2025-03-19 16:08:00,A0006,Starbucks,Food,332.23,US,mobile
T003239,2025-04-20 07:36:00,A0063,Amazon,Retail,277.58,US,online
T001919,2025-02-09 16:37:00,A0008,Starbucks,Food,251.58,US,mobile
T000047,2025-03-14 09:28:00,A0095,Costco,Retail,282.9,US,online
T001281,2025-05-31 10:54:00,A0196,Costco,Retail,121.2,US,atm
T001238,2025-04-24 17:07:00,A0172,Netflix,Subscription,388.96,US,atm
T005072,2025-05-21 05:08:00,A0008,Marriott,Travel,780.26,US,online
T003544,2025-03-02 12:19:00,A0023,Marriott,Travel,395.88,US,online
T004636,2025-01-22 07:16:00,A0099,Target,Retail,372.62,US,online
T004305,2025-03-03 16:34:00,A0124,Apple,Electronics,74.02,US,online
T001971,2025-03-18 21:39:00,A0176,Shell,Fuel,230.55,US,atm
T004730,2025-02-06 21:52:00,A0175,Marriott,Travel,113.49,US,atm
T004934,2025-01-15 10:52:00,A0077,BestBuy,Electronics,148.14,US,in_store
T000661,2025-02-24 21:02:00,A0197,Costco,Retail,107.94,US,mobile
T001286,2025-02-26 21:12:00,A0054,Target,Retail,345.95,US,in_store
T000342,2025-04-17 13:09:00,A0179,Uber,Travel,153.7,CA,mobile
T001206,2025-04-15 08:07:00,A0031,Netflix,Subscription,230.85,US,in_store
T001133,2025-03-31 08:13:00,A0032,Uber,Travel,76.36,US,atm
T004272,2025-03-27 08:51:00,A0154,Delta Airlines,Travel,261.17,US,atm
T001610,2025-03-22 08:00:00,A0200,Netflix,Subscription,276.88,US,atm
T004832,2025-01-06 15:28:00,A0143,Amazon,Retail,372.73,US,mobile
T000058,2025-02-10 19:44:00,A0069,Walmart,Retail,156.1,US,mobile
T003208,2025-01-22 20:50:00,A0108,Walmart,Retail,276.91,US,in_store
T004364,2025-05-15 21:10:00,A0041,BestBuy,Electronics,216.93,US,online
T002118,2025-04-10 20:14:00,A0046,Netflix,Subscription,367.45,US,online
T003009,2025-05-02 18:44:00,A0094,Shell,Fuel,313.83,US,in_store
T003080,2025-05-05 14:56:00,A0166,Uber,Travel,30.44,US,in_store
T003998,2025-05-19 16:25:00,A0177,Target,Retail,290.89,US,online
T004588,2025-04-25 14:56:00,A0153,Walmart,Retail,125.9,US,in_store
T001541,2025-04-15 21:47:00,A0085,Costco,Retail,44.9,MX,in_store
T004075,2025-04-13 09:37:00,A0118,Starbucks,Food,77.71,US,mobile
T002684,2025-05-29 15:58:00,A0036,Costco,Retail,101.0,US,online
T000197,2025-02-09 09:48:00,A0014,Delta Airlines,Travel,24.66,US,atm
T003204,2025-04-23 20:33:00,A0077,BestBuy,Electronics,298.62,GB,atm
T003974,2025-02-23 21:33:00,A0088,Starbucks,Food,21.29,US,atm
T004607,2025-01-09 09:22:00,A0005,Costco,Retail,334.78,US,mobile
T004426,2025-03-02 17:35:00,A0149,Delta Airlines,Travel,172.57,US,in_store
T000673,2025-03-13 10:09:00,A0132,Starbucks,Food,67.16,US,online
T003372,2025-04-01 17:45:00,A0040,Delta Airlines,Travel,391.22,US,atm
T004737,2025-01-25 14:26:00,A0085,Uber,Travel,61.37,US,in_store
T002814,2025-02-02 08:42:00,A0080,Costco,Retail,279.41,US,atm
T003956,2025-02-25 09:47:00,A0187,Shell,Fuel,37.72,US,mobile
T002202,2025-02-02 12:36:00,A0177,Target,Retail,29.93,US,atm
T003509,2025-02-13 11:35:00,A0011,Shell,Fuel,180.89,US,atm
T005091,2025-03-11 15:02:00,A0061,Starbucks,Food,117.83,US,online
T000960,2025-04-05 15:10:00,A0044,Target,Retail,101.24,US,online
T004418,2025-01-25 11:46:00,A0163,Target,Retail,269.43,US,in_store
T004276,2025-03-14 10:40:00,A0078,Delta Airlines,Travel,106.98,US,mobile
T002101,2025-02-15 15:09:00,A0113,Target,Retail,16.98,US,online
T000657,2025-02-04 17:46:00,A0093,Netflix,Subscription,351.76,US,mobile
T004816,2025-04-18 12:32:00,A0107,Delta Airlines,Travel,133.0,DE,atm
T002774,2025-02-11 20:55:00,A0092,Shell,Fuel,287.32,US,in_store
T000543,2025-01-13 21:23:00,A0117,BestBuy,Electronics,83.65,US,mobile
T001019,2025-04-24 18:26:00,A0187,Target,Retail,119.01,GB,mobile
T005070,2025-05-21 05:06:00,A0008,Shell,Fuel,837.4,US,online
T000549,2025-02-03 17:11:00,A0122,Delta Airlines,Travel,321.34,US,atm
T003684,2025-05-07 14:29:00,A0033,Target,Retail,91.25,US,mobile
T000899,2025-02-22 17:56:00,A0051,Netflix,Subscription,123.4,US,atm
T002415,2025-02-03 21:47:00,A0026,BestBuy,Electronics,106.99,US,atm
T000782,2025-01-28 19:40:00,A0192,Delta Airlines,Travel,146.4,US,mobile
T004000,2025-02-04 07:35:00,A0112,Netflix,Subscription,367.3,US,online
T002750,2025-03-08 08:54:00,A0162,Costco,Retail,377.77,US,in_store
T000323,2025-04-25 15:45:00,A0135,Netflix,Subscription,35.85,US,online
T001174,2025-02-10 09:52:00,A0092,Costco,Retail,17.63,US,atm
T003981,2025-03-20 13:40:00,A0006,Starbucks,Food,129.39,US,in_store
T002187,2025-04-21 08:43:00,A0159,BestBuy,Electronics,181.14,MX,online
T004152,2025-02-20 07:16:00,A0096,Uber,Travel,130.53,US,in_store
T003741,2025-04-03 18:35:00,A0008,Apple,Electronics,287.99,CA,atm
T001810,2025-05-12 18:01:00,A0109,Uber,Travel,113.25,US,online
T001901,2025-04-17 07:28:00,A0092,Netflix,Subscription,122.58,US,online
T000812,2025-04-10 17:17:00,A0018,Marriott,Travel,341.57,US,atm
T003152,2025-02-09 08:43:00,A0058,Costco,Retail,340.41,GB,in_store
T000146,2025-01-21 20:21:00,A0167,Marriott,Travel,344.44,US,atm
T001753,2025-01-09 17:46:00,A0150,Starbucks,Food,155.53,US,online
T002077,2025-05-22 16:12:00,A0143,Apple,Electronics,78.49,US,mobile
T003109,2025-02-06 08:24:00,A0039,Starbucks,Food,153.87,US,atm
T004525,2025-05-04 15:58:00,A0015,Netflix,Subscription,120.48,US,in_store
T004079,2025-03-24 12:39:00,A0035,Target,Retail,194.71,US,mobile
T002240,2025-05-08 18:24:00,A0053,BestBuy,Electronics,134.31,US,in_store
T001148,2025-05-03 11:09:00,A0021,Starbucks,Food,275.3,US,in_store
T000783,2025-02-12 19:11:00,A0027,Costco,Retail,163.62,US,in_store
T001403,2025-04-11 11:52:00,A0125,Marriott,Travel,365.39,US,online
T003067,2025-03-04 07:02:00,A0010,Uber,Travel,114.86,US,atm
T003758,2025-01-21 09:15:00,A0103,Delta Airlines,Travel,162.66,US,in_store
T001201,2025-04-19 21:08:00,A0016,Target,Retail,89.84,US,atm
T002992,2025-05-23 11:20:00,A0024,Starbucks,Food,87.6,US,atm
T002310,2025-03-16 17:15:00,A0031,Shell,Fuel,241.26,US,atm
T004685,2025-05-24 11:50:00,A0050,Uber,Travel,387.34,MX,online
T003383,2025-04-30 20:32:00,A0091,Amazon,Retail,10.82,US,atm
T001000,2025-03-30 13:28:00,A0122,BestBuy,Electronics,259.65,US,in_store
T002583,2025-05-14 10:55:00,A0162,Delta Airlines,Travel,380.02,US,mobile
T005094,2025-04-15 21:00:00,A0113,Delta Airlines,Travel,221.03,US,online
T003542,2025-04-28 18:58:00,A0024,Amazon,Retail,215.89,US,atm
T002259,2025-05-19 20:43:00,A0116,Starbucks,Food,356.45,US,in_store
T003358,2025-01-23 19:07:00,A0073,Walmart,Retail,269.88,US,mobile
T005044,2025-04-17 03:04:00,A0030,Shell,Fuel,799.38,US,online
T002431,2025-01-10 20:06:00,A0076,Amazon,Retail,375.92,US,in_store
T005065,2025-05-21 05:01:00,A0008,Delta Airlines,Travel,538.15,US,online
T005106,2025-04-08 02:00:00,A0188,Apple,Electronics,601.51,CN,online
T003634,2025-02-05 21:40:00,A0137,Shell,Fuel,36.57,CA,online
T004940,2025-03-02 21:09:00,A0035,Netflix,Subscription,124.48,US,online
T000251,2025-04-19 08:27:00,A0022,Delta Airlines,Travel,398.06,US,atm
T000969,2025-04-22 11:21:00,A0054,Delta Airlines,Travel,323.04,GB,mobile
T002893,2025-04-08 21:51:00,A0059,Marriott,Travel,387.77,US,mobile
T003393,2025-01-17 10:01:00,A0129,Amazon,Retail,124.06,US,mobile
T004667,2025-05-30 16:11:00,A0080,Apple,Electronics,252.47,US,in_store
T003543,2025-04-14 16:18:00,A0044,Starbucks,Food,16.93,US,in_store
T002079,2025-04-21 12:23:00,A0068,Shell,Fuel,131.46,US,online
T001973,2025-05-13 14:41:00,A0084,Delta Airlines,Travel,316.56,MX,atm
T003093,2025-04-27 18:10:00,A0024,Starbucks,Food,266.46,US,atm
T001143,2025-02-03 12:42:00,A0176,Walmart,Retail,333.66,US,in_store
T000272,2025-02-13 16:37:00,A0129,Starbucks,Food,72.62,US,atm
T001049,2025-05-31 09:28:00,A0094,Marriott,Travel,383.31,US,atm
T001920,2025-01-06 19:18:00,A0107,Costco,Retail,298.9,US,mobile
T001878,2025-02-05 09:42:00,A0146,Netflix,Subscription,316.48,US,online
T002595,2025-02-25 14:04:00,A0049,Marriott,Travel,220.35,US,atm
T000181,2025-01-12 18:50:00,A0158,Marriott,Travel,210.97,US,online
T001357,2025-03-27 09:45:00,A0019,Target,Retail,82.31,US,online
T003355,2025-03-20 18:26:00,A0014,BestBuy,Electronics,302.79,US,in_store
T003715,2025-01-26 09:16:00,A0091,Target,Retail,175.23,US,online
T002169,2025-05-27 07:19:00,A0189,Apple,Electronics,83.86,US,mobile
T004746,2025-04-22 20:11:00,A0130,Target,Retail,180.9,US,in_store
T001398,2025-04-12 07:34:00,A0028,Target,Retail,129.79,US,in_store
T004068,2025-03-04 07:55:00,A0173,Delta Airlines,Travel,175.9,US,mobile
T002925,2025-05-27 18:49:00,A0170,Starbucks,Food,91.44,US,atm
T000666,2025-01-11 10:48:00,A0092,Target,Retail,96.54,US,atm
T004111,2025-03-22 11:40:00,A0037,Netflix,Subscription,268.45,US,online
T000755,2025-04-29 18:50:00,A0096,Amazon,Retail,135.45,CA,in_store
T004134,2025-02-28 17:51:00,A0113,Walmart,Retail,379.32,GB,in_store
T000105,2025-01-05 08:18:00,A0115,Shell,Fuel,164.74,US,atm
T001108,2025-02-04 07:25:00,A0165,Shell,Fuel,253.18,US,online
T004287,2025-04-24 12:12:00,A0153,Uber,Travel,39.87,US,mobile
T004146,2025-05-11 08:53:00,A0042,Apple,Electronics,60.8,US,online
T004932,2025-02-08 07:51:00,A0082,Shell,Fuel,20.94,US,in_store
T001643,2025-02-22 09:50:00,A0127,Shell,Fuel,142.32,US,atm
T000056,2025-02-09 21:59:00,A0159,Shell,Fuel,346.52,US,mobile
T001247,2025-05-24 21:29:00,A0175,Amazon,Retail,375.47,US,online
T002918,2025-04-23 14:16:00,A0184,Amazon,Retail,312.43,US,mobile
T000224,2025-05-05 10:14:00,A0088,Starbucks,Food,66.2,US,online
T000529,2025-01-21 17:27:00,A0109,Shell,Fuel,398.92,US,in_store
T002664,2025-01-02 17:19:00,A0166,Delta Airlines,Travel,41.58,US,online
T002475,2025-01-24 12:59:00,A0054,Shell,Fuel,246.65,US,atm
T002617,2025-01-22 11:22:00,A0166,Target,Retail,252.3,US,mobile
T000421,2025-03-02 10:51:00,A0031,BestBuy,Electronics,237.23,US,mobile
T003762,2025-04-10 18:48:00,A0103,Delta Airlines,Travel,19.48,US,online
T003594,2025-03-28 20:14:00,A0060,Amazon,Retail,230.24,US,mobile
T002898,2025-01-08 17:38:00,A0188,Walmart,Retail,356.35,US,online
T004234,2025-01-24 17:40:00,A0084,Delta Airlines,Travel,27.04,US,mobile
T000779,2025-01-15 20:39:00,A0182,Uber,Travel,213.96,GB,online
T004222,2025-05-01 10:59:00,A0160,Apple,Electronics,183.86,US,in_store
T000678,2025-05-25 17:01:00,A0154,BestBuy,Electronics,292.55,US,online
T004266,2025-02-01 11:02:00,A0115,Starbucks,Food,135.52,US,in_store
T000607,2025-03-07 16:12:00,A0028,Shell,Fuel,52.69,US,in_store
T000961,2025-01-26 19:54:00,A0035,Marriott,Travel,246.91,MX,in_store
T001604,2025-03-13 13:06:00,A0051,Delta Airlines,Travel,318.3,US,atm
T001876,2025-04-20 19:17:00,A0108,Delta Airlines,Travel,163.3,US,in_store
T000317,2025-03-10 12:19:00,A0193,Delta Airlines,Travel,290.54,US,atm
T001534,2025-04-30 14:20:00,A0178,Marriott,Travel,258.55,US,in_store
T000555,2025-04-14 17:20:00,A0015,Marriott,Travel,60.27,US,mobile
T004541,2025-03-18 17:36:00,A0046,Target,Retail,292.41,US,mobile
T002857,2025-01-19 12:01:00,A0158,Netflix,Subscription,322.13,US,in_store
T000556,2025-03-08 21:26:00,A0076,Apple,Electronics,158.37,US,in_store
T002986,2025-02-16 13:07:00,A0069,Uber,Travel,25.79,US,atm
T001230,2025-05-04 11:38:00,A0016,Uber,Travel,336.6,US,atm
T001098,2025-05-17 12:44:00,A0126,Walmart,Retail,130.01,US,mobile
T002896,2025-04-12 09:13:00,A0094,Delta Airlines,Travel,77.2,US,online
T001564,2025-03-08 09:53:00,A0172,Amazon,Retail,41.51,US,atm
T001576,2025-03-14 18:39:00,A0163,Walmart,Retail,398.17,US,online
T001109,2025-02-10 10:33:00,A0029,BestBuy,Electronics,388.02,US,in_store
T003774,2025-04-13 15:28:00,A0051,Walmart,Retail,133.1,CA,mobile
T004013,2025-01-24 08:23:00,A0112,Costco,Retail,371.5,US,mobile
T002772,2025-05-28 08:27:00,A0155,Amazon,Retail,251.18,US,online
T002902,2025-03-22 20:58:00,A0060,Uber,Travel,280.96,US,in_store
T002640,2025-03-02 11:50:00,A0149,Amazon,Retail,38.97,US,in_store
T000777,2025-01-19 07:59:00,A0057,Shell,Fuel,264.02,US,mobile
T001305,2025-05-26 14:40:00,A0085,Uber,Travel,41.83,US,in_store
T000542,2025-02-19 21:53:00,A0045,Shell,Fuel,335.61,US,online
T000172,2025-04-03 08:43:00,A0061,Netflix,Subscription,220.06,US,atm
T004172,2025-03-09 19:41:00,A0160,Uber,Travel,147.91,US,mobile
T004344,2025-05-12 21:59:00,A0085,Marriott,Travel,14.11,US,mobile
T000502,2025-01-16 07:09:00,A0083,Delta Airlines,Travel,283.36,US,online
T004484,2025-02-25 20:07:00,A0186,Costco,Retail,41.63,US,mobile
T003381,2025-01-11 14:56:00,A0059,Apple,Electronics,226.06,US,online
T001607,2025-01-17 14:10:00,A0162,Amazon,Retail,383.45,US,mobile
T004823,2025-05-20 11:09:00,A0040,Apple,Electronics,211.37,US,in_store
T005053,2025-03-28 22:01:00,A0167,Marriott,Travel,899.99,US,online
T002953,2025-02-19 07:57:00,A0096,Starbucks,Food,203.82,US,atm
T003260,2025-02-14 09:32:00,A0146,Costco,Retail,306.59,US,mobile
T000249,2025-04-05 13:56:00,A0032,Apple,Electronics,298.61,US,atm
T004467,2025-04-05 15:14:00,A0051,Costco,Retail,331.88,US,online
T004951,2025-04-24 09:14:00,A0025,Apple,Electronics,353.0,US,mobile
T002781,2025-03-08 16:34:00,A0180,Delta Airlines,Travel,302.44,US,online
T004295,2025-05-30 19:42:00,A0079,Netflix,Subscription,330.67,US,online
T001900,2025-03-17 19:52:00,A0173,Amazon,Retail,219.39,US,atm
T002979,2025-03-27 10:23:00,A0185,Shell,Fuel,177.45,US,mobile
T003007,2025-02-07 09:09:00,A0061,Marriott,Travel,278.82,US,in_store
T004490,2025-01-07 19:13:00,A0069,Delta Airlines,Travel,9.11,US,atm
T000293,2025-05-02 11:41:00,A0153,Delta Airlines,Travel,233.17,CA,online
T001282,2025-01-14 17:50:00,A0064,Uber,Travel,349.78,US,mobile
T002984,2025-04-06 16:24:00,A0083,Apple,Electronics,124.32,US,in_store
T004167,2025-05-05 13:30:00,A0166,Starbucks,Food,23.24,US,atm
T004788,2025-05-30 10:45:00,A0009,Netflix,Subscription,129.02,US,mobile
T003835,2025-02-28 17:11:00,A0050,Netflix,Subscription,76.71,US,online
T001208,2025-05-31 13:03:00,A0037,Uber,Travel,356.18,US,in_store
T002503,2025-03-16 19:18:00,A0130,Uber,Travel,67.91,US,in_store
T001893,2025-03-23 09:36:00,A0042,Costco,Retail,156.68,US,online
T002584,2025-02-06 07:46:00,A0161,Netflix,Subscription,92.1,US,atm
T004762,2025-05-27 16:48:00,A0188,Marriott,Travel,194.27,US,in_store
T000526,2025-03-02 14:19:00,A0147,Walmart,Retail,160.95,US,online
T004931,2025-03-18 20:58:00,A0024,Netflix,Subscription,199.11,US,atm
T003443,2025-02-02 20:27:00,A0016,BestBuy,Electronics,170.81,US,atm
T001304,2025-02-22 13:04:00,A0098,Costco,Retail,157.64,US,online
T002102,2025-03-16 08:22:00,A0080,Marriott,Travel,76.26,US,in_store
T003040,2025-05-20 13:22:00,A0167,Shell,Fuel,337.06,US,atm
T004391,2025-01-11 09:05:00,A0189,Netflix,Subscription,388.09,CA,in_store
T002880,2025-04-23 07:52:00,A0059,Delta Airlines,Travel,58.78,US,online
T004645,2025-02-24 08:01:00,A0135,Shell,Fuel,46.3,US,mobile
T004900,2025-03-04 12:57:00,A0123,Apple,Electronics,73.53,US,in_store
T002260,2025-03-29 15:40:00,A0154,BestBuy,Electronics,67.97,US,in_store
T005102,2025-02-15 04:00:00,A0112,Shell,Fuel,850.31,RU,online
T003525,2025-05-13 11:21:00,A0199,Amazon,Retail,280.51,US,mobile
T001686,2025-03-12 13:24:00,A0095,BestBuy,Electronics,320.94,US,mobile
T003747,2025-03-02 09:29:00,A0040,BestBuy,Electronics,62.04,US,mobile
T004223,2025-05-03 17:14:00,A0031,BestBuy,Electronics,121.03,US,in_store
T004099,2025-04-08 17:27:00,A0072,Costco,Retail,390.2,US,mobile
T004302,2025-04-14 12:38:00,A0095,Delta Airlines,Travel,153.1,US,online
T004639,2025-01-17 07:14:00,A0075,Uber,Travel,36.0,US,in_store
T000029,2025-02-26 07:04:00,A0151,BestBuy,Electronics,254.29,US,online
T002849,2025-01-20 12:01:00,A0113,BestBuy,Electronics,23.2,US,mobile
T002639,2025-05-04 16:30:00,A0029,Starbucks,Food,23.52,US,atm
T002686,2025-02-18 09:02:00,A0141,Amazon,Retail,109.8,US,mobile
T000241,2025-01-22 15:23:00,A0048,Walmart,Retail,381.59,US,online
T004590,2025-01-12 08:58:00,A0028,Uber,Travel,307.29,US,online
T004988,2025-03-22 11:21:00,A0162,Delta Airlines,Travel,144.9,US,mobile
T004004,2025-01-13 10:33:00,A0139,BestBuy,Electronics,206.28,US,online
T003695,2025-05-28 20:34:00,A0192,BestBuy,Electronics,114.73,US,online
T003413,2025-03-06 09:00:00,A0110,Target,Retail,262.82,US,in_store
T001874,2025-04-13 14:53:00,A0188,Shell,Fuel,104.77,US,atm
T003370,2025-01-28 19:44:00,A0062,Target,Retail,300.28,US,mobile
T001871,2025-01-27 17:22:00,A0083,Amazon,Retail,67.71,US,atm
T003118,2025-05-26 09:01:00,A0092,Apple,Electronics,36.82,US,atm
T002435,2025-01-30 08:16:00,A0093,Netflix,Subscription,130.73,US,in_store
T002438,2025-03-18 08:57:00,A0142,Apple,Electronics,302.16,US,atm
T000259,2025-01-07 18:11:00,A0030,Target,Retail,209.51,US,online
T002183,2025-01-20 10:11:00,A0180,Netflix,Subscription,303.73,US,in_store
T003913,2025-01-08 20:54:00,A0171,Netflix,Subscription,81.72,MX,mobile
T002863,2025-04-27 11:45:00,A0125,Walmart,Retail,270.03,US,mobile
T002466,2025-03-29 07:30:00,A0146,Shell,Fuel,79.01,GB,atm
T003613,2025-01-01 12:22:00,A0131,Costco,Retail,298.09,GB,online
T002801,2025-04-18 12:44:00,A0198,Uber,Travel,26.41,US,atm
T003061,2025-02-27 07:37:00,A0038,Netflix,Subscription,202.7,US,mobile
T004120,2025-03-30 08:44:00,A0047,Amazon,Retail,211.81,US,in_store
T002626,2025-03-26 17:29:00,A0098,Delta Airlines,Travel,20.13,US,online
T000876,2025-01-12 17:54:00,A0080,Delta Airlines,Travel,349.39,US,mobile
T004148,2025-01-26 16:35:00,A0041,Shell,Fuel,161.84,US,atm
T002748,2025-02-24 14:03:00,A0007,Costco,Retail,186.99,US,in_store
T003423,2025-03-28 12:16:00,A0182,Starbucks,Food,177.35,US,online
T004767,2025-03-04 07:45:00,A0102,Delta Airlines,Travel,8.38,US,mobile
T002190,2025-05-08 11:48:00,A0095,Target,Retail,128.82,MX,in_store
T002900,2025-03-26 19:18:00,A0037,BestBuy,Electronics,377.26,US,mobile
T001101,2025-03-03 11:35:00,A0177,Apple,Electronics,127.16,US,atm
T003290,2025-03-13 18:26:00,A0182,Walmart,Retail,399.52,US,in_store
T003791,2025-03-15 21:06:00,A0166,Shell,Fuel,316.16,US,atm
T000909,2025-03-02 18:32:00,A0188,Uber,Travel,167.28,US,atm
T001172,2025-02-14 10:10:00,A0034,Delta Airlines,Travel,199.41,US,mobile
T004784,2025-02-05 21:52:00,A0196,Marriott,Travel,321.46,US,in_store
T001986,2025-01-06 09:49:00,A0177,Walmart,Retail,348.94,US,atm
T004769,2025-03-22 14:43:00,A0071,Marriott,Travel,265.48,US,atm
T002848,2025-01-01 12:52:00,A0047,Uber,Travel,377.67,MX,mobile
T000140,2025-04-25 15:30:00,A0039,Netflix,Subscription,136.31,GB,mobile
T004354,2025-04-25 21:56:00,A0171,Walmart,Retail,302.7,US,online
T000636,2025-01-12 11:57:00,A0125,Marriott,Travel,81.04,US,online
T003574,2025-05-20 09:07:00,A0131,Netflix,Subscription,350.34,US,mobile
T000568,2025-04-09 07:02:00,A0123,Costco,Retail,83.77,US,online
T003789,2025-01-30 13:04:00,A0069,Target,Retail,6.16,US,in_store
T002711,2025-01-07 11:04:00,A0055,BestBuy,Electronics,312.52,US,in_store
T002055,2025-05-07 10:37:00,A0150,Apple,Electronics,267.92,US,mobile
T003927,2025-04-21 16:40:00,A0108,Amazon,Retail,277.34,US,in_store
T002076,2025-03-17 10:01:00,A0004,Delta Airlines,Travel,195.89,US,mobile
T004190,2025-01-17 07:58:00,A0072,Uber,Travel,24.7,MX,in_store
T004389,2025-05-27 08:06:00,A0160,Delta Airlines,Travel,277.9,US,atm
T000338,2025-05-09 11:14:00,A0036,BestBuy,Electronics,232.56,US,atm
T004488,2025-03-31 13:21:00,A0075,Target,Retail,64.19,US,mobile
T001957,2025-03-04 10:44:00,A0177,BestBuy,Electronics,185.15,US,atm
T004169,2025-04-27 08:27:00,A0003,Shell,Fuel,111.25,US,online
T004877,2025-04-15 15:51:00,A0093,Apple,Electronics,58.76,US,in_store
T002082,2025-03-31 18:44:00,A0185,Marriott,Travel,390.71,US,mobile
T001493,2025-03-13 09:16:00,A0188,Amazon,Retail,217.27,MX,online
T004328,2025-04-23 15:05:00,A0116,Marriott,Travel,286.32,US,mobile
T000922,2025-02-09 20:31:00,A0153,Apple,Electronics,309.3,US,mobile
T001659,2025-01-11 16:33:00,A0049,BestBuy,Electronics,140.59,US,online
T002354,2025-03-19 13:15:00,A0167,Starbucks,Food,11.47,US,mobile
T000547,2025-02-11 20:36:00,A0013,Shell,Fuel,343.56,US,in_store
T004296,2025-05-09 16:37:00,A0154,BestBuy,Electronics,162.65,US,online
T004649,2025-02-28 10:38:00,A0001,Walmart,Retail,284.67,US,atm
T002691,2025-05-27 12:07:00,A0147,Target,Retail,31.23,US,in_store
T000714,2025-03-05 20:39:00,A0052,Netflix,Subscription,66.62,US,online
T001513,2025-04-05 21:16:00,A0128,BestBuy,Electronics,320.48,US,in_store
T003729,2025-04-01 19:49:00,A0053,Apple,Electronics,301.96,US,atm
T003936,2025-02-24 11:32:00,A0045,Amazon,Retail,307.88,US,online
T002822,2025-04-10 10:52:00,A0018,Amazon,Retail,105.7,US,in_store
T001221,2025-01-23 09:19:00,A0066,Apple,Electronics,273.05,US,atm
T001145,2025-04-19 19:23:00,A0024,Delta Airlines,Travel,78.61,US,mobile
T000940,2025-05-27 18:16:00,A0019,Target,Retail,12.41,US,in_store
T002285,2025-05-08 12:50:00,A0113,BestBuy,Electronics,174.84,US,atm
T002682,2025-01-18 09:03:00,A0113,Netflix,Subscription,102.36,US,mobile
T003058,2025-03-20 16:07:00,A0019,Apple,Electronics,229.91,US,in_store
T000959,2025-02-14 12:04:00,A0152,Walmart,Retail,113.19,CA,mobile
T000112,2025-01-04 16:18:00,A0027,Target,Retail,194.09,US,in_store
T002399,2025-02-12 11:26:00,A0002,Walmart,Retail,197.32,US,in_store
T003258,2025-01-06 16:26:00,A0055,Delta Airlines,Travel,319.93,US,mobile
T001250,2025-04-18 15:28:00,A0072,Netflix,Subscription,7.04,US,atm
T003114,2025-05-10 17:22:00,A0197,Walmart,Retail,246.77,US,in_store
T000644,2025-03-19 16:05:00,A0075,Uber,Travel,307.28,US,mobile
T001058,2025-04-19 18:31:00,A0060,Uber,Travel,307.1,DE,atm
T004797,2025-02-24 18:21:00,A0105,Apple,Electronics,7.61,US,mobile
T000841,2025-02-01 08:07:00,A0184,BestBuy,Electronics,182.51,US,online
T004626,2025-05-13 20:40:00,A0027,Starbucks,Food,310.02,US,online
T003611,2025-02-12 20:34:00,A0169,Delta Airlines,Travel,142.11,US,atm
T004517,2025-05-23 15:00:00,A0139,Target,Retail,6.77,US,online
T002409,2025-03-09 07:33:00,A0102,Shell,Fuel,21.01,US,in_store
T002621,2025-05-17 14:24:00,A0127,Costco,Retail,64.22,US,mobile
T005066,2025-05-21 05:02:00,A0008,Apple,Electronics,242.28,US,online
T005101,2025-03-27 02:00:00,A0079,Amazon,Retail,979.32,RU,online
T004283,2025-03-03 11:53:00,A0167,Costco,Retail,286.58,US,atm
T003979,2025-03-08 15:28:00,A0106,Costco,Retail,120.93,US,in_store
T003605,2025-02-20 15:30:00,A0152,Shell,Fuel,87.94,US,in_store
T002502,2025-01-07 18:09:00,A0015,Netflix,Subscription,128.57,US,online
T000572,2025-02-04 12:57:00,A0112,Target,Retail,146.9,US,in_store
T000741,2025-05-02 14:55:00,A0084,Costco,Retail,374.27,US,mobile
T004044,2025-01-25 07:04:00,A0010,Apple,Electronics,284.99,US,mobile
T001959,2025-03-19 07:13:00,A0134,Shell,Fuel,101.36,GB,mobile
T004698,2025-05-17 09:56:00,A0036,Marriott,Travel,322.99,US,online
T001413,2025-01-23 19:29:00,A0199,Marriott,Travel,155.93,US,mobile
T003498,2025-03-14 10:45:00,A0101,Costco,Retail,286.73,US,online
T004831,2025-04-13 19:01:00,A0022,Walmart,Retail,232.84,US,atm
T000218,2025-04-06 21:18:00,A0094,Apple,Electronics,166.46,US,online
T004642,2025-01-30 14:55:00,A0081,Delta Airlines,Travel,269.06,US,atm
T000395,2025-04-13 19:21:00,A0145,Apple,Electronics,46.85,US,atm
T002694,2025-03-12 17:55:00,A0123,BestBuy,Electronics,207.0,US,in_store
T001517,2025-03-27 09:51:00,A0155,Marriott,Travel,369.03,US,mobile
T001256,2025-04-25 16:07:00,A0161,Walmart,Retail,389.94,US,mobile
T000993,2025-03-03 15:07:00,A0086,Marriott,Travel,194.0,CA,in_store
T000713,2025-02-21 10:47:00,A0128,Shell,Fuel,349.73,US,in_store
T004633,2025-03-02 14:04:00,A0119,Uber,Travel,149.96,US,online
T004497,2025-01-22 07:28:00,A0172,Shell,Fuel,395.4,US,in_store
T000083,2025-05-28 13:30:00,A0196,Amazon,Retail,377.38,US,mobile
T000639,2025-01-19 18:43:00,A0166,Starbucks,Food,14.38,US,atm
T003680,2025-03-10 18:21:00,A0085,Starbucks,Food,359.2,US,mobile
T001520,2025-01-23 10:23:00,A0180,Amazon,Retail,85.3,US,atm
T002821,2025-02-13 20:04:00,A0176,Target,Retail,144.68,US,online
T004395,2025-04-25 15:39:00,A0001,Amazon,Retail,333.32,US,online
T003642,2025-02-03 18:33:00,A0012,Marriott,Travel,39.65,US,mobile
T001103,2025-03-07 11:05:00,A0101,Shell,Fuel,122.48,US,mobile
T004682,2025-03-24 09:38:00,A0093,Marriott,Travel,26.63,US,in_store
T004793,2025-01-08 14:47:00,A0084,Apple,Electronics,45.83,US,in_store
T001271,2025-01-01 17:14:00,A0057,BestBuy,Electronics,95.96,US,in_store
T003656,2025-02-05 11:34:00,A0108,Apple,Electronics,17.04,US,atm
T003132,2025-04-10 09:36:00,A0011,Costco,Retail,366.65,US,mobile
T004300,2025-04-29 18:37:00,A0072,Apple,Electronics,162.96,US,mobile
T003401,2025-02-04 10:37:00,A0026,Netflix,Subscription,307.21,US,online
T002523,2025-02-28 18:43:00,A0104,Netflix,Subscription,139.27,US,in_store
T002009,2025-01-05 07:24:00,A0117,Apple,Electronics,163.12,US,atm
T003856,2025-04-01 20:14:00,A0025,Marriott,Travel,378.8,US,online
T001478,2025-01-31 07:37:00,A0162,Marriott,Travel,327.88,US,mobile
T001203,2025-05-08 17:27:00,A0150,Target,Retail,277.16,US,mobile
T000240,2025-02-06 11:27:00,A0184,Amazon,Retail,247.85,US,mobile
T002197,2025-02-18 14:38:00,A0059,BestBuy,Electronics,202.16,US,in_store
T004184,2025-04-17 11:30:00,A0054,Amazon,Retail,337.48,US,atm
T000080,2025-03-23 21:34:00,A0086,Walmart,Retail,59.66,US,mobile
T004076,2025-05-12 20:44:00,A0114,Costco,Retail,9.42,US,in_store
T002507,2025-03-08 21:15:00,A0001,Apple,Electronics,141.41,US,online
T004695,2025-03-03 13:32:00,A0156,Shell,Fuel,130.16,US,online
T002515,2025-02-15 15:30:00,A0165,Target,Retail,352.78,US,in_store
T003513,2025-02-05 13:35:00,A0195,Delta Airlines,Travel,21.38,US,mobile
T000330,2025-03-15 13:11:00,A0009,Starbucks,Food,307.5,GB,mobile
T003394,2025-01-20 20:00:00,A0154,Netflix,Subscription,343.97,US,in_store
T001259,2025-04-13 08:39:00,A0098,Apple,Electronics,97.08,US,online
T000458,2025-05-13 19:52:00,A0134,BestBuy,Electronics,107.4,US,in_store
T004053,2025-05-08 17:08:00,A0185,Uber,Travel,6.03,US,in_store
T003112,2025-05-13 14:32:00,A0129,Delta Airlines,Travel,234.14,US,online
T002403,2025-02-07 12:43:00,A0055,Marriott,Travel,343.82,MX,atm
T004306,2025-01-15 12:04:00,A0065,Shell,Fuel,350.89,US,mobile
T003919,2025-03-09 11:30:00,A0168,Costco,Retail,166.95,US,atm
T002590,2025-02-20 10:29:00,A0050,Shell,Fuel,40.23,US,atm
T002740,2025-05-09 07:51:00,A0066,Delta Airlines,Travel,122.56,US,mobile
T002615,2025-05-19 13:46:00,A0170,Delta Airlines,Travel,288.12,US,atm
T000952,2025-02-24 19:41:00,A0031,Marriott,Travel,211.63,US,in_store
T002251,2025-03-13 18:18:00,A0198,BestBuy,Electronics,194.27,US,online
T003959,2025-03-17 19:22:00,A0158,Shell,Fuel,272.68,US,online
T001419,2025-02-23 17:57:00,A0193,Walmart,Retail,76.36,US,in_store
T000131,2025-01-01 17:55:00,A0132,Costco,Retail,187.48,US,in_store
T003216,2025-01-17 11:14:00,A0151,Shell,Fuel,326.38,US,atm
T004825,2025-01-31 14:01:00,A0066,Amazon,Retail,139.93,US,online
T002631,2025-02-19 15:57:00,A0057,Delta Airlines,Travel,374.14,US,mobile
T004549,2025-02-28 14:26:00,A0124,Starbucks,Food,118.75,US,mobile
T002716,2025-01-02 10:44:00,A0176,BestBuy,Electronics,347.25,US,in_store
T003664,2025-04-28 08:36:00,A0082,BestBuy,Electronics,36.58,US,mobile
T002137,2025-01-10 16:34:00,A0196,Walmart,Retail,12.82,US,mobile
T001649,2025-01-12 20:01:00,A0029,Delta Airlines,Travel,273.62,US,in_store
T004081,2025-05-17 07:20:00,A0190,Amazon,Retail,370.09,US,atm
T003894,2025-02-17 13:04:00,A0170,Apple,Electronics,221.41,US,atm
T005050,2025-04-17 03:10:00,A0030,Marriott,Travel,769.33,US,online
T003639,2025-02-03 12:31:00,A0005,Costco,Retail,363.35,US,in_store
T004063,2025-03-09 18:14:00,A0013,Marriott,Travel,180.18,US,online
T001955,2025-01-26 12:32:00,A0103,Walmart,Retail,112.23,US,online
T001531,2025-05-09 11:45:00,A0147,Shell,Fuel,172.35,US,atm
T004142,2025-03-18 10:27:00,A0166,Delta Airlines,Travel,152.14,US,online
T001939,2025-05-11 17:41:00,A0184,Target,Retail,174.29,US,online
T000268,2025-05-22 17:37:00,A0033,Starbucks,Food,308.27,US,mobile
T002248,2025-01-06 18:36:00,A0070,Target,Retail,30.0,US,in_store
T001770,2025-01-02 16:37:00,A0039,Netflix,Subscription,271.19,US,mobile
T000732,2025-03-15 14:40:00,A0098,Starbucks,Food,347.96,US,atm
T001223,2025-03-24 11:24:00,A0106,Walmart,Retail,25.49,US,in_store
T003987,2025-04-29 15:54:00,A0127,BestBuy,Electronics,374.29,US,online
T004700,2025-02-17 12:11:00,A0043,Delta Airlines,Travel,168.72,US,atm
T002311,2025-05-08 12:15:00,A0047,Apple,Electronics,196.32,US,mobile
T003952,2025-01-15 17:01:00,A0001,Starbucks,Food,284.95,US,atm
T003685,2025-05-10 18:02:00,A0186,Apple,Electronics,163.71,US,mobile
T000273,2025-01-11 20:55:00,A0145,Amazon,Retail,37.08,US,atm
T000622,2025-05-24 13:15:00,A0191,Costco,Retail,314.8,US,atm
T001170,2025-03-17 18:45:00,A0034,Apple,Electronics,384.12,US,atm
T000933,2025-02-01 18:07:00,A0154,Walmart,Retail,343.29,US,mobile
T004015,2025-05-29 18:45:00,A0092,Costco,Retail,84.78,US,in_store
T000751,2025-03-16 08:40:00,A0035,Target,Retail,249.0,US,mobile
T004105,2025-04-15 19:51:00,A0041,Delta Airlines,Travel,226.54,US,atm
T003041,2025-01-30 16:05:00,A0052,Marriott,Travel,309.14,US,atm
T001909,2025-01-13 12:36:00,A0178,Target,Retail,90.01,US,atm
T002671,2025-01-14 15:55:00,A0101,Starbucks,Food,288.72,US,mobile
T003612,2025-02-19 11:02:00,A0099,Delta Airlines,Travel,326.51,US,atm
T001666,2025-01-09 14:59:00,A0057,Netflix,Subscription,103.25,US,mobile
T005001,2025-04-01 13:00:00,A0179,Apple,Electronics,10000,US,online
T000025,2025-05-17 19:08:00,A0195,Starbucks,Food,265.6,US,in_store
T002434,2025-03-14 12:11:00,A0007,BestBuy,Electronics,41.77,US,online
T000004,2025-04-25 16:17:00,A0057,Amazon,Retail,304.73,US,mobile
T001682,2025-02-01 11:25:00,A0015,Target,Retail,393.17,US,atm
T002426,2025-04-05 10:57:00,A0083,Amazon,Retail,19.37,US,online
T001348,2025-01-02 08:55:00,A0162,Target,Retail,32.64,US,online
T000093,2025-01-30 19:52:00,A0043,Starbucks,Food,386.06,US,online
T003787,2025-04-09 20:30:00,A0075,BestBuy,Electronics,105.57,US,online
T000740,2025-02-02 09:33:00,A0114,Starbucks,Food,16.29,US,atm
T003797,2025-04-26 14:07:00,A0097,Delta Airlines,Travel,299.77,US,mobile
T002658,2025-02-16 17:06:00,A0143,Uber,Travel,124.79,US,mobile
T000214,2025-04-05 20:18:00,A0015,Walmart,Retail,259.64,US,mobile
T002314,2025-05-21 16:52:00,A0117,Uber,Travel,206.89,US,in_store
T003209,2025-01-10 15:30:00,A0110,Costco,Retail,216.3,US,online
T000629,2025-03-19 14:50:00,A0199,Delta Airlines,Travel,222.31,US,atm
T003437,2025-03-13 19:28:00,A0145,Apple,Electronics,391.66,US,online
T000437,2025-01-24 18:06:00,A0168,Amazon,Retail,89.3,US,in_store
T000524,2025-01-25 08:42:00,A0039,Netflix,Subscription,324.23,US,in_store
T003588,2025-01-13 17:42:00,A0077,BestBuy,Electronics,189.23,US,in_store
T003340,2025-05-26 18:59:00,A0033,Marriott,Travel,173.75,US,online
T001320,2025-01-07 08:40:00,A0119,BestBuy,Electronics,271.87,US,mobile
T003934,2025-03-19 14:49:00,A0069,Target,Retail,344.57,US,atm
T003078,2025-01-08 07:35:00,A0139,Marriott,Travel,128.95,US,in_store
T000043,2025-05-30 16:33:00,A0108,Netflix,Subscription,374.21,US,atm
T000263,2025-02-10 18:45:00,A0077,BestBuy,Electronics,256.89,US,in_store
T003205,2025-04-29 08:22:00,A0029,Delta Airlines,Travel,123.61,US,mobile
T003676,2025-02-16 07:36:00,A0176,Walmart,Retail,104.29,US,online
T005089,2025-01-09 16:02:00,A0193,Costco,Retail,290.98,US,online
T001176,2025-04-01 19:02:00,A0088,Costco,Retail,110.66,US,online
T001775,2025-01-31 11:17:00,A0043,Target,Retail,178.37,US,atm
T001164,2025-05-29 16:46:00,A0189,Costco,Retail,399.62,US,mobile
T002108,2025-05-20 17:12:00,A0194,Uber,Travel,131.52,US,in_store
T002456,2025-04-29 09:03:00,A0111,Amazon,Retail,300.59,US,atm
T003272,2025-01-09 18:41:00,A0157,Netflix,Subscription,182.83,US,online
T002962,2025-04-11 14:48:00,A0107,Amazon,Retail,156.35,US,mobile
T002072,2025-02-07 18:21:00,A0068,Costco,Retail,144.75,US,mobile
T001314,2025-04-27 12:44:00,A0166,BestBuy,Electronics,317.98,US,in_store
T000913,2025-05-19 19:37:00,A0176,Uber,Travel,247.15,US,online
T003724,2025-01-13 15:39:00,A0188,BestBuy,Electronics,216.2,US,atm
T002214,2025-01-07 07:41:00,A0076,Marriott,Travel,306.14,US,atm
T003697,2025-03-14 16:44:00,A0004,Marriott,Travel,86.98,US,mobile
T001693,2025-05-04 13:30:00,A0166,Delta Airlines,Travel,265.29,US,atm
T002388,2025-05-12 08:31:00,A0165,Delta Airlines,Travel,93.4,US,online
T004878,2025-04-30 07:42:00,A0016,Apple,Electronics,137.44,US,online
T002872,2025-04-28 09:13:00,A0014,Starbucks,Food,114.99,US,in_store
T000537,2025-04-06 07:21:00,A0069,Uber,Travel,127.82,US,online
T003877,2025-01-22 19:01:00,A0149,Amazon,Retail,340.13,US,in_store
T003674,2025-02-12 14:30:00,A0067,Shell,Fuel,250.67,US,in_store
T003490,2025-04-24 07:08:00,A0044,Apple,Electronics,162.41,US,atm
T002651,2025-03-28 18:57:00,A0131,Marriott,Travel,115.45,US,atm
T000179,2025-01-14 09:47:00,A0068,Apple,Electronics,212.8,MX,online
T005088,2025-01-09 16:00:00,A0193,Costco,Retail,290.98,US,online
T004518,2025-01-11 09:33:00,A0180,Target,Retail,128.33,US,online
T004289,2025-01-12 16:54:00,A0009,Uber,Travel,296.7,US,atm
T000156,2025-04-12 11:00:00,A0006,Delta Airlines,Travel,346.7,MX,online
T000624,2025-01-14 07:47:00,A0142,Uber,Travel,85.22,MX,mobile
T002114,2025-05-11 15:54:00,A0190,Starbucks,Food,205.95,US,online
T005104,2025-04-06 04:00:00,A0044,Amazon,Retail,500.41,CN,online
T000139,2025-03-14 18:19:00,A0001,Delta Airlines,Travel,234.07,US,mobile
T000265,2025-05-27 12:29:00,A0142,Costco,Retail,56.26,US,online
T005049,2025-04-17 03:09:00,A0030,BestBuy,Electronics,349.02,US,online
T004870,2025-05-19 15:29:00,A0151,Target,Retail,135.6,US,atm
T003451,2025-02-10 12:12:00,A0045,Shell,Fuel,86.48,US,in_store
T003884,2025-01-26 20:44:00,A0124,Walmart,Retail,317.33,US,in_store
T001121,2025-01-03 14:08:00,A0022,Netflix,Subscription,389.89,US,in_store
T004993,2025-03-25 20:43:00,A0149,Marriott,Travel,183.14,US,in_store
T000856,2025-01-15 08:36:00,A0157,BestBuy,Electronics,391.84,US,online
T003799,2025-01-09 09:50:00,A0045,Starbucks,Food,57.79,US,in_store
T001655,2025-02-06 12:31:00,A0057,Amazon,Retail,101.53,DE,mobile
T001044,2025-02-22 16:57:00,A0155,Shell,Fuel,77.99,US,online
T004254,2025-04-22 13:28:00,A0133,Delta Airlines,Travel,217.86,US,atm
T004273,2025-05-09 20:23:00,A0165,Starbucks,Food,363.09,US,mobile
T001574,2025-03-27 08:59:00,A0134,Starbucks,Food,186.24,US,in_store
T004353,2025-02-19 15:24:00,A0026,Amazon,Retail,369.23,US,atm
T003897,2025-05-19 16:45:00,A0150,Delta Airlines,Travel,113.99,US,atm
T005095,2025-04-15 21:02:00,A0113,Delta Airlines,Travel,221.03,US,online
T005099,2025-02-11 01:00:00,A0131,Delta Airlines,Travel,702.07,NG,online
T001423,2025-03-18 07:33:00,A0064,Uber,Travel,265.37,US,in_store
T004978,2025-01-10 13:14:00,A0034,Walmart,Retail,185.66,US,in_store
T003641,2025-01-11 13:25:00,A0061,Shell,Fuel,176.42,US,atm
T003658,2025-04-04 15:23:00,A0017,Amazon,Retail,33.05,US,online
T002890,2025-01-16 13:55:00,A0136,Uber,Travel,391.71,US,online
T000332,2025-03-31 08:11:00,A0168,Costco,Retail,160.26,US,in_store
T003706,2025-05-20 20:18:00,A0085,Walmart,Retail,158.23,US,mobile
T001846,2025-05-15 10:00:00,A0093,Delta Airlines,Travel,127.6,US,atm
T001096,2025-04-10 19:47:00,A0150,BestBuy,Electronics,98.2,US,in_store
T002139,2025-04-27 14:58:00,A0089,Starbucks,Food,184.42,US,in_store
T000216,2025-05-02 15:09:00,A0083,Amazon,Retail,182.96,US,online
T000489,2025-03-13 14:56:00,A0071,Starbucks,Food,18.69,US,in_store
T000422,2025-02-05 19:13:00,A0043,Shell,Fuel,323.15,US,atm
T001242,2025-05-07 12:02:00,A0060,Uber,Travel,199.67,US,in_store
T003021,2025-03-28 10:23:00,A0159,Marriott,Travel,24.48,US,in_store
T002552,2025-05-11 15:11:00,A0111,Apple,Electronics,230.96,US,mobile
T004271,2025-01-21 20:48:00,A0006,Starbucks,Food,178.51,US,mobile
T003506,2025-03-16 09:39:00,A0065,Amazon,Retail,328.42,US,online
T003636,2025-03-11 13:56:00,A0148,Target,Retail,322.54,US,in_store
T002152,2025-05-16 18:40:00,A0157,Amazon,Retail,272.09,US,online
T000867,2025-05-18 07:13:00,A0143,Delta Airlines,Travel,275.77,US,online
T003030,2025-05-25 19:58:00,A0020,Marriott,Travel,140.18,US,atm
T004242,2025-04-15 10:12:00,A0070,Uber,Travel,271.45,US,in_store
T001487,2025-04-27 15:45:00,A0132,BestBuy,Electronics,212.4,US,in_store
T004753,2025-02-18 19:28:00,A0028,Delta Airlines,Travel,320.0,US,online
T003091,2025-02-13 10:01:00,A0125,Shell,Fuel,111.99,US,online
T004792,2025-02-07 14:43:00,A0163,BestBuy,Electronics,303.55,US,mobile
T004489,2025-02-12 13:43:00,A0039,Delta Airlines,Travel,87.98,US,atm
T002319,2025-03-12 11:27:00,A0087,Shell,Fuel,96.04,US,atm
T002315,2025-01-14 13:40:00,A0069,Target,Retail,240.13,US,mobile
T003803,2025-04-14 08:17:00,A0071,Uber,Travel,15.63,US,in_store
T001565,2025-03-18 09:12:00,A0193,Netflix,Subscription,377.07,US,mobile
T004228,2025-05-22 20:54:00,A0195,Uber,Travel,66.34,US,online
T002485,2025-01-02 09:23:00,A0097,Amazon,Retail,215.55,US,mobile
T002660,2025-04-25 21:40:00,A0109,Target,Retail,289.15,US,mobile
T003562,2025-02-04 20:01:00,A0136,Shell,Fuel,251.84,US,online
T002796,2025-05-23 16:27:00,A0190,Apple,Electronics,201.51,US,atm
T002812,2025-02-28 13:22:00,A0088,BestBuy,Electronics,237.55,US,online
T002643,2025-05-15 08:15:00,A0122,Apple,Electronics,181.69,US,online
T002932,2025-02-12 13:02:00,A0080,Shell,Fuel,381.53,US,mobile
T003365,2025-01-08 08:45:00,A0064,Apple,Electronics,25.13,US,mobile
T003265,2025-03-20 10:37:00,A0052,Costco,Retail,305.2,US,mobile
T004547,2025-03-17 14:37:00,A0033,Apple,Electronics,384.6,US,online
T000287,2025-01-31 09:06:00,A0160,Apple,Electronics,152.41,US,atm
T004634,2025-05-17 07:44:00,A0029,Starbucks,Food,155.2,US,online
T003785,2025-04-06 08:35:00,A0189,Netflix,Subscription,252.6,US,in_store
T001298,2025-04-29 12:50:00,A0185,Walmart,Retail,128.66,US,mobile
T001838,2025-02-07 09:10:00,A0158,Target,Retail,350.47,US,online
T000354,2025-02-20 12:14:00,A0040,Apple,Electronics,230.07,US,mobile
T003489,2025-01-03 19:00:00,A0153,Delta Airlines,Travel,282.36,US,mobile
T003463,2025-01-26 16:08:00,A0160,Starbucks,Food,161.23,US,in_store
T001706,2025-05-13 11:06:00,A0033,Walmart,Retail,201.99,US,atm
T000955,2025-02-14 17:03:00,A0004,Uber,Travel,329.19,US,mobile
T003918,2025-03-19 08:39:00,A0063,Netflix,Subscription,349.28,US,online
T004226,2025-03-04 09:46:00,A0173,Shell,Fuel,176.38,US,online
T003282,2025-02-08 15:25:00,A0004,Target,Retail,279.31,US,online
T000860,2025-01-31 18:54:00,A0161,Shell,Fuel,320.83,US,mobile
T004952,2025-01-14 11:59:00,A0126,BestBuy,Electronics,352.6,US,mobile
T000535,2025-05-02 07:11:00,A0147,Uber,Travel,164.17,US,mobile
T003809,2025-01-12 07:13:00,A0077,Costco,Retail,132.73,US,atm
T000289,2025-02-05 18:21:00,A0010,Target,Retail,210.14,US,in_store
T000292,2025-03-26 17:07:00,A0095,Apple,Electronics,235.56,CA,online
T002861,2025-01-02 19:57:00,A0142,Delta Airlines,Travel,150.57,US,online
T002983,2025-03-20 15:05:00,A0159,Netflix,Subscription,78.22,US,in_store
T003793,2025-05-05 19:28:00,A0178,Uber,Travel,15.2,US,in_store
T003486,2025-04-14 09:48:00,A0091,Uber,Travel,181.65,US,mobile
T001730,2025-04-09 14:01:00,A0072,Apple,Electronics,156.94,US,in_store
T004128,2025-04-19 11:56:00,A0195,Walmart,Retail,73.65,US,online
T000687,2025-02-04 11:30:00,A0109,Shell,Fuel,364.48,US,atm
T001719,2025-03-29 13:58:00,A0050,Amazon,Retail,99.08,US,online
T002416,2025-03-07 13:10:00,A0172,Apple,Electronics,85.62,US,atm
T003910,2025-03-25 20:09:00,A0121,Costco,Retail,81.08,US,atm
T002559,2025-02-16 21:01:00,A0147,BestBuy,Electronics,398.17,US,in_store
T004357,2025-05-26 11:19:00,A0184,Walmart,Retail,237.7,CA,online
T000879,2025-04-23 17:07:00,A0198,Uber,Travel,63.98,US,online
T003140,2025-03-13 16:44:00,A0151,Costco,Retail,43.13,US,in_store
T002990,2025-05-17 17:43:00,A0008,BestBuy,Electronics,53.18,US,atm
T003167,2025-05-24 12:43:00,A0066,Delta Airlines,Travel,340.99,US,mobile
T004456,2025-02-27 21:52:00,A0012,Marriott,Travel,68.92,US,atm
T004303,2025-02-12 18:14:00,A0071,BestBuy,Electronics,96.47,GB,in_store
T002544,2025-05-10 09:04:00,A0056,Shell,Fuel,183.26,US,atm
T004240,2025-01-05 20:39:00,A0156,Shell,Fuel,314.46,US,in_store
T005023,2025-03-14 02:07:00,A0144,Target,Retail,574.41,US,online
T003945,2025-01-07 11:05:00,A0034,Apple,Electronics,188.28,DE,in_store
T002282,2025-02-15 19:24:00,A0100,Amazon,Retail,124.4,US,atm
T004501,2025-01-06 19:25:00,A0098,BestBuy,Electronics,356.39,US,atm
T000225,2025-05-19 20:47:00,A0130,Costco,Retail,19.91,US,in_store
T000726,2025-05-13 15:46:00,A0162,Netflix,Subscription,315.21,US,atm
T001411,2025-04-22 09:40:00,A0152,BestBuy,Electronics,164.58,US,online
T002886,2025-02-21 19:19:00,A0122,Costco,Retail,37.64,DE,online
T000427,2025-02-06 16:40:00,A0126,Uber,Travel,252.99,US,mobile
T003305,2025-03-08 07:32:00,A0117,BestBuy,Electronics,96.13,US,online
T004995,2025-05-20 08:04:00,A0009,Shell,Fuel,167.69,US,atm
T000198,2025-04-19 14:38:00,A0114,Target,Retail,168.6,US,online
T002323,2025-01-25 10:54:00,A0032,Apple,Electronics,92.28,US,in_store
T002535,2025-03-25 13:06:00,A0195,Target,Retail,384.49,US,online
T004925,2025-03-29 16:36:00,A0146,Netflix,Subscription,390.62,US,atm
T005062,2025-03-28 22:10:00,A0167,Marriott,Travel,260.58,US,online
T004898,2025-01-21 18:00:00,A0113,Apple,Electronics,76.89,US,in_store
T000071,2025-03-27 08:52:00,A0132,Shell,Fuel,270.75,US,in_store
T001450,2025-01-31 11:19:00,A0139,Target,Retail,120.95,US,online
T004213,2025-02-15 21:59:00,A0108,Walmart,Retail,328.47,US,in_store
T004188,2025-02-16 18:09:00,A0148,BestBuy,Electronics,395.19,US,online
T004341,2025-02-07 07:02:00,A0041,Marriott,Travel,266.1,US,atm
T004531,2025-01-28 16:27:00,A0185,Target,Retail,245.68,US,in_store
T002833,2025-03-12 20:28:00,A0027,Marriott,Travel,59.32,US,in_store
T001849,2025-01-08 20:45:00,A0147,Target,Retail,398.91,US,mobile
T004326,2025-03-27 21:41:00,A0022,Netflix,Subscription,148.17,US,online
T003988,2025-03-30 14:46:00,A0074,Delta Airlines,Travel,188.14,US,atm
T000351,2025-01-26 19:46:00,A0120,Target,Retail,305.84,US,in_store
T002765,2025-03-16 17:02:00,A0047,Delta Airlines,Travel,370.86,US,atm
T002176,2025-05-30 17:55:00,A0040,Target,Retail,254.25,US,online
T000573,2025-01-05 10:14:00,A0104,BestBuy,Electronics,394.03,US,online
T003006,2025-03-30 09:46:00,A0064,Netflix,Subscription,386.71,US,in_store
T000527,2025-05-27 21:33:00,A0129,Delta Airlines,Travel,272.63,US,in_store
T004444,2025-02-24 13:58:00,A0022,Target,Retail,79.09,US,atm
T002862,2025-04-03 12:32:00,A0119,Netflix,Subscription,388.75,US,mobile
T000735,2025-04-24 19:55:00,A0070,Netflix,Subscription,300.42,US,mobile
T003245,2025-03-24 20:48:00,A0140,Apple,Electronics,40.69,US,atm
T000667,2025-01-11 17:13:00,A0060,Costco,Retail,363.55,US,mobile
T000024,2025-03-03 21:36:00,A0015,Walmart,Retail,38.83,US,online
T001120,2025-04-26 21:15:00,A0159,Netflix,Subscription,235.25,US,mobile
T000487,2025-04-29 07:10:00,A0011,Delta Airlines,Travel,176.1,CA,mobile
T002804,2025-05-03 18:42:00,A0110,Target,Retail,127.69,US,atm
T002636,2025-01-07 17:31:00,A0094,Costco,Retail,108.83,US,atm
T000850,2025-03-31 07:09:00,A0168,Amazon,Retail,268.46,US,atm
T001443,2025-03-03 08:10:00,A0020,Delta Airlines,Travel,27.68,MX,atm
T003380,2025-05-04 14:49:00,A0065,Walmart,Retail,216.51,US,atm
T004039,2025-02-11 21:52:00,A0039,Uber,Travel,378.27,US,mobile
T000774,2025-03-24 08:06:00,A0105,Costco,Retail,265.26,US,in_store
T000935,2025-01-20 17:29:00,A0120,Uber,Travel,308.9,US,atm
T002084,2025-02-13 07:35:00,A0017,Target,Retail,225.8,US,atm
T003371,2025-05-23 13:02:00,A0196,BestBuy,Electronics,46.46,US,mobile
T003326,2025-04-16 07:28:00,A0106,Netflix,Subscription,153.15,US,atm
T002269,2025-03-06 14:07:00,A0018,Apple,Electronics,378.23,US,mobile
T002437,2025-05-21 19:34:00,A0195,Walmart,Retail,325.57,US,atm
T001952,2025-01-17 12:14:00,A0172,Uber,Travel,86.54,US,atm
T004200,2025-02-13 16:29:00,A0025,Netflix,Subscription,333.96,US,in_store
T003591,2025-02-08 21:40:00,A0083,Costco,Retail,190.68,US,mobile
T005006,2025-03-23 18:00:00,A0179,Apple,Electronics,10000,US,online
T002198,2025-01-16 12:06:00,A0125,Walmart,Retail,381.42,US,mobile
T001609,2025-04-02 10:04:00,A0048,Shell,Fuel,264.5,US,in_store
T003663,2025-01-25 17:51:00,A0055,Netflix,Subscription,279.29,US,online
T003307,2025-04-22 11:02:00,A0022,Amazon,Retail,164.45,DE,in_store
T000013,2025-01-09 19:20:00,A0059,Apple,Electronics,110.76,US,atm
T002987,2025-05-20 16:12:00,A0167,Shell,Fuel,318.09,US,mobile
T002828,2025-01-14 20:34:00,A0110,Shell,Fuel,328.68,US,online
T004570,2025-05-04 10:17:00,A0006,Netflix,Subscription,103.18,US,in_store
T003447,2025-05-07 12:48:00,A0192,Apple,Electronics,339.36,US,in_store
T002726,2025-01-22 10:32:00,A0119,Amazon,Retail,166.39,US,in_store
T000962,2025-05-05 08:00:00,A0005,Amazon,Retail,75.87,US,atm
T002224,2025-04-13 15:03:00,A0127,Costco,Retail,169.46,US,in_store
T000709,2025-01-18 13:40:00,A0067,Shell,Fuel,272.38,US,atm
T000117,2025-05-26 16:03:00,A0079,Delta Airlines,Travel,384.24,US,in_store
T001475,2025-01-29 08:42:00,A0078,Amazon,Retail,274.77,DE,in_store
T000958,2025-01-31 17:36:00,A0084,Costco,Retail,59.25,US,online
T004861,2025-02-07 17:54:00,A0040,Apple,Electronics,109.56,US,mobile
T001772,2025-03-18 14:21:00,A0060,Amazon,Retail,227.83,US,mobile
T000511,2025-03-09 10:15:00,A0003,BestBuy,Electronics,31.78,US,online
T000653,2025-03-02 08:18:00,A0033,Delta Airlines,Travel,32.57,US,atm
T001765,2025-02-03 15:55:00,A0019,Costco,Retail,367.86,US,atm
T004664,2025-05-13 11:42:00,A0060,Delta Airlines,Travel,293.51,US,atm
T001744,2025-01-30 17:02:00,A0060,Starbucks,Food,275.35,US,atm
T003175,2025-05-14 08:49:00,A0092,Shell,Fuel,5.22,US,in_store
T002026,2025-02-03 12:27:00,A0195,Netflix,Subscription,266.17,US,online
T001215,2025-02-01 17:35:00,A0144,Walmart,Retail,81.01,US,online
T001185,2025-04-24 09:49:00,A0008,Amazon,Retail,288.46,US,online
T002392,2025-01-16 16:56:00,A0021,Walmart,Retail,63.33,US,in_store
T001594,2025-02-06 11:16:00,A0028,Starbucks,Food,41.65,US,atm
T004650,2025-02-17 20:40:00,A0023,Apple,Electronics,385.57,US,online
T004535,2025-02-11 16:58:00,A0130,Walmart,Retail,140.75,US,atm
T000145,2025-02-09 08:30:00,A0168,Uber,Travel,138.73,US,mobile
T002308,2025-02-05 19:49:00,A0197,BestBuy,Electronics,121.53,US,atm
T001186,2025-03-28 12:25:00,A0022,Starbucks,Food,176.46,US,online
T000753,2025-03-14 11:08:00,A0027,BestBuy,Electronics,178.17,US,in_store
T002122,2025-04-25 09:42:00,A0011,BestBuy,Electronics,93.07,US,online
T002217,2025-02-11 16:08:00,A0073,Netflix,Subscription,382.66,US,online
T001068,2025-04-10 14:48:00,A0184,Walmart,Retail,229.7,US,mobile
T000162,2025-03-07 21:52:00,A0043,Target,Retail,387.12,US,atm
T005028,2025-04-17 10:00:00,A0036,Marriott,Travel,464.85,US,online
T003862,2025-02-20 16:49:00,A0102,Uber,Travel,314.28,US,mobile
T000936,2025-02-11 19:04:00,A0066,Uber,Travel,311.96,US,mobile
T000722,2025-02-17 14:27:00,A0094,Shell,Fuel,170.54,CA,atm
T000476,2025-02-03 10:18:00,A0112,Uber,Travel,341.11,US,atm
T001853,2025-01-25 20:34:00,A0081,Uber,Travel,393.44,US,online
T004333,2025-04-18 08:58:00,A0006,BestBuy,Electronics,300.54,US,mobile
T004659,2025-05-05 19:55:00,A0114,Shell,Fuel,263.27,US,atm
T004621,2025-02-19 12:06:00,A0178,Costco,Retail,244.23,US,in_store
T004145,2025-02-02 13:57:00,A0155,Netflix,Subscription,324.51,US,in_store
T002554,2025-01-11 08:15:00,A0075,Uber,Travel,359.06,US,mobile
T004818,2025-04-20 21:53:00,A0166,Uber,Travel,178.78,US,atm
T004016,2025-01-17 14:55:00,A0106,Amazon,Retail,289.17,US,atm
T002690,2025-01-05 11:19:00,A0052,Shell,Fuel,369.41,US,online
T002132,2025-04-23 07:55:00,A0086,Target,Retail,32.41,US,atm
T003192,2025-03-15 17:50:00,A0139,Netflix,Subscription,152.08,US,mobile
T003766,2025-04-18 14:20:00,A0012,Target,Retail,206.86,US,in_store
T004666,2025-03-01 12:15:00,A0055,Amazon,Retail,351.19,CA,online
T004336,2025-05-09 21:08:00,A0107,Starbucks,Food,276.37,US,mobile
T001284,2025-05-11 12:31:00,A0193,Costco,Retail,188.39,US,atm
T001374,2025-01-28 20:40:00,A0161,Starbucks,Food,36.52,US,mobile
T001908,2025-01-30 19:12:00,A0111,Delta Airlines,Travel,108.09,US,in_store
T004125,2025-04-17 09:30:00,A0196,Starbucks,Food,219.81,US,mobile
T004235,2025-01-19 07:41:00,A0020,Shell,Fuel,130.73,US,atm
T001755,2025-02-01 20:56:00,A0138,Costco,Retail,320.29,US,mobile
T003130,2025-05-30 08:33:00,A0027,Netflix,Subscription,108.55,US,online
T005034,2025-04-17 10:06:00,A0036,Target,Retail,785.05,US,online
T002281,2025-02-09 20:04:00,A0029,Shell,Fuel,195.45,US,online
T001130,2025-04-23 07:12:00,A0143,Starbucks,Food,26.55,US,online
T000212,2025-03-22 09:28:00,A0161,Walmart,Retail,190.22,US,atm
T001347,2025-02-26 16:55:00,A0176,Apple,Electronics,210.98,US,mobile
T001138,2025-01-02 12:02:00,A0153,Marriott,Travel,250.83,US,atm
T003450,2025-01-09 11:16:00,A0061,Costco,Retail,231.11,US,in_store
T002385,2025-05-30 08:02:00,A0010,Delta Airlines,Travel,5.08,US,in_store
T002117,2025-01-30 21:18:00,A0177,Amazon,Retail,362.24,US,atm
T000654,2025-04-26 12:39:00,A0125,Marriott,Travel,125.74,US,in_store
T001129,2025-03-22 13:57:00,A0133,Starbucks,Food,129.64,US,in_store
T003926,2025-01-06 15:48:00,A0179,Uber,Travel,78.7,DE,online
T000480,2025-03-19 20:45:00,A0041,BestBuy,Electronics,243.3,US,atm
T001461,2025-04-13 15:46:00,A0084,BestBuy,Electronics,338.01,US,in_store
T004894,2025-05-14 13:18:00,A0098,Starbucks,Food,316.12,MX,mobile
T004368,2025-02-26 14:17:00,A0142,BestBuy,Electronics,115.89,US,mobile
T002262,2025-01-27 16:00:00,A0134,Uber,Travel,374.13,US,in_store
T004040,2025-04-04 10:49:00,A0175,Target,Retail,251.54,US,in_store
T002802,2025-03-30 10:59:00,A0155,Amazon,Retail,8.62,US,mobile
T004557,2025-05-18 17:15:00,A0148,Marriott,Travel,305.98,US,mobile
T002014,2025-03-17 12:39:00,A0190,Apple,Electronics,330.18,US,in_store
T003627,2025-01-31 16:44:00,A0011,Delta Airlines,Travel,41.6,CA,atm
T003827,2025-03-27 21:44:00,A0166,Amazon,Retail,271.74,US,in_store
T002140,2025-03-15 17:46:00,A0037,Starbucks,Food,385.4,US,atm
T003756,2025-04-14 20:35:00,A0043,Shell,Fuel,204.68,US,mobile
T003508,2025-05-07 16:39:00,A0023,Delta Airlines,Travel,79.57,US,in_store
T001987,2025-04-25 18:56:00,A0093,Shell,Fuel,77.74,US,in_store
T004159,2025-01-20 21:15:00,A0012,Costco,Retail,267.69,US,in_store
T003452,2025-04-02 08:02:00,A0063,Starbucks,Food,324.79,US,atm
T000133,2025-03-10 15:08:00,A0053,Uber,Travel,178.06,US,mobile
T005029,2025-04-17 10:01:00,A0036,BestBuy,Electronics,519.44,US,online
T004770,2025-01-12 14:25:00,A0029,Delta Airlines,Travel,362.72,US,mobile
T002216,2025-03-22 08:59:00,A0195,Uber,Travel,185.1,US,mobile
T001740,2025-01-05 14:00:00,A0119,Target,Retail,19.62,US,mobile
T004210,2025-05-04 20:17:00,A0040,BestBuy,Electronics,91.04,US,in_store
T000706,2025-01-30 19:32:00,A0088,Uber,Travel,351.06,US,atm
T001825,2025-03-17 08:27:00,A0003,Uber,Travel,289.38,US,atm
T005061,2025-03-28 22:09:00,A0167,Starbucks,Food,852.0,US,online
T003454,2025-01-09 10:54:00,A0085,Apple,Electronics,234.45,US,atm
T000581,2025-04-15 11:10:00,A0181,Amazon,Retail,221.51,US,mobile
T004641,2025-01-03 12:58:00,A0080,Walmart,Retail,280.48,US,in_store
T001010,2025-05-20 15:21:00,A0190,Marriott,Travel,283.65,US,atm
T003263,2025-03-10 21:12:00,A0117,Amazon,Retail,258.51,US,online
T004880,2025-03-18 10:15:00,A0163,Amazon,Retail,89.21,US,in_store
T001545,2025-02-03 12:18:00,A0115,Netflix,Subscription,251.27,US,online
T001647,2025-03-27 07:11:00,A0110,Uber,Travel,353.1,US,online
T003172,2025-05-12 19:25:00,A0170,Amazon,Retail,134.03,US,online
T003488,2025-03-04 21:17:00,A0042,Walmart,Retail,118.55,US,in_store
T000039,2025-02-18 11:13:00,A0040,Amazon,Retail,233.78,US,online
T002692,2025-05-27 21:59:00,A0187,Walmart,Retail,14.02,US,in_store
T004652,2025-01-17 18:41:00,A0060,Costco,Retail,22.96,US,mobile
T001961,2025-05-03 08:28:00,A0051,Walmart,Retail,193.03,US,in_store
T000074,2025-04-13 10:09:00,A0127,Marriott,Travel,276.61,CA,online
T002881,2025-01-19 19:27:00,A0119,Delta Airlines,Travel,128.99,US,online
T002776,2025-03-24 15:32:00,A0066,Walmart,Retail,163.24,MX,online
T000494,2025-01-07 12:38:00,A0047,Shell,Fuel,16.57,MX,atm
T002931,2025-05-25 20:11:00,A0083,Walmart,Retail,72.54,DE,mobile
T004798,2025-05-18 16:51:00,A0197,Marriott,Travel,128.09,US,in_store
T001410,2025-01-25 12:30:00,A0015,Starbucks,Food,378.3,US,atm
T004596,2025-05-03 09:33:00,A0098,Amazon,Retail,9.75,US,mobile
T004889,2025-03-11 13:37:00,A0158,BestBuy,Electronics,244.26,GB,atm
T002508,2025-05-13 11:33:00,A0093,Starbucks,Food,165.05,US,online
T002386,2025-05-06 08:17:00,A0101,Delta Airlines,Travel,120.11,US,online
T001332,2025-05-12 08:52:00,A0107,Netflix,Subscription,132.46,US,in_store
T000920,2025-04-25 12:51:00,A0169,Starbucks,Food,108.19,US,in_store
T003046,2025-02-05 13:35:00,A0001,Target,Retail,161.28,US,mobile
T002188,2025-05-31 19:58:00,A0082,Netflix,Subscription,280.74,US,online
T003857,2025-05-12 17:12:00,A0101,BestBuy,Electronics,187.45,US,in_store
T000997,2025-01-17 10:57:00,A0173,Target,Retail,39.49,US,in_store
T002667,2025-04-27 09:50:00,A0171,Starbucks,Food,360.44,US,mobile
T003867,2025-01-29 09:41:00,A0171,Apple,Electronics,282.49,US,atm
T003142,2025-02-13 18:00:00,A0006,Amazon,Retail,7.13,US,in_store
T002317,2025-01-18 11:06:00,A0011,Costco,Retail,216.41,US,online
T001804,2025-05-15 08:32:00,A0006,Apple,Electronics,317.58,US,in_store
T004056,2025-02-06 14:56:00,A0054,Walmart,Retail,163.25,US,in_store
T000810,2025-05-30 21:42:00,A0097,Costco,Retail,22.18,US,online
T002256,2025-02-14 16:25:00,A0105,Netflix,Subscription,189.66,US,atm
T000874,2025-03-25 09:49:00,A0199,Walmart,Retail,329.74,US,in_store
T002993,2025-02-15 13:56:00,A0190,Costco,Retail,320.02,US,atm
T001311,2025-02-21 15:45:00,A0151,Marriott,Travel,186.29,US,online
T004012,2025-05-15 18:35:00,A0104,Marriott,Travel,282.8,US,online
T001097,2025-01-28 09:13:00,A0037,Uber,Travel,178.59,US,online
T002384,2025-05-27 08:02:00,A0171,Starbucks,Food,357.69,US,online
T004399,2025-01-26 13:58:00,A0173,Uber,Travel,249.87,US,in_store
T002843,2025-04-09 19:05:00,A0096,Uber,Travel,29.38,CA,in_store
T002177,2025-02-01 07:45:00,A0157,Starbucks,Food,83.81,MX,online
T001300,2025-05-28 20:08:00,A0036,Uber,Travel,377.62,US,mobile
T002521,2025-04-29 20:02:00,A0022,Apple,Electronics,120.19,US,mobile
T000406,2025-01-27 19:55:00,A0148,Costco,Retail,78.85,US,in_store
T002239,2025-05-11 07:19:00,A0056,Amazon,Retail,90.49,US,atm
T001268,2025-02-21 17:58:00,A0051,Shell,Fuel,315.18,US,in_store
T002312,2025-03-29 09:16:00,A0138,Delta Airlines,Travel,33.46,US,mobile
T005026,2025-03-14 02:10:00,A0144,Walmart,Retail,895.48,US,online
T000637,2025-02-12 19:34:00,A0025,Costco,Retail,7.9,US,in_store
T000061,2025-05-11 13:43:00,A0090,Costco,Retail,135.8,US,online
T002578,2025-02-27 07:00:00,A0193,Marriott,Travel,341.62,US,mobile
T003657,2025-02-09 19:26:00,A0115,Apple,Electronics,11.33,US,atm
T002943,2025-04-07 16:09:00,A0141,Costco,Retail,363.9,US,in_store
T003730,2025-01-04 16:20:00,A0131,Target,Retail,257.89,US,atm
T000081,2025-02-09 18:13:00,A0178,Walmart,Retail,168.87,US,mobile
T002494,2025-05-20 21:04:00,A0131,Shell,Fuel,217.91,US,atm
T000904,2025-02-14 14:08:00,A0170,Shell,Fuel,224.39,US,mobile
T000869,2025-04-10 09:38:00,A0147,Walmart,Retail,346.51,CA,atm
T001100,2025-01-06 17:57:00,A0079,Delta Airlines,Travel,18.75,DE,online
T004466,2025-05-11 14:23:00,A0141,Uber,Travel,208.19,US,in_store
T002958,2025-03-18 13:55:00,A0121,Delta Airlines,Travel,21.15,US,in_store
T001918,2025-05-16 12:19:00,A0054,Uber,Travel,301.59,US,mobile
T003139,2025-05-01 20:39:00,A0024,Target,Retail,65.6,GB,mobile
T002097,2025-01-16 17:23:00,A0143,Walmart,Retail,71.56,US,online
T002575,2025-02-18 19:33:00,A0197,Netflix,Subscription,230.75,CA,online
T003031,2025-05-26 21:42:00,A0005,Walmart,Retail,232.61,US,in_store
T003906,2025-04-16 13:34:00,A0001,Delta Airlines,Travel,28.3,US,online
T004515,2025-02-14 16:52:00,A0105,Walmart,Retail,192.19,US,mobile
T002771,2025-02-05 11:25:00,A0112,Target,Retail,64.78,CA,mobile
T004376,2025-04-14 14:33:00,A0029,Delta Airlines,Travel,173.57,CA,online
T000498,2025-01-08 18:44:00,A0152,Netflix,Subscription,379.29,US,in_store
T003666,2025-02-01 15:15:00,A0100,Shell,Fuel,353.04,US,mobile
T003406,2025-01-16 20:32:00,A0053,Target,Retail,53.39,US,atm
T001708,2025-03-15 08:34:00,A0041,Delta Airlines,Travel,100.35,US,atm
T000977,2025-02-04 08:54:00,A0072,Target,Retail,186.14,US,atm
T003886,2025-04-29 17:55:00,A0078,Amazon,Retail,68.82,US,online
T004723,2025-01-18 13:43:00,A0065,BestBuy,Electronics,68.27,US,mobile
T003014,2025-05-22 10:57:00,A0166,Costco,Retail,272.72,US,in_store
T004405,2025-03-10 19:39:00,A0150,Amazon,Retail,197.32,US,in_store
T001505,2025-02-09 10:03:00,A0123,Costco,Retail,278.36,US,online
T002233,2025-04-06 15:24:00,A0143,Starbucks,Food,334.75,CA,atm
T000303,2025-04-24 17:16:00,A0089,BestBuy,Electronics,194.24,US,atm
T004882,2025-04-27 20:55:00,A0077,Netflix,Subscription,170.26,US,online
T003210,2025-02-14 14:34:00,A0091,Target,Retail,82.54,US,mobile
T001899,2025-01-13 21:38:00,A0094,Marriott,Travel,150.87,US,atm
T001465,2025-02-09 18:32:00,A0159,Starbucks,Food,103.54,DE,online
T002632,2025-03-08 08:43:00,A0043,Marriott,Travel,366.82,US,atm
T002104,2025-05-21 20:24:00,A0169,Target,Retail,377.88,US,online
T002488,2025-02-10 20:38:00,A0116,Costco,Retail,265.9,US,mobile
T000594,2025-03-28 15:33:00,A0172,BestBuy,Electronics,281.73,US,mobile
T003362,2025-04-18 15:01:00,A0151,Apple,Electronics,165.03,MX,online
T001873,2025-01-06 14:51:00,A0193,Delta Airlines,Travel,185.3,US,mobile
T002755,2025-04-23 15:23:00,A0147,Target,Retail,373.34,US,in_store
T001093,2025-03-18 20:04:00,A0155,Apple,Electronics,359.23,US,online
T004215,2025-03-08 08:52:00,A0092,Shell,Fuel,290.71,US,atm
T002533,2025-02-25 09:25:00,A0127,Marriott,Travel,132.59,US,online
T004463,2025-01-03 14:17:00,A0119,Starbucks,Food,51.56,US,in_store
T004977,2025-05-03 18:17:00,A0189,Walmart,Retail,160.19,US,online
T003321,2025-05-31 15:17:00,A0153,Marriott,Travel,91.55,US,online
T004480,2025-03-01 20:05:00,A0174,Marriott,Travel,306.21,GB,in_store
T000645,2025-01-08 14:10:00,A0102,Costco,Retail,91.85,MX,mobile
T003661,2025-02-03 09:16:00,A0096,Uber,Travel,34.65,US,atm
T004319,2025-03-30 19:39:00,A0118,Starbucks,Food,89.98,US,online
T000391,2025-03-06 17:09:00,A0062,BestBuy,Electronics,172.14,US,online
T000202,2025-04-21 09:08:00,A0192,Apple,Electronics,215.37,US,atm
T000195,2025-01-08 08:47:00,A0037,Costco,Retail,89.98,US,mobile
T003909,2025-02-07 09:11:00,A0142,Costco,Retail,66.23,US,atm
T003999,2025-02-22 13:00:00,A0179,Netflix,Subscription,257.85,US,atm
T001147,2025-05-15 17:41:00,A0127,Costco,Retail,38.17,US,mobile
T000233,2025-01-24 21:14:00,A0112,Target,Retail,354.43,US,mobile
T001474,2025-01-26 13:11:00,A0072,Uber,Travel,379.59,US,atm
T000307,2025-05-02 14:41:00,A0105,Shell,Fuel,303.58,US,atm
T001630,2025-04-09 10:31:00,A0120,Walmart,Retail,139.48,US,atm
T002589,2025-03-09 07:25:00,A0197,Costco,Retail,271.48,US,online
T000642,2025-03-22 07:24:00,A0111,Marriott,Travel,51.73,US,online
T003108,2025-02-26 15:29:00,A0064,Starbucks,Food,69.6,US,atm
T003079,2025-03-13 13:48:00,A0146,Delta Airlines,Travel,383.91,US,online
T003882,2025-01-20 13:03:00,A0051,BestBuy,Electronics,193.83,US,online
T004166,2025-04-08 16:00:00,A0063,Target,Retail,300.89,US,atm
T005086,2025-05-29 10:00:00,A0193,Target,Retail,91.06,US,online
T000640,2025-01-23 08:03:00,A0010,Starbucks,Food,318.71,US,online
T004313,2025-02-22 21:23:00,A0024,Walmart,Retail,204.67,US,online
T002961,2025-05-05 07:32:00,A0108,Amazon,Retail,149.92,US,atm
T003158,2025-05-17 17:15:00,A0149,Costco,Retail,278.65,US,mobile
T005016,2025-03-14 02:00:00,A0144,Uber,Travel,689.2,US,online
T004450,2025-01-01 15:30:00,A0051,Apple,Electronics,368.45,US,mobile
T000937,2025-01-16 11:52:00,A0086,Uber,Travel,75.28,US,mobile
T000790,2025-02-09 09:16:00,A0092,Netflix,Subscription,356.4,US,in_store
T001966,2025-05-24 15:19:00,A0071,Marriott,Travel,178.82,CA,in_store
T005096,2025-03-30 01:00:00,A0105,Uber,Travel,1067.18,CN,online
T004660,2025-02-20 19:12:00,A0153,Amazon,Retail,180.44,US,online
T004390,2025-04-24 18:40:00,A0105,Marriott,Travel,65.66,US,atm
T003416,2025-02-02 10:57:00,A0155,Costco,Retail,175.34,US,mobile
T003053,2025-04-30 18:00:00,A0152,Starbucks,Food,150.36,US,in_store
T002946,2025-02-24 16:18:00,A0142,Costco,Retail,55.35,US,in_store
T004014,2025-01-22 16:36:00,A0029,Target,Retail,331.51,US,mobile
T001111,2025-02-14 17:37:00,A0067,Netflix,Subscription,320.81,US,online
T001416,2025-02-16 13:30:00,A0152,Marriott,Travel,282.58,US,in_store
T003964,2025-02-03 10:04:00,A0040,Marriott,Travel,49.98,US,mobile
T001114,2025-02-20 11:44:00,A0119,Starbucks,Food,24.66,US,mobile
T004608,2025-02-24 10:49:00,A0085,Target,Retail,282.88,US,in_store
T002131,2025-04-08 09:18:00,A0101,Costco,Retail,30.14,US,in_store
T003151,2025-01-20 10:09:00,A0001,Marriott,Travel,204.81,US,in_store
T000826,2025-02-18 08:08:00,A0039,Starbucks,Food,15.35,US,atm
T003816,2025-02-04 20:44:00,A0017,Amazon,Retail,119.36,US,atm
T002620,2025-04-26 11:24:00,A0007,Walmart,Retail,385.59,US,mobile
T001836,2025-05-14 16:41:00,A0033,Apple,Electronics,135.41,DE,atm
T003503,2025-03-31 11:57:00,A0100,Uber,Travel,50.94,MX,in_store
T004072,2025-01-26 15:31:00,A0123,Target,Retail,162.26,US,in_store
T004347,2025-03-29 07:45:00,A0103,Delta Airlines,Travel,14.2,US,atm
T004628,2025-02-25 16:08:00,A0047,Target,Retail,213.25,US,atm
T001438,2025-02-02 11:00:00,A0123,Marriott,Travel,207.86,US,in_store
T000620,2025-03-06 09:53:00,A0074,Amazon,Retail,277.78,US,in_store
T004104,2025-05-15 14:00:00,A0094,Costco,Retail,360.93,US,in_store
T001037,2025-04-28 21:04:00,A0107,Walmart,Retail,328.44,US,mobile
T001269,2025-05-02 18:44:00,A0171,Target,Retail,241.91,US,atm
T001954,2025-05-15 21:14:00,A0192,BestBuy,Electronics,85.0,US,online
T004837,2025-01-22 17:03:00,A0106,Netflix,Subscription,389.91,US,online
T005098,2025-04-12 03:00:00,A0121,Walmart,Retail,909.28,CN,online
T002025,2025-03-19 12:45:00,A0048,Target,Retail,269.0,US,atm
T000923,2025-02-12 10:36:00,A0186,BestBuy,Electronics,337.52,US,atm
T002637,2025-03-24 19:31:00,A0005,Marriott,Travel,118.49,US,in_store
T000063,2025-03-22 13:38:00,A0187,Costco,Retail,50.68,US,in_store
T001456,2025-03-18 12:27:00,A0096,Starbucks,Food,216.89,US,online
T001681,2025-02-22 08:30:00,A0064,Amazon,Retail,333.93,US,mobile
T004478,2025-04-14 14:29:00,A0196,Marriott,Travel,177.06,US,online
T001698,2025-03-06 08:02:00,A0016,BestBuy,Electronics,33.79,GB,atm
T004434,2025-01-03 17:03:00,A0051,Target,Retail,271.05,US,atm
T002412,2025-05-29 10:34:00,A0128,Marriott,Travel,223.18,MX,online
T000316,2025-03-24 21:15:00,A0123,Amazon,Retail,108.01,US,mobile
T000659,2025-02-05 21:34:00,A0072,Shell,Fuel,108.98,US,online
T000845,2025-04-25 11:40:00,A0187,Starbucks,Food,51.43,US,in_store
T004602,2025-03-08 13:30:00,A0021,Uber,Travel,227.9,US,mobile
T004677,2025-02-04 12:01:00,A0100,Apple,Electronics,280.51,US,in_store
T002265,2025-01-28 10:40:00,A0177,Marriott,Travel,184.19,US,in_store
T002078,2025-05-28 21:57:00,A0161,Apple,Electronics,299.98,US,atm
T001189,2025-01-03 20:17:00,A0089,Costco,Retail,246.11,US,mobile
T001947,2025-02-02 09:38:00,A0040,Uber,Travel,344.36,US,in_store
T001191,2025-03-30 21:51:00,A0179,Marriott,Travel,164.78,US,atm
T001183,2025-03-04 09:48:00,A0093,Costco,Retail,171.58,US,in_store
T000813,2025-01-05 11:55:00,A0028,Marriott,Travel,157.68,US,online
T002110,2025-03-24 15:30:00,A0027,Delta Airlines,Travel,158.58,US,atm
T003763,2025-05-31 09:14:00,A0117,Target,Retail,312.84,US,in_store
T004779,2025-04-10 08:56:00,A0120,Marriott,Travel,256.54,US,atm
T004323,2025-04-05 16:29:00,A0177,BestBuy,Electronics,337.27,GB,online
T001671,2025-05-15 14:44:00,A0036,Netflix,Subscription,204.01,US,atm
T004805,2025-01-10 07:13:00,A0045,Delta Airlines,Travel,340.1,US,atm
T000173,2025-04-12 11:12:00,A0016,Walmart,Retail,379.86,US,online
T003025,2025-02-01 17:35:00,A0198,Netflix,Subscription,63.66,US,online
T003252,2025-01-09 21:06:00,A0020,Delta Airlines,Travel,399.67,US,atm
T001996,2025-05-16 19:44:00,A0117,BestBuy,Electronics,328.98,US,online
T000226,2025-04-07 09:10:00,A0153,Starbucks,Food,333.38,DE,in_store
T000595,2025-03-05 14:22:00,A0170,Marriott,Travel,272.14,US,in_store
T000232,2025-01-22 19:10:00,A0073,Uber,Travel,182.48,US,in_store
T001032,2025-02-19 19:40:00,A0132,Starbucks,Food,307.05,US,in_store
T004874,2025-01-17 18:37:00,A0086,Shell,Fuel,104.21,US,online
T001245,2025-05-31 09:47:00,A0017,Walmart,Retail,55.34,US,in_store
T004789,2025-02-08 07:02:00,A0011,Apple,Electronics,49.85,US,online
T001958,2025-03-13 08:47:00,A0142,Shell,Fuel,294.67,US,in_store
T000328,2025-03-07 20:00:00,A0102,BestBuy,Electronics,91.07,US,online
T000580,2025-02-20 16:12:00,A0128,Uber,Travel,333.44,US,atm
T003138,2025-03-06 15:13:00,A0157,Walmart,Retail,116.15,US,online
T002729,2025-02-20 07:01:00,A0030,Delta Airlines,Travel,176.86,US,atm
T001405,2025-01-19 15:46:00,A0101,Uber,Travel,116.53,US,mobile
T001318,2025-04-16 19:35:00,A0127,Walmart,Retail,398.15,US,online
T000238,2025-03-15 10:19:00,A0029,Walmart,Retail,23.86,US,mobile
T002675,2025-04-20 19:20:00,A0188,Marriott,Travel,342.28,US,atm
T001198,2025-03-18 11:42:00,A0090,BestBuy,Electronics,231.24,US,mobile
T004218,2025-05-31 13:44:00,A0167,Marriott,Travel,125.81,US,mobile
T004847,2025-02-18 10:29:00,A0024,Delta Airlines,Travel,308.1,US,mobile
T003465,2025-03-23 09:42:00,A0122,Costco,Retail,253.67,US,atm
T002050,2025-03-07 08:40:00,A0098,Target,Retail,173.23,US,mobile
T001214,2025-03-13 17:05:00,A0189,Starbucks,Food,284.35,US,atm
T000623,2025-01-13 21:24:00,A0178,Apple,Electronics,169.54,US,atm
T004696,2025-04-29 13:17:00,A0106,Amazon,Retail,335.46,US,in_store
T002333,2025-05-27 12:23:00,A0100,Apple,Electronics,13.1,US,mobile
T002235,2025-01-08 14:38:00,A0116,Marriott,Travel,270.38,DE,mobile
T000675,2025-02-23 16:10:00,A0123,Marriott,Travel,334.18,US,in_store
T001442,2025-01-23 11:26:00,A0079,Netflix,Subscription,338.87,US,online
T000122,2025-02-08 21:17:00,A0166,Starbucks,Food,33.21,US,atm
T002999,2025-03-25 17:33:00,A0095,Marriott,Travel,393.71,US,online
T001934,2025-02-15 14:32:00,A0062,Marriott,Travel,48.91,US,atm
T004429,2025-05-17 15:13:00,A0035,Uber,Travel,312.74,US,in_store
T002370,2025-04-06 20:30:00,A0088,Uber,Travel,232.93,US,atm
T003412,2025-02-17 15:33:00,A0116,Uber,Travel,398.83,US,mobile
T003633,2025-05-03 11:23:00,A0122,BestBuy,Electronics,115.01,US,online
T001366,2025-04-09 13:45:00,A0165,Delta Airlines,Travel,389.79,US,in_store
T004176,2025-03-03 16:22:00,A0109,Apple,Electronics,47.09,DE,mobile
T001255,2025-03-02 08:49:00,A0134,Delta Airlines,Travel,249.73,GB,online
T001325,2025-05-17 18:25:00,A0032,Starbucks,Food,35.65,GB,online
T000900,2025-03-30 08:37:00,A0112,Amazon,Retail,246.54,US,mobile
T000239,2025-01-29 20:57:00,A0017,Target,Retail,240.71,US,in_store
T001131,2025-03-08 09:45:00,A0121,Target,Retail,177.39,US,online
T000655,2025-05-26 12:51:00,A0145,Netflix,Subscription,383.67,US,online
T001801,2025-05-22 08:41:00,A0197,Amazon,Retail,209.87,US,in_store
T001555,2025-01-27 11:24:00,A0040,Starbucks,Food,230.2,US,in_store
T001427,2025-04-19 08:35:00,A0033,Uber,Travel,107.97,US,in_store
T004670,2025-02-09 11:32:00,A0178,Target,Retail,288.47,US,in_store
T004755,2025-03-25 19:55:00,A0065,Marriott,Travel,46.11,US,online
T004231,2025-01-17 12:26:00,A0169,Uber,Travel,8.19,US,atm
T001926,2025-04-26 09:59:00,A0074,Starbucks,Food,163.02,US,atm
T004586,2025-01-01 14:27:00,A0003,Walmart,Retail,128.5,US,in_store
T001639,2025-04-14 09:38:00,A0049,Uber,Travel,214.18,US,mobile
T004992,2025-02-23 13:51:00,A0191,Costco,Retail,96.54,US,online
T001974,2025-03-09 14:59:00,A0059,Uber,Travel,151.46,US,atm
T004436,2025-02-14 20:21:00,A0132,Starbucks,Food,379.69,US,mobile
T000288,2025-02-06 10:38:00,A0194,Costco,Retail,163.55,US,online
T002580,2025-02-19 20:39:00,A0172,Netflix,Subscription,330.31,US,online
T002601,2025-02-19 11:33:00,A0027,Apple,Electronics,72.79,US,atm
T001497,2025-05-07 09:29:00,A0024,Starbucks,Food,327.16,US,in_store
T002329,2025-02-22 12:09:00,A0156,BestBuy,Electronics,35.56,US,mobile
T004893,2025-02-12 10:47:00,A0188,Starbucks,Food,367.6,US,mobile
T003226,2025-05-16 15:12:00,A0077,Marriott,Travel,245.33,US,online
T002432,2025-03-08 20:24:00,A0179,Starbucks,Food,115.86,US,online
T001381,2025-02-01 20:33:00,A0155,Uber,Travel,380.67,CA,in_store
T000448,2025-01-29 10:31:00,A0099,Marriott,Travel,239.6,US,online
T002400,2025-02-05 10:32:00,A0011,Delta Airlines,Travel,200.67,US,in_store
T000250,2025-05-08 18:31:00,A0048,Netflix,Subscription,370.1,US,atm
T000553,2025-01-28 14:04:00,A0077,Netflix,Subscription,395.4,US,atm
T000688,2025-05-20 13:16:00,A0154,Shell,Fuel,7.16,MX,online
T003946,2025-04-02 17:15:00,A0031,Delta Airlines,Travel,74.56,US,mobile
T001499,2025-04-11 17:38:00,A0046,Shell,Fuel,32.43,US,mobile
T004402,2025-03-25 11:46:00,A0093,Delta Airlines,Travel,109.01,US,in_store
T003622,2025-02-10 16:44:00,A0083,Netflix,Subscription,40.76,US,atm
T001700,2025-05-27 15:12:00,A0035,Shell,Fuel,104.74,US,atm
T004103,2025-03-22 10:09:00,A0133,Amazon,Retail,344.97,US,mobile
T000519,2025-01-14 12:00:00,A0040,Apple,Electronics,39.61,US,mobile
T004320,2025-02-26 11:34:00,A0151,Delta Airlines,Travel,41.22,US,online
T003776,2025-04-25 15:03:00,A0116,Starbucks,Food,96.69,US,atm
T001244,2025-05-22 10:42:00,A0044,BestBuy,Electronics,228.45,US,in_store
T002864,2025-04-09 16:11:00,A0076,Walmart,Retail,43.15,US,in_store
T002599,2025-01-28 21:09:00,A0137,Target,Retail,297.66,US,in_store
T002805,2025-01-18 13:01:00,A0157,Walmart,Retail,36.23,US,online
T004082,2025-04-23 08:57:00,A0032,Apple,Electronics,135.22,US,in_store
T003323,2025-05-23 17:23:00,A0024,BestBuy,Electronics,107.36,US,in_store
T003110,2025-04-08 20:12:00,A0152,Shell,Fuel,297.31,US,in_store
T000693,2025-03-20 16:22:00,A0065,BestBuy,Electronics,162.26,US,online
T003168,2025-01-20 15:12:00,A0071,Delta Airlines,Travel,321.78,US,online
T005087,2025-05-29 10:02:00,A0193,Target,Retail,91.06,US,online
T002585,2025-05-07 14:28:00,A0005,Delta Airlines,Travel,116.19,US,online
T003212,2025-03-25 20:42:00,A0105,Shell,Fuel,371.0,GB,in_store
T004830,2025-05-23 17:23:00,A0035,Shell,Fuel,393.28,US,atm
T004318,2025-05-22 13:21:00,A0044,Netflix,Subscription,324.02,US,mobile
T001981,2025-04-10 18:58:00,A0012,BestBuy,Electronics,197.38,US,mobile
T003925,2025-05-22 12:22:00,A0085,Target,Retail,314.78,US,atm
T003632,2025-01-05 12:14:00,A0038,Delta Airlines,Travel,362.47,US,online
T003801,2025-05-22 10:57:00,A0109,Apple,Electronics,197.85,US,online
T002889,2025-03-07 15:48:00,A0113,Shell,Fuel,138.27,US,mobile
T001512,2025-03-19 16:52:00,A0171,Uber,Travel,142.61,US,atm
T001562,2025-04-19 11:16:00,A0195,Marriott,Travel,74.56,US,online
T002133,2025-02-11 09:35:00,A0143,Netflix,Subscription,27.4,US,online
T003687,2025-03-27 16:20:00,A0009,Starbucks,Food,251.44,US,in_store
T004261,2025-03-14 18:13:00,A0053,Netflix,Subscription,246.23,US,mobile
T004850,2025-01-23 19:50:00,A0128,Target,Retail,123.97,US,online
T000691,2025-04-19 16:23:00,A0138,Delta Airlines,Travel,113.85,US,mobile
T003453,2025-01-16 08:39:00,A0089,BestBuy,Electronics,94.37,US,atm
T000802,2025-01-19 11:49:00,A0063,Apple,Electronics,132.75,US,online
T002514,2025-02-01 21:35:00,A0136,Costco,Retail,296.71,US,atm
T000733,2025-05-27 13:54:00,A0108,Walmart,Retail,36.25,US,in_store
T002885,2025-05-01 19:07:00,A0072,Apple,Electronics,335.35,US,in_store
T001184,2025-04-16 21:26:00,A0110,Target,Retail,380.98,US,atm
T003534,2025-01-07 18:54:00,A0103,Netflix,Subscription,320.53,US,atm
T003268,2025-01-25 10:45:00,A0065,Amazon,Retail,243.99,US,online
T004651,2025-01-05 10:10:00,A0099,Apple,Electronics,304.84,US,atm
T001748,2025-04-06 20:52:00,A0147,Marriott,Travel,169.31,US,mobile
T001077,2025-01-26 19:31:00,A0147,Walmart,Retail,277.89,US,atm
T001169,2025-03-01 15:14:00,A0113,Delta Airlines,Travel,364.08,US,mobile
T001898,2025-01-13 14:18:00,A0112,Amazon,Retail,53.01,US,mobile
T001998,2025-03-24 13:09:00,A0058,Uber,Travel,342.95,US,atm
T002707,2025-04-08 20:50:00,A0185,Walmart,Retail,325.13,DE,online
T003313,2025-01-16 07:01:00,A0001,Costco,Retail,210.0,US,atm
T001965,2025-03-14 17:19:00,A0132,Uber,Travel,347.57,US,atm
T003977,2025-05-05 09:17:00,A0037,Netflix,Subscription,377.51,US,in_store
T005030,2025-04-17 10:02:00,A0036,Walmart,Retail,530.65,US,online
T004366,2025-05-18 18:19:00,A0110,Marriott,Travel,377.14,US,mobile
T004890,2025-05-18 15:56:00,A0045,Starbucks,Food,397.45,US,atm
T000102,2025-02-16 14:13:00,A0084,Netflix,Subscription,320.14,US,atm
T004304,2025-02-17 14:27:00,A0148,Uber,Travel,342.87,US,atm
T004037,2025-04-27 13:18:00,A0104,Amazon,Retail,244.87,CA,mobile
T003963,2025-05-21 07:26:00,A0123,Marriott,Travel,34.3,CA,online
T002418,2025-02-01 20:59:00,A0040,Amazon,Retail,381.67,US,atm
T002423,2025-03-31 07:21:00,A0123,Apple,Electronics,318.1,US,online
T004352,2025-02-02 21:59:00,A0166,Starbucks,Food,338.12,US,online
T004237,2025-04-08 18:24:00,A0123,Apple,Electronics,235.32,US,in_store
T002581,2025-04-07 15:03:00,A0017,Delta Airlines,Travel,261.07,US,atm
T001642,2025-04-11 08:14:00,A0101,BestBuy,Electronics,330.51,US,atm
T004968,2025-03-15 21:44:00,A0076,Costco,Retail,278.93,US,in_store
T004835,2025-01-15 11:14:00,A0074,Shell,Fuel,172.74,US,atm
T000128,2025-04-15 12:20:00,A0090,Marriott,Travel,46.32,US,atm
T001870,2025-02-05 14:37:00,A0122,Netflix,Subscription,152.05,US,online
T004452,2025-03-02 19:29:00,A0140,Apple,Electronics,62.03,US,atm
T000789,2025-05-11 15:36:00,A0142,Delta Airlines,Travel,66.11,US,mobile
T003194,2025-01-21 09:18:00,A0126,Netflix,Subscription,292.82,US,online
T003980,2025-03-13 20:51:00,A0043,Delta Airlines,Travel,118.75,US,online
T003019,2025-02-09 12:35:00,A0065,Marriott,Travel,343.94,US,in_store
T002232,2025-02-08 15:00:00,A0055,Marriott,Travel,298.98,US,atm
T002199,2025-03-16 09:15:00,A0156,Costco,Retail,377.62,US,mobile
T000911,2025-01-21 09:46:00,A0177,BestBuy,Electronics,212.93,CA,atm
T001538,2025-03-10 08:36:00,A0062,Delta Airlines,Travel,22.73,US,online
T004472,2025-05-29 07:59:00,A0145,Shell,Fuel,138.86,GB,mobile
T001762,2025-05-10 09:36:00,A0108,Target,Retail,254.89,DE,in_store
T002773,2025-01-19 10:53:00,A0077,Walmart,Retail,236.67,CA,in_store
T004885,2025-03-18 12:39:00,A0082,Costco,Retail,135.88,US,mobile
T004777,2025-05-03 15:19:00,A0097,Shell,Fuel,396.44,US,online
T000583,2025-01-24 19:32:00,A0039,Walmart,Retail,290.81,US,atm
T003377,2025-04-30 16:48:00,A0036,Amazon,Retail,287.45,US,online
T000512,2025-01-01 07:24:00,A0185,Target,Retail,294.37,US,mobile
T001360,2025-01-10 21:07:00,A0105,Apple,Electronics,373.19,US,in_store
T000296,2025-04-18 09:26:00,A0081,BestBuy,Electronics,85.54,US,mobile
T004981,2025-04-23 09:34:00,A0095,Walmart,Retail,284.16,US,in_store
T001425,2025-01-26 17:52:00,A0177,Amazon,Retail,98.65,US,in_store
T004809,2025-04-07 19:41:00,A0148,Delta Airlines,Travel,62.95,US,atm
T001276,2025-05-22 10:11:00,A0087,Shell,Fuel,13.49,US,online
T000798,2025-03-16 19:25:00,A0111,Starbucks,Food,57.21,US,mobile
T001625,2025-04-28 08:08:00,A0150,Netflix,Subscription,345.45,CA,mobile
T000514,2025-04-26 08:51:00,A0042,Amazon,Retail,121.49,US,atm
T002373,2025-03-18 14:46:00,A0131,Apple,Electronics,25.26,US,atm
T000700,2025-01-09 19:38:00,A0050,Costco,Retail,208.75,US,in_store
T000473,2025-05-06 07:09:00,A0108,BestBuy,Electronics,115.53,US,in_store
T004246,2025-03-26 12:01:00,A0142,Target,Retail,111.25,US,online
T002767,2025-03-10 14:32:00,A0007,Uber,Travel,64.92,US,online
T002846,2025-04-15 20:37:00,A0080,Netflix,Subscription,333.66,US,online
T002194,2025-04-04 07:27:00,A0103,Marriott,Travel,362.62,US,in_store
T002672,2025-01-17 14:43:00,A0045,Shell,Fuel,83.34,US,in_store
T004653,2025-01-23 17:53:00,A0062,Amazon,Retail,37.08,US,mobile
T002706,2025-02-02 07:53:00,A0097,Delta Airlines,Travel,81.49,US,atm
T000853,2025-01-24 19:19:00,A0010,Netflix,Subscription,150.58,US,online
T000582,2025-03-02 07:00:00,A0085,Marriott,Travel,40.16,US,mobile
T002905,2025-03-23 08:21:00,A0021,Shell,Fuel,345.82,US,atm
T003870,2025-04-10 08:10:00,A0027,Netflix,Subscription,315.18,US,online
T000685,2025-04-18 12:55:00,A0134,Amazon,Retail,280.57,US,in_store
T003468,2025-05-17 21:17:00,A0169,Netflix,Subscription,350.45,US,online
T002236,2025-02-17 08:02:00,A0053,Apple,Electronics,322.83,MX,in_store
T004766,2025-01-27 15:49:00,A0132,Uber,Travel,311.5,US,mobile
T000384,2025-01-28 09:19:00,A0118,Amazon,Retail,379.79,US,mobile
T000788,2025-01-02 11:14:00,A0078,Shell,Fuel,343.01,US,atm
T000331,2025-04-08 14:55:00,A0096,Apple,Electronics,153.38,US,in_store
T003035,2025-03-20 08:12:00,A0039,Delta Airlines,Travel,101.24,US,mobile
T002136,2025-05-25 07:52:00,A0001,Apple,Electronics,308.63,US,in_store
T003800,2025-05-31 15:02:00,A0069,Walmart,Retail,360.36,US,mobile
T001724,2025-04-24 18:19:00,A0057,Netflix,Subscription,313.18,US,in_store
T000587,2025-04-23 16:17:00,A0092,BestBuy,Electronics,41.72,US,in_store
T003580,2025-04-09 13:25:00,A0003,Walmart,Retail,386.77,US,mobile
T002468,2025-05-25 16:22:00,A0172,Walmart,Retail,155.07,US,in_store
T003812,2025-01-01 11:30:00,A0147,Shell,Fuel,382.9,US,atm
T004973,2025-02-12 19:48:00,A0133,Shell,Fuel,174.2,US,in_store
T004994,2025-01-08 19:45:00,A0067,Delta Airlines,Travel,231.57,US,atm
T003501,2025-02-20 19:26:00,A0053,Walmart,Retail,9.91,US,atm
T002307,2025-04-16 11:16:00,A0133,Delta Airlines,Travel,172.42,US,in_store
T000811,2025-02-21 19:44:00,A0073,Delta Airlines,Travel,112.16,US,online
T003185,2025-03-01 11:58:00,A0013,Uber,Travel,124.69,US,in_store
T000939,2025-01-28 21:28:00,A0056,BestBuy,Electronics,107.3,US,online
T002518,2025-05-27 17:42:00,A0134,Marriott,Travel,293.57,US,atm
T002548,2025-01-25 08:47:00,A0133,Starbucks,Food,173.47,US,online
T003990,2025-05-16 09:05:00,A0059,Uber,Travel,183.85,US,in_store
T000077,2025-04-24 16:52:00,A0194,BestBuy,Electronics,357.35,US,mobile
T003917,2025-01-07 21:19:00,A0019,Walmart,Retail,250.71,US,atm
T001331,2025-01-25 19:53:00,A0057,Marriott,Travel,71.31,US,online
T003973,2025-05-22 10:51:00,A0169,Marriott,Travel,201.29,US,online
T000413,2025-02-12 14:18:00,A0143,Starbucks,Food,78.9,US,online
T002701,2025-02-20 21:39:00,A0064,BestBuy,Electronics,293.22,US,atm
T001257,2025-01-17 19:08:00,A0081,Amazon,Retail,368.05,US,online
T000861,2025-03-27 12:35:00,A0012,Marriott,Travel,88.87,US,in_store
T002874,2025-01-15 08:31:00,A0002,Costco,Retail,262.52,US,in_store
T003227,2025-01-04 21:21:00,A0119,Delta Airlines,Travel,214.0,US,atm
T001515,2025-05-28 13:46:00,A0029,Uber,Travel,62.14,US,in_store
T001006,2025-03-02 08:02:00,A0042,Netflix,Subscription,231.94,US,atm
T000638,2025-02-24 20:43:00,A0172,Apple,Electronics,335.09,US,mobile
T000878,2025-02-23 12:12:00,A0164,Shell,Fuel,118.19,US,atm
T002159,2025-01-25 19:02:00,A0114,Starbucks,Food,352.69,US,mobile
T004841,2025-02-14 07:05:00,A0181,Amazon,Retail,395.95,US,mobile
T002492,2025-05-17 20:07:00,A0189,Costco,Retail,194.33,US,in_store
T000438,2025-02-27 15:43:00,A0152,Target,Retail,8.67,US,atm
T003606,2025-02-17 19:18:00,A0077,Uber,Travel,113.65,US,atm
T000470,2025-05-20 19:50:00,A0188,Shell,Fuel,64.47,US,online
T003214,2025-05-03 10:18:00,A0109,Uber,Travel,348.4,US,online
T003334,2025-03-17 08:10:00,A0003,Delta Airlines,Travel,42.41,DE,in_store
T003704,2025-05-10 18:31:00,A0192,Walmart,Retail,339.66,MX,in_store
T004743,2025-03-19 10:22:00,A0163,Uber,Travel,297.37,US,atm
T001067,2025-03-19 21:45:00,A0143,Starbucks,Food,199.13,US,atm
T001942,2025-01-25 12:41:00,A0068,BestBuy,Electronics,34.26,US,mobile
T001994,2025-01-19 19:43:00,A0193,Apple,Electronics,328.01,US,mobile
T002763,2025-05-05 11:43:00,A0046,BestBuy,Electronics,223.52,US,atm
T002348,2025-04-12 15:34:00,A0174,BestBuy,Electronics,164.54,US,mobile
T004428,2025-05-15 16:26:00,A0181,Amazon,Retail,198.17,US,in_store
T000277,2025-02-22 12:38:00,A0119,Starbucks,Food,128.47,US,atm
T003467,2025-04-25 19:49:00,A0031,Shell,Fuel,15.45,US,in_store
T000435,2025-04-03 11:05:00,A0168,Netflix,Subscription,267.48,US,in_store
T001090,2025-05-24 13:27:00,A0125,Marriott,Travel,362.73,US,in_store
T002474,2025-01-03 21:37:00,A0066,Apple,Electronics,52.51,US,mobile
T004387,2025-03-10 21:47:00,A0125,Apple,Electronics,255.03,US,mobile
T001116,2025-05-15 13:49:00,A0004,Target,Retail,331.77,US,online
T003992,2025-03-11 12:04:00,A0146,BestBuy,Electronics,369.4,US,mobile
T004374,2025-05-07 13:16:00,A0158,Netflix,Subscription,93.49,US,mobile
T001330,2025-04-18 07:00:00,A0005,Netflix,Subscription,329.11,US,online
T001292,2025-05-12 15:41:00,A0129,Walmart,Retail,315.42,US,online
T000020,2025-04-27 07:46:00,A0041,BestBuy,Electronics,109.04,US,in_store
T001887,2025-02-15 19:15:00,A0057,Netflix,Subscription,148.1,US,online
T001547,2025-01-04 09:49:00,A0025,Uber,Travel,221.12,US,mobile
T001667,2025-04-13 21:06:00,A0109,Uber,Travel,368.48,US,atm
T002274,2025-04-08 07:31:00,A0007,Walmart,Retail,192.57,US,online
T000818,2025-03-13 10:09:00,A0143,Netflix,Subscription,359.38,US,in_store
T000808,2025-02-23 18:34:00,A0085,Shell,Fuel,85.5,US,atm
T004286,2025-01-06 20:30:00,A0039,Apple,Electronics,189.56,US,atm
T004229,2025-03-13 10:51:00,A0041,Netflix,Subscription,7.89,US,atm
T001711,2025-02-22 15:52:00,A0036,BestBuy,Electronics,135.2,CA,online
T003117,2025-02-17 14:58:00,A0069,Target,Retail,192.3,US,in_store
T003077,2025-04-26 18:37:00,A0170,Apple,Electronics,204.25,US,mobile
T004279,2025-02-26 20:07:00,A0115,Target,Retail,124.07,US,mobile
T001559,2025-05-02 08:17:00,A0055,Target,Retail,20.12,US,mobile
T000771,2025-04-04 14:00:00,A0139,Marriott,Travel,204.85,GB,in_store
T003074,2025-02-22 11:56:00,A0013,Starbucks,Food,80.25,US,in_store
T004009,2025-01-04 08:59:00,A0160,Apple,Electronics,208.95,US,mobile
T000206,2025-04-03 08:27:00,A0177,Walmart,Retail,101.11,US,mobile
T000647,2025-05-22 20:35:00,A0003,Starbucks,Food,53.68,US,mobile
T001882,2025-05-03 09:22:00,A0002,Walmart,Retail,190.97,US,mobile
T000577,2025-03-06 14:44:00,A0141,Starbucks,Food,86.17,US,online
T003941,2025-02-06 16:50:00,A0057,Netflix,Subscription,271.88,US,atm
T002360,2025-02-07 18:45:00,A0026,Costco,Retail,111.5,US,in_store
T002130,2025-03-29 20:16:00,A0040,Starbucks,Food,143.3,US,online
T001354,2025-02-09 20:50:00,A0195,Target,Retail,12.83,US,mobile
T003851,2025-01-21 09:41:00,A0122,Target,Retail,346.05,US,mobile
T000314,2025-05-26 17:48:00,A0076,Shell,Fuel,74.32,US,mobile
T002964,2025-03-15 19:48:00,A0149,Uber,Travel,123.7,US,mobile
T003564,2025-02-25 12:51:00,A0069,Delta Airlines,Travel,155.69,US,in_store
T004028,2025-01-03 17:29:00,A0033,Shell,Fuel,224.45,US,in_store
T004513,2025-05-01 16:33:00,A0139,Target,Retail,67.99,US,mobile
T002495,2025-05-18 08:16:00,A0135,Uber,Travel,136.17,US,in_store
T001237,2025-04-11 15:05:00,A0196,Marriott,Travel,262.25,US,online
T002355,2025-05-05 13:29:00,A0065,BestBuy,Electronics,188.76,US,mobile
T003592,2025-03-25 20:42:00,A0165,Apple,Electronics,122.36,MX,in_store
T000515,2025-01-19 12:10:00,A0027,Apple,Electronics,68.56,US,online
T000304,2025-03-11 09:06:00,A0144,Delta Airlines,Travel,297.65,US,in_store
T003487,2025-05-31 19:16:00,A0049,Starbucks,Food,260.22,US,in_store
T001232,2025-01-23 13:44:00,A0077,Walmart,Retail,333.05,CA,atm
T003614,2025-04-26 11:17:00,A0083,BestBuy,Electronics,321.3,US,atm
T000324,2025-05-21 21:32:00,A0016,Shell,Fuel,231.22,US,in_store
T004442,2025-04-06 18:13:00,A0097,Starbucks,Food,153.04,US,atm
T002832,2025-01-16 11:20:00,A0196,Target,Retail,233.62,US,mobile
T001976,2025-04-17 07:48:00,A0196,Apple,Electronics,26.85,US,atm
T003826,2025-02-17 10:03:00,A0014,Starbucks,Food,383.78,US,atm
T004406,2025-01-29 12:13:00,A0077,Netflix,Subscription,239.53,US,online
T003242,2025-04-08 19:25:00,A0053,Starbucks,Food,366.43,US,in_store
T004684,2025-03-25 13:04:00,A0022,Apple,Electronics,32.81,US,mobile
T001800,2025-01-06 19:24:00,A0185,Walmart,Retail,313.27,US,atm
T001135,2025-01-20 10:49:00,A0107,Target,Retail,272.38,US,online
T005105,2025-01-09 04:00:00,A0184,Uber,Travel,978.14,RU,online
T000034,2025-03-05 10:12:00,A0028,Costco,Retail,182.2,US,in_store
T003550,2025-05-18 08:26:00,A0120,Target,Retail,203.29,US,mobile
T001768,2025-04-26 18:53:00,A0105,Apple,Electronics,119.27,US,in_store
T002092,2025-01-23 08:25:00,A0085,Delta Airlines,Travel,281.87,US,mobile
T004555,2025-03-10 09:58:00,A0134,Delta Airlines,Travel,319.89,US,atm
T001805,2025-03-19 07:14:00,A0073,Marriott,Travel,310.1,US,online
T002549,2025-01-15 15:56:00,A0050,Shell,Fuel,147.72,US,online
T004572,2025-05-02 21:16:00,A0076,Amazon,Retail,255.25,US,atm
T002669,2025-02-09 20:36:00,A0098,Amazon,Retail,133.55,US,online
T000523,2025-01-12 11:28:00,A0115,Target,Retail,109.04,US,online
T003291,2025-01-18 14:53:00,A0141,Amazon,Retail,184.64,US,in_store
T000946,2025-05-17 20:21:00,A0094,Walmart,Retail,337.27,GB,atm
T003096,2025-03-08 13:06:00,A0083,Delta Airlines,Travel,315.73,US,in_store
T000501,2025-03-26 21:39:00,A0001,Shell,Fuel,323.55,US,in_store
T002501,2025-02-18 14:51:00,A0022,Walmart,Retail,178.4,US,atm
T003127,2025-01-22 09:54:00,A0165,Starbucks,Food,42.27,US,online
T004736,2025-05-20 11:18:00,A0008,BestBuy,Electronics,135.86,US,online
T001652,2025-05-05 11:23:00,A0170,Target,Retail,10.36,US,atm
T000646,2025-03-17 17:09:00,A0140,Uber,Travel,272.53,GB,atm
T004896,2025-05-01 09:33:00,A0048,Target,Retail,296.82,US,in_store
T000466,2025-05-09 17:57:00,A0031,Amazon,Retail,75.84,US,online
T003023,2025-01-15 11:25:00,A0137,Marriott,Travel,318.23,US,online
T002066,2025-05-18 18:51:00,A0091,Shell,Fuel,130.03,US,online
T001967,2025-01-02 12:57:00,A0125,Costco,Retail,190.85,US,in_store
T003445,2025-05-06 11:39:00,A0151,BestBuy,Electronics,252.51,US,online
T004868,2025-03-30 19:09:00,A0070,Delta Airlines,Travel,333.71,US,mobile
T004088,2025-01-05 19:09:00,A0165,Delta Airlines,Travel,82.49,US,online
T002294,2025-01-26 09:24:00,A0055,Costco,Retail,255.19,US,online
T002742,2025-04-23 17:07:00,A0152,Apple,Electronics,155.98,US,atm
T000704,2025-03-12 10:38:00,A0089,Shell,Fuel,184.63,US,online
T001735,2025-04-29 13:36:00,A0137,BestBuy,Electronics,229.48,US,atm
T002491,2025-05-29 08:50:00,A0024,BestBuy,Electronics,55.08,US,in_store
T001358,2025-05-09 18:46:00,A0004,Netflix,Subscription,199.12,US,mobile
T003556,2025-01-17 14:10:00,A0133,Apple,Electronics,64.34,US,mobile
T003677,2025-02-18 10:48:00,A0109,Starbucks,Food,208.92,US,in_store
T000951,2025-01-10 12:03:00,A0005,Netflix,Subscription,316.17,US,mobile
T004350,2025-05-11 21:32:00,A0136,Target,Retail,292.56,US,atm
T001956,2025-04-25 16:33:00,A0015,Shell,Fuel,101.65,DE,in_store
T002112,2025-05-27 15:11:00,A0151,Marriott,Travel,128.89,US,online
T003514,2025-02-20 15:27:00,A0045,BestBuy,Electronics,283.91,US,online
T003875,2025-01-16 08:55:00,A0023,Apple,Electronics,199.98,US,online
T001612,2025-03-14 16:13:00,A0099,Costco,Retail,90.9,US,atm
T001315,2025-03-05 09:57:00,A0107,Delta Airlines,Travel,294.63,US,mobile
T000163,2025-04-30 08:09:00,A0030,Shell,Fuel,344.76,CA,mobile
T000888,2025-03-26 19:55:00,A0047,Netflix,Subscription,184.05,US,online
T001960,2025-01-26 15:56:00,A0119,Amazon,Retail,130.95,US,online
T004686,2025-01-23 20:14:00,A0036,Amazon,Retail,23.52,DE,in_store
T004502,2025-02-28 17:58:00,A0182,Amazon,Retail,162.54,US,in_store
T000872,2025-01-10 19:12:00,A0096,Walmart,Retail,180.29,US,mobile
T000154,2025-04-19 18:16:00,A0164,Target,Retail,338.9,US,mobile
T004901,2025-05-08 17:45:00,A0116,Amazon,Retail,27.09,US,in_store
T002909,2025-01-08 21:14:00,A0165,Marriott,Travel,301.64,US,online
T004536,2025-02-01 08:27:00,A0083,Shell,Fuel,321.82,US,mobile
T002234,2025-02-20 12:57:00,A0086,Uber,Travel,160.09,US,atm
T002930,2025-03-27 21:58:00,A0174,Target,Retail,136.96,US,mobile
T000365,2025-04-14 13:24:00,A0024,Costco,Retail,193.02,US,online
T000459,2025-03-10 18:56:00,A0192,Walmart,Retail,309.71,US,atm
T002266,2025-01-01 21:50:00,A0184,Costco,Retail,320.97,US,in_store
T003871,2025-04-13 19:45:00,A0030,Shell,Fuel,229.24,US,online
T002844,2025-03-16 21:20:00,A0142,Marriott,Travel,101.37,US,online
T000505,2025-03-23 09:45:00,A0167,Costco,Retail,278.96,US,atm
T001745,2025-05-22 18:14:00,A0011,Amazon,Retail,380.92,US,atm
T003386,2025-04-01 20:29:00,A0142,Uber,Travel,162.37,US,online
T001557,2025-01-22 09:46:00,A0028,Walmart,Retail,367.4,US,mobile
T004527,2025-05-23 10:25:00,A0177,Costco,Retail,284.35,US,mobile
T000820,2025-03-03 16:09:00,A0107,Apple,Electronics,388.36,US,atm
T000329,2025-03-30 18:04:00,A0109,Costco,Retail,397.68,US,mobile
T002929,2025-04-11 14:14:00,A0099,Starbucks,Food,248.43,US,atm
T000593,2025-03-22 07:45:00,A0168,Marriott,Travel,212.3,MX,in_store
T003728,2025-03-11 15:00:00,A0100,Uber,Travel,130.52,US,mobile
T003994,2025-04-20 10:00:00,A0134,Walmart,Retail,31.61,US,in_store
T003309,2025-04-22 11:28:00,A0131,Amazon,Retail,204.15,US,in_store
T001924,2025-04-03 17:06:00,A0082,Marriott,Travel,354.48,US,atm
T001584,2025-02-13 16:27:00,A0086,Shell,Fuel,224.52,US,in_store
T002980,2025-04-11 13:59:00,A0070,BestBuy,Electronics,239.89,US,mobile
T004149,2025-02-25 17:29:00,A0114,Apple,Electronics,312.32,US,online
T002200,2025-01-04 11:40:00,A0126,Starbucks,Food,138.74,US,mobile
T000886,2025-04-27 11:43:00,A0025,Marriott,Travel,285.54,US,mobile
T004301,2025-02-07 18:39:00,A0141,Amazon,Retail,297.45,US,in_store
T001365,2025-05-29 17:53:00,A0064,Starbucks,Food,9.87,DE,online
T001532,2025-05-14 13:08:00,A0024,BestBuy,Electronics,88.69,US,online
T003698,2025-02-25 09:08:00,A0076,BestBuy,Electronics,92.86,US,atm
T001848,2025-05-03 13:02:00,A0165,BestBuy,Electronics,283.18,US,online
T005002,2025-03-29 05:00:00,A0122,Apple,Electronics,5000,US,online
T002545,2025-01-20 08:16:00,A0108,Amazon,Retail,279.69,GB,atm
T002722,2025-02-23 07:51:00,A0010,BestBuy,Electronics,318.05,US,in_store
T002088,2025-03-01 16:51:00,A0085,Costco,Retail,378.78,US,atm
T004679,2025-01-27 11:42:00,A0004,Marriott,Travel,260.13,US,mobile
T004127,2025-03-23 20:30:00,A0171,Netflix,Subscription,385.51,CA,in_store
T003738,2025-01-01 15:33:00,A0052,BestBuy,Electronics,56.01,US,atm
T000463,2025-05-11 07:02:00,A0059,Amazon,Retail,101.6,US,atm
T004857,2025-01-19 15:16:00,A0178,Apple,Electronics,272.58,US,atm
T000495,2025-05-01 15:22:00,A0015,Delta Airlines,Travel,399.84,US,online
T002218,2025-05-22 14:23:00,A0084,Starbucks,Food,129.53,CA,mobile
T002363,2025-05-05 13:48:00,A0113,Costco,Retail,19.28,MX,online
T002927,2025-04-18 20:43:00,A0165,Amazon,Retail,145.69,US,mobile
T004775,2025-05-27 13:23:00,A0119,Costco,Retail,342.75,US,in_store
T003056,2025-04-11 12:59:00,A0157,Uber,Travel,168.51,US,in_store
T004774,2025-05-13 12:40:00,A0157,Marriott,Travel,285.7,US,online
T001089,2025-03-03 08:09:00,A0104,Shell,Fuel,15.94,US,mobile
T002693,2025-05-31 18:22:00,A0200,Marriott,Travel,14.49,US,in_store
T002703,2025-03-19 19:33:00,A0117,Walmart,Retail,64.1,US,in_store
T000434,2025-02-03 21:41:00,A0177,Uber,Travel,67.8,US,online
T001462,2025-01-28 19:01:00,A0029,Starbucks,Food,66.44,US,online
T003405,2025-02-06 07:22:00,A0120,Walmart,Retail,179.41,US,mobile
T000200,2025-02-26 13:38:00,A0012,Amazon,Retail,8.04,US,in_store
T004143,2025-02-10 17:37:00,A0176,Target,Retail,196.04,US,online
T003607,2025-01-01 19:17:00,A0141,Target,Retail,175.34,US,mobile
T000716,2025-03-22 14:57:00,A0159,Delta Airlines,Travel,348.16,US,in_store
T003230,2025-05-16 15:21:00,A0054,Apple,Electronics,340.32,US,online
T001157,2025-04-03 18:43:00,A0159,BestBuy,Electronics,271.67,US,online
T001883,2025-02-24 21:30:00,A0179,Marriott,Travel,153.64,US,in_store
T000984,2025-01-22 15:48:00,A0062,Amazon,Retail,278.8,US,in_store
T004024,2025-04-09 13:37:00,A0123,Costco,Retail,325.39,US,atm
T003493,2025-02-26 10:23:00,A0148,Shell,Fuel,217.8,US,in_store
T004157,2025-02-22 11:26:00,A0155,Marriott,Travel,277.46,US,atm
T000493,2025-05-05 12:58:00,A0140,Delta Airlines,Travel,203.45,US,atm
T001451,2025-05-26 13:13:00,A0189,Uber,Travel,372.0,US,online
T000152,2025-02-06 10:29:00,A0150,Marriott,Travel,105.32,US,online
T002661,2025-01-02 09:23:00,A0039,Costco,Retail,393.99,US,in_store
T004690,2025-03-04 17:26:00,A0161,Netflix,Subscription,387.92,CA,mobile
T000460,2025-03-11 15:04:00,A0110,Uber,Travel,286.37,US,online
T001599,2025-03-07 21:07:00,A0134,Shell,Fuel,244.41,US,online
T002602,2025-05-06 19:46:00,A0189,Marriott,Travel,244.57,US,mobile
T001303,2025-03-26 16:40:00,A0040,Delta Airlines,Travel,365.93,US,mobile
T004991,2025-02-02 18:06:00,A0069,Marriott,Travel,343.61,DE,mobile
T001842,2025-03-13 18:09:00,A0043,Apple,Electronics,226.39,US,atm
T002284,2025-02-12 09:08:00,A0026,BestBuy,Electronics,391.62,US,online
T000116,2025-05-14 13:28:00,A0199,Target,Retail,122.45,US,mobile
T004325,2025-01-24 08:18:00,A0076,BestBuy,Electronics,163.62,US,in_store
T002806,2025-04-06 21:54:00,A0024,Costco,Retail,327.04,US,mobile
T001644,2025-01-01 08:11:00,A0188,Costco,Retail,363.57,US,mobile
T004802,2025-01-05 09:43:00,A0145,Starbucks,Food,64.12,US,mobile
T001376,2025-01-26 07:03:00,A0173,Uber,Travel,301.96,US,online
T000431,2025-03-14 12:35:00,A0083,Delta Airlines,Travel,56.58,US,atm
T000412,2025-02-17 14:40:00,A0109,Costco,Retail,278.91,US,in_store
T000531,2025-05-23 13:35:00,A0100,Netflix,Subscription,343.37,US,mobile
T002075,2025-02-26 10:56:00,A0058,Shell,Fuel,178.94,US,in_store
T003332,2025-03-25 21:08:00,A0177,Target,Retail,94.82,US,in_store
T004259,2025-03-28 08:34:00,A0001,BestBuy,Electronics,204.55,US,online
T001902,2025-01-10 15:47:00,A0092,Apple,Electronics,103.21,US,online
T001137,2025-01-08 08:29:00,A0040,BestBuy,Electronics,265.52,US,atm
T003238,2025-05-02 11:08:00,A0147,Marriott,Travel,347.13,US,online
T004949,2025-05-27 08:43:00,A0030,Delta Airlines,Travel,348.2,US,in_store
T002732,2025-04-14 09:52:00,A0156,Target,Retail,369.18,US,mobile
T003540,2025-05-26 20:34:00,A0173,Starbucks,Food,198.76,US,in_store
T001905,2025-01-20 12:23:00,A0011,Amazon,Retail,62.97,CA,online
T004680,2025-03-01 16:45:00,A0002,Shell,Fuel,103.96,US,mobile
T003769,2025-03-26 12:40:00,A0083,Amazon,Retail,274.13,DE,atm
T001412,2025-04-12 14:19:00,A0062,BestBuy,Electronics,240.48,US,mobile
T003327,2025-05-29 21:45:00,A0073,Uber,Travel,345.98,US,mobile
T002161,2025-05-27 09:28:00,A0150,Amazon,Retail,388.27,US,atm
T000689,2025-05-14 08:33:00,A0148,Amazon,Retail,153.14,US,atm
T003940,2025-02-12 12:28:00,A0072,Amazon,Retail,99.47,GB,in_store
T002352,2025-04-07 11:23:00,A0098,Amazon,Retail,129.25,US,online
T000557,2025-02-26 17:34:00,A0088,Marriott,Travel,315.03,US,atm
T003510,2025-05-08 09:14:00,A0020,Uber,Travel,141.41,MX,atm
T002297,2025-03-09 13:03:00,A0058,Apple,Electronics,21.95,US,mobile
T000201,2025-02-05 19:16:00,A0197,Uber,Travel,134.61,US,mobile
T003477,2025-03-02 19:10:00,A0054,Delta Airlines,Travel,237.88,US,mobile
T000276,2025-04-27 08:44:00,A0077,Amazon,Retail,67.44,US,mobile
T004618,2025-02-27 12:10:00,A0075,Delta Airlines,Travel,126.35,US,online
T000015,2025-05-24 15:16:00,A0064,BestBuy,Electronics,235.91,US,mobile
T004126,2025-02-21 10:28:00,A0117,Uber,Travel,157.18,US,online
T005052,2025-03-28 22:00:00,A0167,Target,Retail,329.31,US,online
T003731,2025-01-05 21:21:00,A0174,Delta Airlines,Travel,332.21,GB,online
T001786,2025-05-05 20:11:00,A0039,BestBuy,Electronics,201.21,US,in_store
T004565,2025-04-13 16:31:00,A0032,Delta Airlines,Travel,61.73,US,online
T000109,2025-05-31 19:33:00,A0071,Delta Airlines,Travel,116.78,US,in_store
T003085,2025-01-05 09:21:00,A0035,Apple,Electronics,231.58,US,in_store
T000082,2025-01-16 10:53:00,A0107,Apple,Electronics,158.84,DE,online
T003621,2025-01-06 17:28:00,A0161,Costco,Retail,218.49,US,mobile
T004465,2025-04-13 19:00:00,A0044,Starbucks,Food,73.82,US,online
T002299,2025-02-02 14:39:00,A0192,Costco,Retail,356.05,US,in_store
T000497,2025-02-14 09:15:00,A0091,Delta Airlines,Travel,130.61,DE,atm
T002569,2025-04-03 17:15:00,A0084,Costco,Retail,59.72,US,online
T001569,2025-04-15 11:33:00,A0030,BestBuy,Electronics,6.45,US,in_store
T002628,2025-03-06 09:59:00,A0069,Costco,Retail,160.3,US,mobile
T000107,2025-04-27 11:19:00,A0091,Uber,Travel,96.06,CA,in_store
T002635,2025-02-27 20:32:00,A0027,Walmart,Retail,226.17,US,atm
T003899,2025-01-08 12:06:00,A0015,Delta Airlines,Travel,396.21,US,atm
T000454,2025-05-31 17:48:00,A0101,Marriott,Travel,274.02,US,atm
T001844,2025-04-30 19:42:00,A0094,Netflix,Subscription,292.75,US,in_store
T003457,2025-05-25 18:47:00,A0089,Costco,Retail,399.93,US,online
T000603,2025-02-27 20:29:00,A0014,Netflix,Subscription,226.26,US,mobile
T001743,2025-05-07 09:14:00,A0067,Marriott,Travel,73.93,US,online
T004161,2025-01-16 08:34:00,A0097,Uber,Travel,68.07,US,online
T004819,2025-02-15 12:29:00,A0088,Shell,Fuel,183.95,US,atm
T003828,2025-01-25 08:18:00,A0074,Starbucks,Food,15.79,US,mobile
T000051,2025-01-14 08:40:00,A0065,Apple,Electronics,332.59,US,online
T003089,2025-03-22 10:57:00,A0193,BestBuy,Electronics,27.38,US,atm
T001606,2025-01-28 16:24:00,A0082,Apple,Electronics,83.89,US,atm
T001069,2025-05-24 20:10:00,A0122,Costco,Retail,27.02,US,mobile
T000028,2025-03-05 10:04:00,A0031,Netflix,Subscription,13.31,US,in_store
T003378,2025-01-28 13:01:00,A0107,Costco,Retail,277.65,US,mobile
T005046,2025-04-17 03:06:00,A0030,Uber,Travel,520.23,US,online
T002038,2025-04-03 15:14:00,A0137,BestBuy,Electronics,379.13,US,in_store
T003293,2025-04-03 09:05:00,A0048,Marriott,Travel,161.94,US,atm
T004449,2025-02-17 14:10:00,A0029,Costco,Retail,86.79,US,online
T002917,2025-04-20 21:58:00,A0147,Costco,Retail,28.22,US,mobile
T002484,2025-04-21 09:44:00,A0176,Walmart,Retail,334.28,US,mobile
T002339,2025-03-21 09:33:00,A0105,Walmart,Retail,96.57,US,online
T003471,2025-05-29 17:06:00,A0026,Uber,Travel,98.92,US,mobile
T000612,2025-03-24 15:56:00,A0100,Apple,Electronics,170.37,US,in_store
T004702,2025-05-19 13:32:00,A0197,Walmart,Retail,349.48,US,online
T004397,2025-04-06 12:04:00,A0124,Starbucks,Food,231.17,US,atm
T001436,2025-03-31 18:36:00,A0136,Uber,Travel,222.86,US,online
T001580,2025-04-29 13:58:00,A0090,Marriott,Travel,283.01,DE,mobile
T000177,2025-02-07 09:34:00,A0071,Uber,Travel,320.41,US,online
T003469,2025-02-12 18:06:00,A0049,Walmart,Retail,144.76,US,atm
T002839,2025-02-07 08:02:00,A0043,Walmart,Retail,10.89,US,in_store
T005092,2025-04-22 14:00:00,A0173,Costco,Retail,230.63,US,online
T000115,2025-03-05 08:35:00,A0022,Apple,Electronics,244.5,US,in_store
T004011,2025-01-10 09:56:00,A0156,Target,Retail,317.17,US,online
T002561,2025-03-17 20:35:00,A0200,Marriott,Travel,243.84,US,mobile
T001540,2025-05-09 10:20:00,A0102,Apple,Electronics,291.65,US,online
T004661,2025-04-24 08:36:00,A0019,BestBuy,Electronics,304.76,US,online
T003986,2025-04-06 21:00:00,A0112,Starbucks,Food,63.2,US,atm
T004948,2025-04-08 17:26:00,A0149,Uber,Travel,324.78,US,in_store
T001014,2025-02-19 16:33:00,A0015,Shell,Fuel,313.61,DE,atm
T003363,2025-01-26 20:06:00,A0089,Amazon,Retail,76.79,US,atm
T004514,2025-01-20 11:51:00,A0052,Starbucks,Food,323.2,US,atm
T002377,2025-05-04 21:42:00,A0160,Walmart,Retail,311.11,US,mobile
T000344,2025-04-16 13:35:00,A0144,Costco,Retail,57.97,US,atm
T003830,2025-01-25 20:25:00,A0005,Apple,Electronics,357.67,US,in_store
T001422,2025-05-10 11:23:00,A0032,Costco,Retail,72.78,US,online
T004043,2025-01-30 12:31:00,A0013,Marriott,Travel,236.76,US,atm
T000284,2025-05-18 07:54:00,A0074,Walmart,Retail,175.22,US,atm
T000126,2025-03-10 16:02:00,A0196,Starbucks,Food,190.85,US,mobile
T000979,2025-04-16 20:33:00,A0023,Target,Retail,345.57,US,mobile
T002306,2025-03-03 16:12:00,A0083,Netflix,Subscription,389.07,US,atm
T004855,2025-02-16 11:23:00,A0054,Shell,Fuel,130.35,US,online
T003069,2025-04-02 08:08:00,A0037,Walmart,Retail,85.6,US,atm
T000387,2025-05-06 16:50:00,A0189,Shell,Fuel,133.73,US,mobile
T001453,2025-01-28 07:22:00,A0091,BestBuy,Electronics,78.53,US,online
T000151,2025-02-14 08:39:00,A0044,Apple,Electronics,249.79,US,mobile
T001536,2025-03-27 07:15:00,A0093,Uber,Travel,69.29,US,online
T003718,2025-02-09 09:57:00,A0028,Uber,Travel,345.32,US,online
T004138,2025-02-07 15:11:00,A0174,BestBuy,Electronics,98.83,US,atm
T001860,2025-01-23 09:20:00,A0187,Delta Airlines,Travel,252.52,US,in_store
T000445,2025-01-22 10:35:00,A0166,Delta Airlines,Travel,242.0,US,atm
T002168,2025-01-21 12:35:00,A0169,Amazon,Retail,56.61,US,online
T001560,2025-02-24 12:36:00,A0038,Amazon,Retail,395.19,MX,mobile
T002655,2025-04-06 17:14:00,A0079,Delta Airlines,Travel,260.7,US,online
T002209,2025-01-16 14:15:00,A0094,Shell,Fuel,255.06,US,atm
T001840,2025-05-09 19:07:00,A0078,Shell,Fuel,226.26,US,mobile
T002662,2025-03-15 10:04:00,A0095,Costco,Retail,91.28,US,online
T001928,2025-04-16 10:40:00,A0108,Amazon,Retail,249.46,US,online
T003375,2025-03-28 15:10:00,A0058,BestBuy,Electronics,52.16,US,in_store
T000870,2025-03-22 18:02:00,A0181,Uber,Travel,168.48,US,in_store
T003931,2025-04-18 17:35:00,A0058,Walmart,Retail,123.04,US,online
T002915,2025-05-26 12:09:00,A0176,Amazon,Retail,147.73,US,online
T002878,2025-02-15 20:29:00,A0001,Walmart,Retail,392.52,US,online
T003308,2025-02-02 20:12:00,A0101,Netflix,Subscription,391.96,US,atm
T000754,2025-02-08 07:31:00,A0024,Shell,Fuel,140.06,US,mobile
T004663,2025-03-27 20:37:00,A0092,Apple,Electronics,181.86,US,in_store
T002680,2025-03-06 16:51:00,A0067,Target,Retail,246.43,CA,online
T004481,2025-02-28 10:11:00,A0012,Uber,Travel,234.16,US,mobile
T003696,2025-05-10 13:02:00,A0066,Delta Airlines,Travel,297.34,US,atm
T003388,2025-05-28 20:58:00,A0063,Netflix,Subscription,280.31,US,online
T003892,2025-02-08 08:22:00,A0064,Uber,Travel,351.41,US,in_store
T002624,2025-05-15 07:25:00,A0175,Marriott,Travel,78.56,US,in_store
T004630,2025-02-05 14:25:00,A0084,Delta Airlines,Travel,132.57,US,atm
T003086,2025-01-03 10:01:00,A0053,Shell,Fuel,82.92,US,mobile
T001839,2025-02-05 15:51:00,A0014,Target,Retail,173.04,US,atm
T001847,2025-05-09 21:00:00,A0065,Delta Airlines,Travel,112.85,US,atm
T000956,2025-02-13 20:37:00,A0157,Walmart,Retail,328.03,US,online
T003141,2025-05-21 07:03:00,A0029,Shell,Fuel,350.7,US,mobile
T001662,2025-05-05 11:04:00,A0078,Uber,Travel,11.16,US,in_store
T000490,2025-03-17 14:26:00,A0166,Costco,Retail,194.22,US,atm
T002472,2025-04-16 15:47:00,A0120,Walmart,Retail,45.53,US,mobile
T004420,2025-02-25 14:18:00,A0133,Netflix,Subscription,286.98,US,online
T002367,2025-05-26 10:26:00,A0108,Starbucks,Food,173.63,US,atm
T004483,2025-03-13 21:34:00,A0139,Amazon,Retail,236.73,US,mobile
T000217,2025-02-14 07:15:00,A0130,BestBuy,Electronics,177.91,US,in_store
T001907,2025-04-13 07:11:00,A0109,BestBuy,Electronics,106.46,US,online
T004001,2025-02-18 09:16:00,A0030,Delta Airlines,Travel,150.99,US,in_store
T001240,2025-02-19 14:00:00,A0095,Shell,Fuel,298.54,GB,atm
T003113,2025-04-29 07:51:00,A0070,Starbucks,Food,9.08,US,mobile
T003647,2025-01-29 16:41:00,A0060,Starbucks,Food,387.82,US,online
T001294,2025-03-19 18:52:00,A0065,Marriott,Travel,338.95,US,in_store
T000027,2025-03-21 13:42:00,A0183,Marriott,Travel,152.5,US,mobile
T004367,2025-05-07 15:01:00,A0105,Delta Airlines,Travel,379.89,US,atm
T000832,2025-03-25 20:29:00,A0177,Shell,Fuel,173.88,MX,online
T001707,2025-02-27 20:18:00,A0006,Uber,Travel,159.22,US,online
T003734,2025-05-14 11:39:00,A0086,Amazon,Retail,190.11,US,in_store
T001016,2025-05-06 12:38:00,A0050,Delta Airlines,Travel,207.06,US,atm
T003183,2025-01-31 15:30:00,A0168,Starbucks,Food,168.71,US,online
T004591,2025-02-25 16:09:00,A0013,Target,Retail,333.27,US,online
T004933,2025-04-09 19:39:00,A0122,Uber,Travel,187.98,US,in_store
T000780,2025-01-20 10:33:00,A0078,Walmart,Retail,44.98,US,mobile
T003615,2025-01-30 21:25:00,A0064,Amazon,Retail,260.41,US,online
T000205,2025-04-14 07:20:00,A0030,Starbucks,Food,321.52,US,mobile
T003188,2025-03-24 21:22:00,A0030,Delta Airlines,Travel,240.96,US,in_store
T001295,2025-05-20 21:16:00,A0193,Amazon,Retail,309.18,US,atm
T000135,2025-04-15 08:14:00,A0142,Walmart,Retail,187.27,US,in_store
T004790,2025-04-18 11:16:00,A0050,Netflix,Subscription,227.62,US,mobile
T004417,2025-01-01 11:01:00,A0114,Target,Retail,45.2,US,mobile
T001249,2025-04-03 15:48:00,A0127,Amazon,Retail,354.1,US,online
T001323,2025-05-21 17:15:00,A0022,BestBuy,Electronics,380.26,US,mobile
T004098,2025-03-19 11:23:00,A0093,Shell,Fuel,105.48,CA,online
T000282,2025-03-20 14:01:00,A0128,Walmart,Retail,378.37,US,mobile
T001248,2025-04-21 20:26:00,A0083,Uber,Travel,53.08,US,mobile
T004617,2025-05-15 10:49:00,A0064,Marriott,Travel,28.48,US,online
T000585,2025-03-16 12:51:00,A0011,Marriott,Travel,128.52,DE,online
T002920,2025-03-15 11:37:00,A0146,BestBuy,Electronics,385.46,US,in_store
T002350,2025-03-06 15:59:00,A0193,Apple,Electronics,70.92,US,in_store
T000453,2025-03-21 08:32:00,A0022,Shell,Fuel,389.85,US,atm
T002467,2025-04-19 11:44:00,A0185,Uber,Travel,236.55,US,mobile
T003427,2025-01-31 14:06:00,A0110,Apple,Electronics,69.93,MX,atm
T003240,2025-02-01 07:18:00,A0129,Netflix,Subscription,29.09,US,atm
T003161,2025-03-24 14:13:00,A0036,Uber,Travel,248.61,US,in_store
T004381,2025-02-12 14:24:00,A0198,Apple,Electronics,223.55,US,atm
T001622,2025-04-22 10:10:00,A0083,Walmart,Retail,80.51,US,online
T003602,2025-01-25 07:03:00,A0104,Target,Retail,198.63,US,in_store
T004546,2025-02-27 11:59:00,A0196,Costco,Retail,260.67,US,atm
T000606,2025-01-28 07:57:00,A0180,Starbucks,Food,199.51,US,mobile
T004470,2025-01-07 21:10:00,A0032,BestBuy,Electronics,37.19,US,online
T000931,2025-01-26 15:06:00,A0106,Marriott,Travel,181.15,US,atm
T003975,2025-01-08 20:24:00,A0171,Netflix,Subscription,69.65,US,mobile
T000444,2025-04-09 12:27:00,A0151,Netflix,Subscription,317.48,US,atm
T003618,2025-05-20 09:11:00,A0155,Walmart,Retail,322.69,US,in_store
T000772,2025-04-04 19:39:00,A0005,Shell,Fuel,131.67,US,mobile
T001216,2025-05-14 10:48:00,A0146,Target,Retail,203.54,US,online
T002383,2025-01-01 14:11:00,A0014,Amazon,Retail,57.73,US,atm
T003376,2025-05-16 17:55:00,A0143,Target,Retail,211.42,US,mobile
T004041,2025-01-23 16:04:00,A0033,Uber,Travel,101.33,US,online
T002511,2025-01-11 17:30:00,A0142,Amazon,Retail,165.66,US,mobile
T004963,2025-03-04 20:45:00,A0102,Starbucks,Food,394.79,US,in_store
T002592,2025-01-03 10:54:00,A0119,Starbucks,Food,272.82,US,in_store
T004594,2025-05-16 20:43:00,A0023,Netflix,Subscription,373.38,US,online
T003692,2025-04-14 10:51:00,A0063,Costco,Retail,266.63,US,mobile
T002387,2025-03-14 09:04:00,A0157,Target,Retail,244.44,US,in_store
T004522,2025-03-10 13:26:00,A0015,Starbucks,Food,350.41,US,online
T002170,2025-01-10 18:43:00,A0100,Uber,Travel,280.26,US,atm
T002816,2025-03-20 17:23:00,A0066,Uber,Travel,262.62,US,in_store
T002955,2025-03-01 21:53:00,A0184,Target,Retail,185.48,US,mobile
T000069,2025-04-21 19:37:00,A0054,Delta Airlines,Travel,263.61,US,mobile
T004964,2025-04-29 07:01:00,A0177,Target,Retail,47.7,US,atm
T003643,2025-01-03 16:34:00,A0069,Delta Airlines,Travel,52.67,US,online
T004903,2025-04-29 10:47:00,A0199,Marriott,Travel,269.33,US,in_store
T002642,2025-01-28 10:46:00,A0052,Starbucks,Food,149.61,US,mobile
T001495,2025-02-26 12:17:00,A0114,Shell,Fuel,234.76,CA,mobile
T000987,2025-04-29 19:08:00,A0117,BestBuy,Electronics,165.12,US,mobile
T002594,2025-04-30 14:34:00,A0034,Delta Airlines,Travel,390.69,US,online
T000830,2025-02-27 07:26:00,A0050,Amazon,Retail,370.55,US,in_store
T004794,2025-05-19 17:15:00,A0039,Marriott,Travel,285.48,US,atm
T002619,2025-04-13 14:24:00,A0140,Target,Retail,82.42,DE,in_store
T001570,2025-04-26 17:37:00,A0163,Walmart,Retail,19.41,MX,in_store
T004194,2025-04-25 15:39:00,A0174,BestBuy,Electronics,317.07,GB,atm
T002141,2025-04-05 18:01:00,A0042,Apple,Electronics,323.15,US,online
T004034,2025-05-04 20:52:00,A0090,BestBuy,Electronics,266.57,US,online
T000729,2025-04-03 15:35:00,A0093,Uber,Travel,140.94,US,online
T000291,2025-05-11 15:31:00,A0130,BestBuy,Electronics,227.36,US,online
T004980,2025-05-12 08:07:00,A0002,BestBuy,Electronics,311.62,US,online
T004927,2025-01-30 11:32:00,A0114,Netflix,Subscription,350.76,US,online
T001308,2025-01-03 09:20:00,A0133,Apple,Electronics,159.49,US,in_store
T000012,2025-05-23 10:43:00,A0164,Netflix,Subscription,337.93,MX,online
T003455,2025-02-23 16:12:00,A0178,Shell,Fuel,81.14,US,atm
T001746,2025-04-01 15:45:00,A0005,Amazon,Retail,242.23,US,online
T003336,2025-03-25 12:36:00,A0162,Amazon,Retail,118.31,US,online
T001997,2025-05-28 11:00:00,A0103,Delta Airlines,Travel,332.15,US,online
T002253,2025-04-22 15:44:00,A0145,Target,Retail,317.83,US,online
T003193,2025-02-13 08:54:00,A0084,Shell,Fuel,216.08,US,online
T001460,2025-04-18 14:35:00,A0031,Target,Retail,320.93,US,in_store
T002505,2025-02-14 20:48:00,A0039,Uber,Travel,203.06,US,atm
T004206,2025-05-01 16:55:00,A0020,Costco,Retail,135.12,US,online
T000462,2025-02-10 11:49:00,A0095,Walmart,Retail,358.24,US,online
T001287,2025-04-19 21:24:00,A0079,Delta Airlines,Travel,67.1,US,atm
T001863,2025-03-15 09:17:00,A0181,Starbucks,Food,228.19,US,in_store
T000590,2025-05-04 19:36:00,A0107,Marriott,Travel,178.07,US,mobile
T000236,2025-02-05 07:18:00,A0038,Target,Retail,279.95,US,mobile
T002596,2025-01-13 18:10:00,A0152,Delta Airlines,Travel,132.59,US,mobile
T004284,2025-04-25 18:29:00,A0049,Uber,Travel,351.88,US,in_store
T000992,2025-05-24 18:04:00,A0045,Costco,Retail,285.19,US,in_store
T002712,2025-01-14 13:07:00,A0124,Netflix,Subscription,247.63,US,in_store
T000569,2025-05-16 10:01:00,A0083,Marriott,Travel,6.63,GB,in_store
T004528,2025-01-23 20:16:00,A0013,Netflix,Subscription,180.95,US,in_store
T005040,2025-04-17 03:00:00,A0030,Apple,Electronics,253.25,US,online
T000614,2025-05-12 11:53:00,A0155,BestBuy,Electronics,221.38,US,in_store
T001386,2025-04-09 11:38:00,A0188,Shell,Fuel,286.22,US,online
T001359,2025-04-06 13:31:00,A0191,Uber,Travel,258.21,US,online
T002666,2025-01-07 15:10:00,A0089,Target,Retail,164.59,US,online
T001859,2025-01-23 16:59:00,A0146,Target,Retail,39.82,US,in_store
T001027,2025-01-31 19:17:00,A0008,Target,Retail,397.76,US,atm
T000597,2025-01-20 19:31:00,A0043,Netflix,Subscription,100.15,US,online
T001715,2025-03-31 13:30:00,A0167,Uber,Travel,313.71,US,online
T003257,2025-03-11 14:07:00,A0174,Costco,Retail,303.22,US,atm
T002676,2025-05-22 15:09:00,A0061,Shell,Fuel,359.2,US,atm
T001392,2025-05-28 19:59:00,A0058,Delta Airlines,Travel,30.54,US,mobile
T001458,2025-02-20 08:12:00,A0182,Uber,Travel,20.9,US,mobile
T001696,2025-05-02 12:48:00,A0128,Shell,Fuel,392.62,GB,in_store
T000355,2025-03-28 11:48:00,A0141,Target,Retail,386.77,US,mobile
T001646,2025-02-17 12:57:00,A0043,Target,Retail,61.02,US,mobile
T000825,2025-04-16 11:28:00,A0106,BestBuy,Electronics,373.84,US,atm
T000908,2025-04-01 10:11:00,A0099,Apple,Electronics,243.81,US,mobile
T004369,2025-02-07 08:14:00,A0086,Netflix,Subscription,256.29,US,mobile
T003688,2025-03-15 08:46:00,A0162,Amazon,Retail,257.92,US,atm
T001631,2025-03-21 18:29:00,A0195,Marriott,Travel,65.83,US,online
T003709,2025-03-25 15:27:00,A0007,Marriott,Travel,180.31,US,mobile
T003431,2025-05-21 07:06:00,A0146,Uber,Travel,77.83,US,atm
T001741,2025-05-23 10:26:00,A0164,Amazon,Retail,233.93,US,atm
T002737,2025-01-06 18:41:00,A0010,Uber,Travel,236.3,US,online
T000736,2025-02-12 09:54:00,A0106,Amazon,Retail,54.39,US,atm
T004714,2025-04-27 07:13:00,A0101,BestBuy,Electronics,213.44,US,atm
T001020,2025-04-17 09:53:00,A0187,Delta Airlines,Travel,241.18,US,in_store
T001156,2025-04-14 20:42:00,A0118,BestBuy,Electronics,242.75,US,atm
T003953,2025-01-26 13:09:00,A0111,Starbucks,Food,337.47,US,atm
T004414,2025-03-19 20:31:00,A0192,Netflix,Subscription,371.55,US,mobile
T002815,2025-04-03 19:48:00,A0065,Uber,Travel,23.62,US,mobile
T003788,2025-05-27 12:34:00,A0089,Uber,Travel,261.87,US,mobile
T003757,2025-02-22 15:01:00,A0106,Starbucks,Food,384.0,US,mobile
T002869,2025-03-23 13:49:00,A0012,Costco,Retail,54.94,US,in_store
T002906,2025-05-31 11:28:00,A0168,Marriott,Travel,356.79,US,online
T003022,2025-05-03 20:51:00,A0163,Shell,Fuel,31.33,US,online
T003456,2025-04-11 21:10:00,A0064,Delta Airlines,Travel,173.57,US,online
T004673,2025-01-24 11:44:00,A0170,Walmart,Retail,396.46,US,atm
T001158,2025-02-04 07:12:00,A0033,Walmart,Retail,327.31,US,in_store
T004538,2025-03-19 18:54:00,A0118,Walmart,Retail,397.99,US,in_store
T004360,2025-02-25 17:03:00,A0122,Delta Airlines,Travel,135.9,US,in_store
T000824,2025-03-23 20:56:00,A0048,Starbucks,Food,292.2,GB,atm
T001390,2025-03-13 10:46:00,A0197,Uber,Travel,268.04,US,online
T004294,2025-01-08 20:36:00,A0120,BestBuy,Electronics,36.08,US,in_store
T004906,2025-03-28 11:58:00,A0088,Apple,Electronics,210.88,CA,in_store
T002408,2025-03-09 11:57:00,A0116,Marriott,Travel,341.61,US,atm
T002820,2025-02-12 14:10:00,A0166,Amazon,Retail,80.69,US,mobile
T001645,2025-03-20 20:58:00,A0190,BestBuy,Electronics,99.25,US,online
T000446,2025-01-07 20:54:00,A0200,Marriott,Travel,350.95,US,in_store
T004263,2025-04-15 20:45:00,A0105,Delta Airlines,Travel,317.44,US,mobile
T000628,2025-03-26 14:45:00,A0002,Starbucks,Food,20.78,US,online
T004944,2025-03-03 11:52:00,A0127,Starbucks,Food,50.81,US,in_store
T000045,2025-01-19 07:29:00,A0193,Delta Airlines,Travel,399.39,US,online
T000315,2025-05-12 12:05:00,A0110,Apple,Electronics,269.36,US,in_store
T003347,2025-05-06 13:34:00,A0022,Starbucks,Food,69.46,US,online
T000165,2025-04-05 17:47:00,A0117,Marriott,Travel,108.55,US,atm
T000905,2025-03-15 20:42:00,A0040,Starbucks,Food,58.04,US,online
T000506,2025-05-31 20:11:00,A0058,Apple,Electronics,126.2,US,atm
T001501,2025-01-04 16:06:00,A0187,Apple,Electronics,156.68,US,online
T003369,2025-03-12 07:00:00,A0023,Shell,Fuel,122.64,US,online
T004912,2025-02-28 10:11:00,A0192,BestBuy,Electronics,75.43,US,in_store
T003027,2025-05-27 20:46:00,A0059,Target,Retail,264.46,US,online
T000026,2025-05-16 20:38:00,A0068,Apple,Electronics,385.92,US,in_store
T001279,2025-01-17 08:09:00,A0183,Starbucks,Food,318.98,US,mobile
T003418,2025-03-01 09:03:00,A0152,BestBuy,Electronics,137.17,US,in_store
T004902,2025-05-16 12:45:00,A0087,Delta Airlines,Travel,190.58,US,in_store
T002064,2025-05-23 19:55:00,A0054,Costco,Retail,261.07,DE,mobile
T004760,2025-05-10 17:36:00,A0034,Costco,Retail,236.75,CA,in_store
T004533,2025-04-01 09:15:00,A0141,Shell,Fuel,283.49,US,mobile
T001188,2025-04-13 21:43:00,A0108,BestBuy,Electronics,223.68,US,atm
T003010,2025-04-19 13:05:00,A0059,Costco,Retail,143.25,US,mobile
T000392,2025-05-03 16:25:00,A0115,Costco,Retail,205.11,US,mobile
T001759,2025-05-04 16:14:00,A0093,Target,Retail,315.59,US,in_store
T005017,2025-03-14 02:01:00,A0144,BestBuy,Electronics,321.61,US,online
T002525,2025-03-20 13:50:00,A0097,Uber,Travel,345.92,US,online
T004141,2025-03-08 10:57:00,A0161,Walmart,Retail,210.93,US,in_store
T000739,2025-02-09 08:41:00,A0068,Apple,Electronics,127.2,US,atm
T004048,2025-02-17 08:18:00,A0023,Delta Airlines,Travel,164.15,US,online
T004003,2025-01-29 14:22:00,A0101,Costco,Retail,287.58,US,online
T003345,2025-01-23 12:15:00,A0160,Amazon,Retail,149.55,CA,in_store
T001368,2025-03-20 18:26:00,A0151,BestBuy,Electronics,348.42,US,atm
T003026,2025-04-09 09:25:00,A0057,Marriott,Travel,27.65,US,mobile
T004310,2025-03-09 11:06:00,A0084,Amazon,Retail,372.36,MX,in_store
T004990,2025-05-08 19:09:00,A0039,Shell,Fuel,387.63,US,mobile
T003821,2025-05-05 19:35:00,A0004,Walmart,Retail,221.77,US,online
T002829,2025-02-25 14:45:00,A0122,Costco,Retail,47.33,US,atm
T002967,2025-02-18 09:54:00,A0117,Starbucks,Food,157.21,US,online
T001211,2025-02-03 19:08:00,A0185,Costco,Retail,256.4,GB,mobile
T004575,2025-05-05 18:05:00,A0008,Netflix,Subscription,379.15,US,mobile
T003653,2025-03-14 19:21:00,A0073,Apple,Electronics,392.24,US,in_store
T003337,2025-01-16 14:38:00,A0009,Starbucks,Food,91.53,US,mobile
T002166,2025-03-23 21:10:00,A0126,Amazon,Retail,261.52,US,atm
T000334,2025-03-05 14:22:00,A0059,Starbucks,Food,113.88,CA,online
T004189,2025-02-12 14:59:00,A0170,Amazon,Retail,156.4,US,in_store
T004560,2025-03-02 13:20:00,A0120,Amazon,Retail,21.87,US,in_store
T003807,2025-04-08 21:39:00,A0189,Marriott,Travel,137.27,US,in_store
T002989,2025-04-16 10:42:00,A0146,Target,Retail,94.27,US,online
T000157,2025-05-08 20:57:00,A0156,Uber,Travel,311.42,US,atm
T000178,2025-01-04 12:50:00,A0034,Shell,Fuel,237.6,US,in_store
T004772,2025-04-26 20:22:00,A0197,Delta Airlines,Travel,48.1,US,online
T000318,2025-04-03 18:15:00,A0168,Amazon,Retail,268.78,US,atm
T003072,2025-03-08 18:23:00,A0018,Costco,Retail,122.85,US,atm
T002071,2025-01-24 08:45:00,A0051,Delta Airlines,Travel,366.31,US,mobile
T000167,2025-02-26 17:04:00,A0157,Marriott,Travel,330.42,US,atm
T003655,2025-04-15 13:00:00,A0180,Shell,Fuel,387.96,US,online
T000007,2025-01-21 15:18:00,A0097,Marriott,Travel,249.32,US,in_store
T003802,2025-05-02 20:28:00,A0025,Delta Airlines,Travel,33.51,US,atm
T002245,2025-03-13 13:41:00,A0020,Amazon,Retail,122.5,US,online
T003218,2025-01-10 08:03:00,A0177,Costco,Retail,240.25,US,mobile
T003434,2025-01-11 21:21:00,A0200,Marriott,Travel,9.26,US,atm
T000528,2025-04-25 09:10:00,A0031,Shell,Fuel,324.34,US,online
T003461,2025-03-21 16:23:00,A0118,Uber,Travel,68.22,US,mobile
T000196,2025-02-10 12:19:00,A0088,BestBuy,Electronics,133.13,US,online
T004288,2025-02-23 17:49:00,A0197,Shell,Fuel,28.46,US,online
T002007,2025-02-23 08:31:00,A0042,BestBuy,Electronics,243.92,MX,atm
T003325,2025-01-04 08:23:00,A0171,Shell,Fuel,132.96,US,atm
T004020,2025-02-10 13:25:00,A0073,Marriott,Travel,61.1,US,mobile
T003820,2025-02-28 13:30:00,A0065,Costco,Retail,167.96,US,online
T003163,2025-04-24 18:19:00,A0196,Starbucks,Food,233.84,US,online
T004544,2025-04-07 12:30:00,A0043,Walmart,Retail,138.34,US,atm
T003430,2025-01-03 10:37:00,A0149,Starbucks,Food,78.94,US,mobile
T002305,2025-03-10 21:17:00,A0065,Uber,Travel,239.8,US,atm
T000762,2025-04-22 12:00:00,A0061,Starbucks,Food,318.78,US,online
T002751,2025-05-27 15:38:00,A0095,Costco,Retail,354.56,MX,mobile
T003448,2025-05-20 07:42:00,A0012,BestBuy,Electronics,369.33,US,in_store
T001078,2025-05-09 19:48:00,A0128,Marriott,Travel,139.12,US,atm
T002947,2025-02-09 07:16:00,A0170,Walmart,Retail,114.58,US,atm
T000359,2025-02-25 15:29:00,A0003,Netflix,Subscription,28.88,US,mobile
T002883,2025-03-25 18:18:00,A0144,Shell,Fuel,325.24,US,mobile
T000204,2025-05-28 13:36:00,A0081,Apple,Electronics,285.25,US,atm
T001309,2025-04-18 14:47:00,A0138,Walmart,Retail,158.65,US,in_store
T002242,2025-01-28 21:00:00,A0020,Amazon,Retail,249.61,US,atm
T001297,2025-02-28 10:46:00,A0102,BestBuy,Electronics,87.9,US,mobile
T003868,2025-04-28 08:39:00,A0146,Apple,Electronics,183.34,US,online
T000965,2025-01-23 17:52:00,A0157,Uber,Travel,142.4,US,in_store
T000415,2025-05-06 13:45:00,A0105,Target,Retail,198.04,US,online
T002570,2025-01-01 21:22:00,A0073,Apple,Electronics,355.48,US,in_store
T001533,2025-04-11 09:52:00,A0057,BestBuy,Electronics,390.52,US,online
T005051,2025-04-17 03:11:00,A0030,Costco,Retail,561.33,US,online
T003784,2025-02-11 20:14:00,A0165,Shell,Fuel,74.14,US,mobile
T003507,2025-03-25 20:21:00,A0122,Walmart,Retail,207.08,US,online
T001424,2025-05-06 18:20:00,A0148,Costco,Retail,364.76,US,in_store
T003402,2025-04-03 11:09:00,A0088,Apple,Electronics,342.36,US,online
T002342,2025-05-17 08:49:00,A0046,Target,Retail,223.61,US,in_store
T002853,2025-05-01 07:33:00,A0198,Delta Airlines,Travel,10.94,DE,in_store
T003773,2025-01-27 19:09:00,A0014,Shell,Fuel,391.22,US,online
T002587,2025-02-05 12:01:00,A0153,Costco,Retail,320.47,MX,mobile
T000340,2025-01-16 15:37:00,A0071,BestBuy,Electronics,365.07,US,mobile
T004620,2025-03-11 13:48:00,A0081,Apple,Electronics,65.28,US,mobile
T001023,2025-05-26 19:58:00,A0182,Starbucks,Food,83.71,US,atm
T000208,2025-02-13 08:32:00,A0200,Marriott,Travel,50.04,US,in_store
T002752,2025-01-29 08:28:00,A0038,Amazon,Retail,293.73,US,atm
T004658,2025-01-28 07:03:00,A0104,Target,Retail,320.18,US,online
T000409,2025-02-14 20:43:00,A0159,BestBuy,Electronics,321.24,US,online
T001868,2025-05-09 15:53:00,A0180,BestBuy,Electronics,318.75,US,in_store
T003893,2025-03-27 10:21:00,A0022,Amazon,Retail,167.33,US,mobile
T004872,2025-01-30 21:39:00,A0002,Starbucks,Food,290.21,US,in_store
T001767,2025-01-28 18:02:00,A0087,Walmart,Retail,296.81,US,mobile
T004510,2025-04-12 07:43:00,A0140,Starbucks,Food,21.61,CA,in_store
T000360,2025-05-05 07:00:00,A0169,Costco,Retail,222.9,US,online
T000619,2025-04-08 09:03:00,A0007,Marriott,Travel,27.36,US,in_store
T001196,2025-05-10 12:07:00,A0161,Amazon,Retail,303.84,US,mobile
T000252,2025-01-27 08:20:00,A0083,Marriott,Travel,121.78,US,mobile
T000174,2025-02-24 17:40:00,A0170,Delta Airlines,Travel,388.58,US,atm
T000728,2025-05-02 20:40:00,A0066,Walmart,Retail,182.69,US,atm
T003686,2025-04-24 07:13:00,A0008,Costco,Retail,147.79,US,mobile
T001030,2025-03-23 14:56:00,A0038,BestBuy,Electronics,58.52,US,online
T000791,2025-03-18 08:36:00,A0066,Apple,Electronics,229.78,US,online
T003424,2025-05-15 11:09:00,A0062,Starbucks,Food,193.36,US,in_store
T004883,2025-01-20 10:34:00,A0034,BestBuy,Electronics,10.66,US,in_store
T003131,2025-03-21 11:48:00,A0100,Starbucks,Food,335.68,US,online
T004179,2025-03-15 20:02:00,A0192,Starbucks,Food,293.13,US,atm
T001684,2025-02-06 20:47:00,A0048,Marriott,Travel,100.07,US,in_store
T001506,2025-01-12 08:34:00,A0006,Uber,Travel,45.51,US,in_store
T004941,2025-01-23 19:07:00,A0142,Shell,Fuel,320.97,DE,in_store
T003181,2025-01-25 15:16:00,A0075,Delta Airlines,Travel,80.67,US,atm
T000679,2025-04-25 16:30:00,A0056,Target,Retail,72.37,US,in_store
T003876,2025-03-06 21:34:00,A0019,Walmart,Retail,45.97,US,atm
T001697,2025-02-14 18:57:00,A0027,Apple,Electronics,303.55,US,online
T003162,2025-03-25 10:38:00,A0088,Uber,Travel,270.11,US,online
T001082,2025-02-23 12:50:00,A0110,Walmart,Retail,262.36,US,atm
T002465,2025-05-08 15:00:00,A0161,Starbucks,Food,383.66,US,mobile
T004956,2025-04-05 13:01:00,A0068,Target,Retail,35.26,US,mobile
T002618,2025-01-10 18:41:00,A0193,Target,Retail,41.21,US,in_store
T004435,2025-04-22 20:23:00,A0199,Costco,Retail,326.43,US,online
T001739,2025-03-20 16:42:00,A0032,Netflix,Subscription,335.22,US,mobile
T002808,2025-05-07 15:08:00,A0124,Shell,Fuel,350.47,US,atm
T003760,2025-05-26 17:50:00,A0040,Costco,Retail,211.58,US,online
T003003,2025-01-23 14:10:00,A0136,Amazon,Retail,83.39,US,mobile
T003737,2025-05-12 21:27:00,A0018,BestBuy,Electronics,110.59,US,in_store
T000540,2025-05-05 19:33:00,A0190,Netflix,Subscription,329.3,US,in_store
T000275,2025-05-20 11:41:00,A0161,Uber,Travel,195.76,US,mobile
T001382,2025-04-26 16:43:00,A0095,Marriott,Travel,348.59,US,mobile
T004643,2025-01-10 15:23:00,A0116,Apple,Electronics,5.54,MX,atm
T004959,2025-04-11 07:53:00,A0031,Shell,Fuel,266.54,US,online
T000009,2025-04-08 11:29:00,A0026,Marriott,Travel,334.47,US,atm
T002301,2025-05-24 08:45:00,A0017,Starbucks,Food,310.3,US,atm
T001579,2025-04-27 15:24:00,A0058,Walmart,Retail,82.25,US,online
T004744,2025-04-14 09:21:00,A0128,BestBuy,Electronics,348.79,US,atm
T003891,2025-01-29 17:24:00,A0078,Walmart,Retail,314.07,US,in_store
T003637,2025-02-16 10:20:00,A0105,BestBuy,Electronics,304.78,US,online
T002670,2025-04-27 13:57:00,A0131,Marriott,Travel,223.75,GB,online
T001636,2025-01-31 21:35:00,A0068,Walmart,Retail,145.0,US,in_store
T002714,2025-01-22 13:27:00,A0185,Delta Airlines,Travel,13.84,US,in_store
T001841,2025-05-02 12:19:00,A0181,Costco,Retail,130.2,US,in_store
T003343,2025-04-08 18:02:00,A0080,Uber,Travel,263.76,US,mobile
T003714,2025-05-14 13:20:00,A0128,Netflix,Subscription,301.89,US,mobile
T003858,2025-05-08 19:13:00,A0006,Target,Retail,56.67,US,mobile
T001343,2025-02-08 13:13:00,A0052,Marriott,Travel,19.97,CA,mobile
T002954,2025-04-15 11:25:00,A0013,Shell,Fuel,6.14,US,atm
T004985,2025-03-28 18:40:00,A0088,Uber,Travel,154.74,US,atm
T000211,2025-05-07 14:48:00,A0046,Delta Airlines,Travel,305.15,US,atm
T001002,2025-05-29 12:41:00,A0106,Marriott,Travel,315.8,US,mobile
T002054,2025-03-06 12:05:00,A0108,Amazon,Retail,44.95,US,in_store
T002031,2025-05-12 21:21:00,A0168,Netflix,Subscription,398.69,US,atm
T001339,2025-05-04 08:21:00,A0171,Amazon,Retail,245.37,US,mobile
T003736,2025-05-17 13:29:00,A0074,Netflix,Subscription,245.82,US,atm
T003241,2025-04-29 10:25:00,A0055,Walmart,Retail,362.78,US,mobile
T002015,2025-05-13 09:47:00,A0045,Marriott,Travel,76.74,US,in_store
T003790,2025-01-20 15:42:00,A0043,Walmart,Retail,164.77,US,online
T002109,2025-04-20 13:27:00,A0075,Apple,Electronics,37.54,US,mobile
T000835,2025-01-11 15:24:00,A0189,Costco,Retail,307.24,US,in_store
T004734,2025-02-22 20:00:00,A0064,Uber,Travel,152.66,US,online
T003838,2025-04-24 13:50:00,A0157,Amazon,Retail,73.44,US,mobile
T004891,2025-01-10 12:09:00,A0115,Amazon,Retail,100.8,US,in_store
T001106,2025-02-11 18:16:00,A0026,Costco,Retail,31.22,US,atm
T002286,2025-05-20 08:26:00,A0163,Target,Retail,18.25,US,mobile
T003311,2025-01-17 09:12:00,A0044,BestBuy,Electronics,292.11,US,in_store
T003587,2025-02-02 13:00:00,A0040,Amazon,Retail,6.75,US,atm
T000852,2025-05-27 19:35:00,A0157,Starbucks,Food,386.69,MX,atm
T004055,2025-03-23 08:37:00,A0005,Amazon,Retail,225.99,US,atm
T000928,2025-03-11 12:17:00,A0111,Uber,Travel,321.91,US,mobile
T000215,2025-05-29 15:50:00,A0119,BestBuy,Electronics,358.87,US,in_store
T002852,2025-04-25 15:20:00,A0001,Walmart,Retail,162.54,US,atm
T000563,2025-04-08 15:19:00,A0175,Apple,Electronics,26.35,US,in_store
T002010,2025-03-21 20:04:00,A0093,Apple,Electronics,378.65,US,atm
T002295,2025-02-02 20:32:00,A0038,Starbucks,Food,345.17,US,mobile
T002938,2025-01-02 17:23:00,A0186,Delta Airlines,Travel,42.31,US,online
T001091,2025-02-04 07:16:00,A0070,Uber,Travel,265.17,US,online
T000559,2025-05-01 09:47:00,A0025,Uber,Travel,291.45,US,in_store
T003823,2025-04-27 20:03:00,A0195,Apple,Electronics,258.71,US,online
T002582,2025-01-19 20:47:00,A0162,Netflix,Subscription,26.46,US,in_store
T002663,2025-02-04 10:53:00,A0189,Walmart,Retail,54.89,US,in_store
T004307,2025-01-09 11:31:00,A0097,Uber,Travel,183.17,US,in_store
T004112,2025-05-24 21:01:00,A0062,Walmart,Retail,171.58,US,atm
T005036,2025-04-17 10:08:00,A0036,Delta Airlines,Travel,823.07,US,online
T002362,2025-03-25 11:23:00,A0089,Amazon,Retail,321.48,US,online
T000570,2025-03-30 11:08:00,A0058,Walmart,Retail,156.5,US,atm
T004879,2025-03-01 08:24:00,A0081,Amazon,Retail,56.87,US,mobile
T002203,2025-03-05 10:20:00,A0107,BestBuy,Electronics,97.21,US,mobile
T002709,2025-01-25 10:29:00,A0005,Walmart,Retail,61.04,US,mobile
T000499,2025-02-18 20:51:00,A0145,Target,Retail,219.14,US,mobile
T000262,2025-03-23 17:22:00,A0023,BestBuy,Electronics,30.65,US,atm
T002128,2025-04-22 16:23:00,A0062,Target,Retail,296.65,US,online
T002735,2025-01-26 11:21:00,A0109,Marriott,Travel,237.78,CA,online
T001714,2025-03-11 18:02:00,A0034,Walmart,Retail,19.06,US,in_store
T004454,2025-01-25 14:09:00,A0048,Amazon,Retail,116.37,US,mobile
T001592,2025-03-08 17:03:00,A0198,Uber,Travel,37.77,US,online
T002414,2025-04-20 08:21:00,A0004,Marriott,Travel,102.01,US,online
T001099,2025-03-05 11:56:00,A0175,Starbucks,Food,148.38,US,atm
T001537,2025-01-03 19:58:00,A0055,Uber,Travel,79.16,US,online
T002316,2025-03-22 08:08:00,A0100,Starbucks,Food,53.55,GB,online
T002276,2025-03-28 10:38:00,A0098,Target,Retail,18.57,US,mobile
T000046,2025-02-24 15:16:00,A0138,Starbucks,Food,373.64,US,in_store
T003878,2025-02-08 15:35:00,A0010,Apple,Electronics,342.02,US,mobile
T001552,2025-04-04 15:54:00,A0113,Delta Airlines,Travel,381.06,US,online
T002567,2025-04-12 17:07:00,A0040,Target,Retail,306.7,US,mobile
T000626,2025-04-25 09:43:00,A0076,Walmart,Retail,78.86,US,online
T004729,2025-05-16 10:00:00,A0040,BestBuy,Electronics,362.24,US,atm
T001144,2025-04-25 21:24:00,A0126,Target,Retail,111.05,US,mobile
T002520,2025-05-16 13:13:00,A0185,Walmart,Retail,127.29,MX,atm
T004131,2025-04-21 10:01:00,A0022,Shell,Fuel,369.56,US,atm
T000591,2025-04-02 16:01:00,A0200,Marriott,Travel,352.58,GB,in_store
T002678,2025-04-17 08:31:00,A0069,BestBuy,Electronics,259.62,DE,mobile
T001274,2025-01-30 09:18:00,A0143,Target,Retail,81.79,US,atm
T003474,2025-03-07 17:51:00,A0182,Marriott,Travel,131.93,US,online
T001791,2025-04-11 16:22:00,A0126,Costco,Retail,194.98,US,in_store
T001353,2025-02-12 14:28:00,A0097,Apple,Electronics,204.59,DE,mobile
T001340,2025-05-11 17:47:00,A0098,Shell,Fuel,203.85,US,online
T004416,2025-02-19 13:10:00,A0199,Shell,Fuel,89.29,DE,atm
T001022,2025-01-02 13:40:00,A0023,Uber,Travel,168.73,US,mobile
T003720,2025-02-21 15:26:00,A0052,Costco,Retail,399.25,US,in_store
T002526,2025-02-27 18:06:00,A0198,Netflix,Subscription,100.37,US,in_store
T004540,2025-03-30 16:05:00,A0034,Costco,Retail,370.64,US,online
T002895,2025-01-13 13:23:00,A0181,Target,Retail,249.85,US,online
T003930,2025-01-12 08:25:00,A0114,Netflix,Subscription,61.84,US,online
T001573,2025-05-08 17:29:00,A0180,Apple,Electronics,167.1,US,mobile
T001054,2025-02-18 20:04:00,A0110,Target,Retail,375.94,US,in_store
T001254,2025-03-05 08:30:00,A0065,Shell,Fuel,383.73,US,atm
T004052,2025-04-11 15:21:00,A0080,Uber,Travel,344.03,US,in_store
T002719,2025-03-31 12:18:00,A0152,Apple,Electronics,338.18,US,atm
T004808,2025-03-01 16:47:00,A0194,Marriott,Travel,342.79,US,in_store
T002157,2025-01-31 15:58:00,A0107,Delta Airlines,Travel,166.82,US,mobile
T001590,2025-02-03 14:40:00,A0007,Marriott,Travel,312.15,US,in_store
T001275,2025-01-08 10:12:00,A0012,Uber,Travel,73.79,US,in_store
T004842,2025-05-02 11:41:00,A0094,Target,Retail,271.4,US,atm
T003235,2025-05-10 15:48:00,A0191,Amazon,Retail,303.04,US,online
T002497,2025-02-07 16:28:00,A0133,Walmart,Retail,171.74,US,online
T004238,2025-02-12 16:22:00,A0199,Shell,Fuel,96.53,US,online
T004335,2025-03-06 09:51:00,A0041,BestBuy,Electronics,53.78,US,in_store
T003814,2025-05-29 20:12:00,A0075,Starbucks,Food,146.25,US,atm
T003553,2025-05-29 21:46:00,A0198,Marriott,Travel,61.06,US,online
T002252,2025-03-11 20:12:00,A0172,Shell,Fuel,277.42,US,online
T002798,2025-04-24 12:34:00,A0194,Amazon,Retail,230.63,US,atm
T002911,2025-05-29 08:00:00,A0053,Uber,Travel,142.54,US,in_store
T003719,2025-05-12 16:39:00,A0198,Target,Retail,373.52,US,in_store
T001341,2025-01-06 16:48:00,A0060,Walmart,Retail,127.0,DE,mobile
T004498,2025-04-18 09:11:00,A0142,Marriott,Travel,318.22,US,in_store
T002433,2025-04-04 08:31:00,A0136,Uber,Travel,296.76,US,online
T004136,2025-05-09 12:54:00,A0079,Walmart,Retail,264.74,US,in_store
T000982,2025-01-12 07:30:00,A0107,BestBuy,Electronics,308.6,US,mobile
T003783,2025-01-10 09:36:00,A0182,Walmart,Retail,135.91,US,atm
T004308,2025-01-24 11:29:00,A0142,BestBuy,Electronics,297.56,US,in_store
T004717,2025-04-12 10:02:00,A0093,BestBuy,Electronics,379.35,US,in_store
T002028,2025-01-09 20:50:00,A0163,Shell,Fuel,68.94,US,online
T000682,2025-05-10 17:26:00,A0134,Starbucks,Food,244.18,US,mobile
T002803,2025-02-17 08:11:00,A0042,Starbucks,Food,121.17,GB,mobile
T000796,2025-05-19 16:09:00,A0082,Netflix,Subscription,203.45,US,in_store
T004828,2025-03-20 14:55:00,A0097,Delta Airlines,Travel,336.05,US,online
T002656,2025-02-03 17:56:00,A0061,Walmart,Retail,320.73,US,online
T003723,2025-05-12 17:26:00,A0055,Amazon,Retail,73.48,US,atm
T001056,2025-02-06 13:25:00,A0031,BestBuy,Electronics,238.27,US,in_store
T004437,2025-05-01 19:37:00,A0061,Uber,Travel,284.48,US,in_store
T004799,2025-02-05 14:26:00,A0166,Shell,Fuel,232.74,US,online
T004292,2025-03-29 09:58:00,A0063,Shell,Fuel,346.64,US,mobile
T003121,2025-01-11 09:37:00,A0056,Netflix,Subscription,129.74,US,mobile
T000610,2025-05-16 18:03:00,A0002,Costco,Retail,374.45,US,mobile
T001140,2025-01-19 15:38:00,A0015,Apple,Electronics,41.56,US,in_store
T003466,2025-01-27 21:57:00,A0099,Starbucks,Food,281.98,US,mobile
T004627,2025-01-18 13:25:00,A0087,Apple,Electronics,22.16,US,online
T001782,2025-03-27 11:29:00,A0130,Marriott,Travel,295.53,US,online
T001658,2025-03-31 21:21:00,A0068,Apple,Electronics,237.71,US,atm
T000764,2025-01-23 10:10:00,A0096,Target,Retail,41.1,US,atm
T003146,2025-05-25 19:39:00,A0169,Amazon,Retail,28.56,US,mobile
T003479,2025-05-19 17:18:00,A0120,Apple,Electronics,113.6,US,atm
T000380,2025-04-16 13:49:00,A0075,Walmart,Retail,291.31,US,in_store
T003145,2025-01-01 21:22:00,A0141,Costco,Retail,277.2,US,in_store
T003521,2025-03-31 21:26:00,A0167,Uber,Travel,358.96,US,in_store
T000953,2025-05-29 10:59:00,A0190,Walmart,Retail,19.57,US,mobile
T002227,2025-01-11 07:14:00,A0123,Shell,Fuel,380.24,US,atm
T000033,2025-01-14 17:41:00,A0120,Marriott,Travel,43.88,US,atm
T004385,2025-05-05 08:59:00,A0103,Netflix,Subscription,133.89,US,mobile
T001119,2025-02-16 13:50:00,A0108,Starbucks,Food,16.37,US,in_store
T003076,2025-03-09 13:13:00,A0047,Marriott,Travel,47.57,US,in_store
T001656,2025-02-22 18:05:00,A0093,Shell,Fuel,368.66,US,online
T003847,2025-03-11 21:48:00,A0200,Apple,Electronics,176.55,US,in_store
T001855,2025-01-04 17:25:00,A0133,Apple,Electronics,335.9,US,online
T001689,2025-04-01 09:29:00,A0011,BestBuy,Electronics,186.05,US,in_store
T000407,2025-01-30 11:42:00,A0118,Target,Retail,213.45,US,atm
T005032,2025-04-17 10:04:00,A0036,BestBuy,Electronics,290.93,US,online
T001843,2025-01-31 15:57:00,A0176,Apple,Electronics,262.58,US,online
T004475,2025-02-03 11:58:00,A0019,BestBuy,Electronics,155.88,US,online
T003570,2025-04-07 17:48:00,A0064,Target,Retail,5.3,CA,atm
T003494,2025-03-18 20:29:00,A0042,Walmart,Retail,39.3,US,in_store
T000866,2025-04-16 21:47:00,A0119,Amazon,Retail,334.87,US,atm
T002519,2025-01-06 10:56:00,A0041,Apple,Electronics,303.81,US,atm
T002181,2025-01-16 14:11:00,A0188,Costco,Retail,7.49,US,in_store
T002293,2025-05-03 19:13:00,A0063,Shell,Fuel,267.29,US,mobile
T004459,2025-03-06 19:51:00,A0100,Delta Airlines,Travel,18.11,US,mobile
T002683,2025-05-15 21:31:00,A0195,BestBuy,Electronics,49.44,US,atm
T003679,2025-01-03 19:43:00,A0156,Target,Retail,135.9,US,online
T002125,2025-05-26 11:06:00,A0073,Walmart,Retail,160.99,US,online
T001834,2025-04-14 21:16:00,A0160,Costco,Retail,218.7,US,in_store
T002607,2025-05-13 19:51:00,A0104,Starbucks,Food,344.74,US,atm
T002972,2025-01-22 17:38:00,A0183,Delta Airlines,Travel,274.67,US,in_store
T002226,2025-03-03 07:41:00,A0059,Marriott,Travel,225.29,US,in_store
T000968,2025-02-15 09:42:00,A0128,Amazon,Retail,26.34,US,atm
T002741,2025-05-16 14:40:00,A0102,Shell,Fuel,260.97,US,mobile
T002727,2025-04-29 18:14:00,A0014,Netflix,Subscription,36.48,US,atm
T000010,2025-02-23 17:17:00,A0091,BestBuy,Electronics,374.98,US,online
T000758,2025-04-24 10:47:00,A0099,Amazon,Retail,83.68,DE,online
T000175,2025-02-02 19:36:00,A0063,Shell,Fuel,32.1,GB,in_store
T003329,2025-05-19 21:05:00,A0036,BestBuy,Electronics,205.26,US,in_store
T002048,2025-05-01 10:42:00,A0198,Target,Retail,123.03,US,mobile
T000996,2025-05-17 17:52:00,A0121,Costco,Retail,360.28,US,atm
T005018,2025-03-14 02:02:00,A0144,Shell,Fuel,823.72,US,online
T003881,2025-05-22 11:56:00,A0078,Starbucks,Food,398.58,US,atm
T000890,2025-05-28 09:32:00,A0155,Walmart,Retail,165.25,US,online
T003125,2025-02-19 10:46:00,A0025,Walmart,Retail,93.1,US,online
T003047,2025-04-13 11:36:00,A0128,Target,Retail,239.27,US,online
T002810,2025-02-12 17:51:00,A0068,Apple,Electronics,35.08,GB,online
T004914,2025-01-03 17:54:00,A0008,Apple,Electronics,357.01,US,atm
T003668,2025-02-17 10:47:00,A0013,BestBuy,Electronics,193.92,US,online
T003935,2025-05-17 11:43:00,A0003,Starbucks,Food,99.95,US,atm
T000199,2025-04-21 08:18:00,A0089,Marriott,Travel,273.0,US,atm
T003215,2025-05-03 14:47:00,A0189,Apple,Electronics,373.74,US,mobile
T001663,2025-02-01 07:31:00,A0073,Uber,Travel,7.01,US,online
T000663,2025-04-29 15:32:00,A0035,Walmart,Retail,161.73,US,online
T000180,2025-04-25 19:23:00,A0122,Costco,Retail,239.5,US,in_store
T000710,2025-04-01 15:34:00,A0106,Amazon,Retail,281.82,US,in_store
T000839,2025-04-16 12:28:00,A0101,Amazon,Retail,75.66,US,in_store
T001514,2025-02-07 12:09:00,A0200,Apple,Electronics,181.44,US,online
T000443,2025-04-24 20:13:00,A0106,Walmart,Retail,359.15,US,online
T000381,2025-05-14 09:43:00,A0147,Apple,Electronics,71.95,US,atm
T003705,2025-02-22 14:33:00,A0033,Marriott,Travel,220.68,US,online
T003853,2025-05-21 12:32:00,A0106,BestBuy,Electronics,174.52,US,online
T000807,2025-01-04 12:44:00,A0074,Walmart,Retail,125.52,US,online
T003781,2025-04-26 18:58:00,A0094,Starbucks,Food,242.56,US,in_store
T003320,2025-04-19 14:16:00,A0141,Apple,Electronics,101.75,US,online
T001510,2025-04-03 21:59:00,A0031,Walmart,Retail,358.76,US,in_store
T004362,2025-05-16 18:49:00,A0161,Apple,Electronics,334.71,US,mobile
T000361,2025-03-12 15:18:00,A0136,Amazon,Retail,203.38,US,mobile
T000101,2025-04-29 16:39:00,A0193,Marriott,Travel,154.7,US,mobile
T003672,2025-03-08 07:11:00,A0075,Costco,Retail,369.02,US,in_store
T002647,2025-03-11 12:08:00,A0002,Shell,Fuel,338.66,US,atm
T001435,2025-05-15 18:56:00,A0045,Uber,Travel,237.59,US,online
T004097,2025-05-07 11:03:00,A0105,BestBuy,Electronics,155.27,US,in_store
T004511,2025-02-01 10:56:00,A0044,Walmart,Retail,367.24,US,online
T003520,2025-02-24 14:03:00,A0071,Apple,Electronics,292.46,US,mobile
T002359,2025-04-01 12:12:00,A0018,Uber,Travel,369.18,US,online
T002145,2025-05-16 10:15:00,A0186,Shell,Fuel,286.47,US,in_store
T003690,2025-04-04 15:10:00,A0122,Apple,Electronics,184.11,US,atm
T001722,2025-03-04 11:08:00,A0090,Delta Airlines,Travel,162.14,US,online
T002786,2025-05-21 14:19:00,A0179,Costco,Retail,155.56,US,online
T002738,2025-05-25 19:44:00,A0184,BestBuy,Electronics,254.27,US,online
T000281,2025-03-22 10:48:00,A0148,Starbucks,Food,201.81,US,mobile
T000994,2025-02-27 12:22:00,A0193,Uber,Travel,203.91,US,atm
T004539,2025-05-24 19:29:00,A0077,Shell,Fuel,235.22,US,mobile
T002524,2025-02-19 20:58:00,A0076,BestBuy,Electronics,14.19,US,mobile
T000190,2025-01-14 11:38:00,A0185,Uber,Travel,143.9,US,in_store
T001572,2025-05-28 07:23:00,A0049,Netflix,Subscription,11.4,US,online
T002278,2025-04-24 08:32:00,A0130,Starbucks,Food,187.96,US,mobile
T001602,2025-05-04 10:05:00,A0071,Netflix,Subscription,284.69,US,atm
T000914,2025-04-27 15:57:00,A0121,Target,Retail,231.72,US,mobile
T004094,2025-04-09 17:45:00,A0045,Apple,Electronics,59.86,US,mobile
T002389,2025-03-28 17:10:00,A0101,BestBuy,Electronics,191.7,US,atm
T001872,2025-01-26 09:58:00,A0087,Netflix,Subscription,125.98,US,in_store
T002372,2025-03-04 10:52:00,A0153,Amazon,Retail,176.38,US,atm
T004468,2025-04-15 12:28:00,A0002,Shell,Fuel,354.73,US,online
T004038,2025-03-02 10:18:00,A0135,Uber,Travel,11.35,US,atm
T003261,2025-03-11 20:20:00,A0196,Netflix,Subscription,49.19,US,in_store
T000650,2025-03-06 10:07:00,A0158,Starbucks,Food,270.04,US,online
T001316,2025-02-16 18:36:00,A0169,Walmart,Retail,160.45,US,in_store
T003675,2025-05-17 20:21:00,A0058,Marriott,Travel,60.57,US,in_store
T001932,2025-05-01 21:45:00,A0045,Shell,Fuel,132.48,US,online
T002788,2025-02-04 18:38:00,A0032,Marriott,Travel,76.33,US,mobile
T004751,2025-04-04 16:56:00,A0170,Starbucks,Food,22.85,DE,atm
T004924,2025-05-29 17:57:00,A0119,Uber,Travel,144.61,US,atm
T003537,2025-04-13 17:46:00,A0140,Target,Retail,16.75,US,in_store
T004051,2025-02-05 20:42:00,A0178,Apple,Electronics,172.2,US,in_store
T000326,2025-05-11 14:51:00,A0024,Amazon,Retail,184.11,US,mobile
T003740,2025-04-18 09:15:00,A0147,Marriott,Travel,307.75,US,mobile
T004351,2025-03-02 08:13:00,A0109,Apple,Electronics,265.31,US,mobile
T000209,2025-03-31 12:46:00,A0199,Marriott,Travel,326.94,US,online
T002940,2025-05-31 21:20:00,A0187,Delta Airlines,Travel,301.1,US,mobile
T001710,2025-03-28 13:16:00,A0009,Shell,Fuel,137.14,GB,online
T002060,2025-04-21 17:58:00,A0103,Amazon,Retail,90.34,US,online
T003034,2025-01-04 08:39:00,A0171,Marriott,Travel,200.97,US,online
T004410,2025-03-28 13:16:00,A0129,Walmart,Retail,93.18,US,mobile
T003635,2025-04-10 18:04:00,A0075,Delta Airlines,Travel,231.06,GB,in_store
T001236,2025-01-03 17:11:00,A0002,Apple,Electronics,224.54,US,mobile
T004227,2025-05-20 08:41:00,A0025,Uber,Travel,119.62,US,atm
T001459,2025-03-26 21:02:00,A0191,Starbucks,Food,268.15,US,atm
T002510,2025-01-13 12:19:00,A0170,Starbucks,Food,315.13,US,online
T002296,2025-01-19 16:10:00,A0132,Shell,Fuel,252.64,US,atm
T004493,2025-05-13 09:59:00,A0056,Apple,Electronics,313.81,US,online
T004976,2025-04-04 15:19:00,A0113,Apple,Electronics,171.33,US,mobile
T004593,2025-05-14 08:26:00,A0143,Costco,Retail,191.89,US,atm
T001699,2025-01-08 21:11:00,A0156,Netflix,Subscription,47.53,US,mobile
T002865,2025-01-24 16:45:00,A0072,Delta Airlines,Travel,164.11,US,mobile
T001982,2025-01-26 07:40:00,A0016,Netflix,Subscription,114.04,US,mobile
T002696,2025-01-30 09:25:00,A0024,Amazon,Retail,255.15,GB,in_store
T001528,2025-03-28 14:50:00,A0185,Marriott,Travel,279.62,US,online
T000834,2025-01-28 14:29:00,A0134,Amazon,Retail,351.72,US,mobile
T000880,2025-05-24 15:06:00,A0004,Shell,Fuel,219.3,US,atm
T004791,2025-02-10 08:35:00,A0029,Delta Airlines,Travel,103.47,US,online
T002287,2025-01-17 08:16:00,A0018,Marriott,Travel,146.27,US,in_store
T003786,2025-04-21 19:24:00,A0150,Amazon,Retail,378.96,US,atm
T000504,2025-03-19 12:08:00,A0087,Starbucks,Food,294.28,US,mobile
T000768,2025-05-05 18:28:00,A0011,Costco,Retail,121.41,US,mobile
T001783,2025-03-22 21:59:00,A0181,Amazon,Retail,176.18,US,atm
T001490,2025-03-05 20:13:00,A0165,Costco,Retail,50.89,US,atm
T004817,2025-04-15 07:54:00,A0126,Delta Airlines,Travel,169.7,US,online
T003298,2025-03-18 18:35:00,A0155,Amazon,Retail,388.35,US,in_store
T001457,2025-04-23 09:08:00,A0113,Netflix,Subscription,300.1,US,atm
T005004,2025-04-25 06:00:00,A0166,Apple,Electronics,15000,US,online
T001187,2025-02-08 21:36:00,A0170,Amazon,Retail,391.2,US,atm
T000986,2025-03-20 09:45:00,A0172,Target,Retail,343.88,MX,online
T002277,2025-04-16 08:00:00,A0056,Marriott,Travel,55.71,US,online
T001378,2025-05-02 19:21:00,A0125,Delta Airlines,Travel,174.63,US,atm
T003683,2025-02-09 09:49:00,A0173,Apple,Electronics,397.19,CA,in_store
T001159,2025-02-23 14:41:00,A0007,Starbucks,Food,261.65,US,in_store
T001389,2025-01-23 08:27:00,A0044,BestBuy,Electronics,16.54,US,mobile
T000229,2025-02-19 12:43:00,A0121,Delta Airlines,Travel,393.85,US,atm
T005097,2025-03-29 04:00:00,A0069,Starbucks,Food,585.0,NG,online
T002610,2025-03-27 15:28:00,A0004,Walmart,Retail,276.27,US,in_store
T003995,2025-01-13 21:56:00,A0007,BestBuy,Electronics,271.98,US,atm
T000423,2025-03-13 16:34:00,A0137,Starbucks,Food,132.84,US,atm
T001132,2025-04-02 18:35:00,A0114,Target,Retail,185.82,US,in_store
T003579,2025-02-17 16:33:00,A0066,Apple,Electronics,77.88,US,in_store
T003095,2025-01-27 20:58:00,A0187,Target,Retail,258.67,US,mobile
T003426,2025-01-27 08:48:00,A0124,Walmart,Retail,335.19,US,mobile
T004377,2025-05-25 10:22:00,A0013,BestBuy,Electronics,204.21,US,online
T001507,2025-02-27 07:14:00,A0001,Apple,Electronics,157.23,US,atm
T004209,2025-02-27 12:44:00,A0129,Apple,Electronics,362.0,US,online
T003772,2025-05-18 10:06:00,A0131,Walmart,Retail,127.99,US,mobile
T003048,2025-02-21 13:56:00,A0108,Netflix,Subscription,173.52,US,atm
T001477,2025-03-12 10:37:00,A0061,Apple,Electronics,39.46,US,in_store
T001628,2025-03-17 18:05:00,A0197,Netflix,Subscription,225.61,US,in_store
T001978,2025-03-07 11:53:00,A0054,Netflix,Subscription,14.35,US,mobile
T003944,2025-01-24 14:10:00,A0177,Walmart,Retail,196.72,US,in_store
T000605,2025-03-29 12:53:00,A0001,Marriott,Travel,385.95,US,atm
T002011,2025-01-22 17:41:00,A0059,Apple,Electronics,351.0,US,atm
T000627,2025-01-11 13:17:00,A0097,Costco,Retail,109.37,US,atm
T000635,2025-05-13 20:49:00,A0007,Netflix,Subscription,208.15,US,mobile
T003165,2025-03-19 08:48:00,A0152,Target,Retail,231.77,US,mobile
T004316,2025-02-12 18:07:00,A0164,Target,Retail,222.4,US,atm
T001539,2025-03-22 08:19:00,A0013,Amazon,Retail,392.31,CA,atm
T004849,2025-04-07 19:58:00,A0191,Amazon,Retail,335.81,US,atm
T005037,2025-04-17 10:09:00,A0036,BestBuy,Electronics,394.32,US,online
T003341,2025-01-08 17:57:00,A0033,Uber,Travel,378.87,US,atm
T003749,2025-05-01 17:52:00,A0059,Delta Airlines,Travel,27.36,US,mobile
T004412,2025-03-22 09:15:00,A0055,Starbucks,Food,216.88,US,atm
T004631,2025-03-19 09:00:00,A0078,Starbucks,Food,68.23,US,in_store
T001845,2025-04-06 09:59:00,A0098,BestBuy,Electronics,398.2,US,mobile
T000692,2025-02-22 13:35:00,A0194,Costco,Retail,195.57,US,mobile
T003410,2025-04-28 17:11:00,A0181,Apple,Electronics,24.68,US,in_store
T001408,2025-02-25 19:47:00,A0054,Shell,Fuel,295.45,US,atm
T000906,2025-05-05 17:27:00,A0037,Starbucks,Food,38.44,US,mobile
T002401,2025-02-16 13:02:00,A0185,Amazon,Retail,254.46,US,atm
T003833,2025-01-08 08:42:00,A0168,BestBuy,Electronics,247.51,US,online
T004776,2025-05-08 12:26:00,A0173,Marriott,Travel,394.56,US,online
T004065,2025-02-05 17:40:00,A0036,Apple,Electronics,210.37,US,atm
T003900,2025-04-26 12:42:00,A0111,Apple,Electronics,87.24,US,atm
T002002,2025-03-25 20:20:00,A0018,Shell,Fuel,264.98,US,atm
T003333,2025-03-21 09:59:00,A0106,Shell,Fuel,141.05,US,online
T001728,2025-04-23 17:48:00,A0061,Target,Retail,381.45,US,mobile
T001397,2025-04-04 19:43:00,A0198,Starbucks,Food,210.3,US,in_store
T002309,2025-05-19 15:20:00,A0183,Shell,Fuel,320.22,US,in_store
T003804,2025-03-31 08:29:00,A0063,Uber,Travel,341.33,US,mobile
T004008,2025-03-21 14:20:00,A0123,Netflix,Subscription,204.75,US,online
T000544,2025-04-12 17:59:00,A0130,Walmart,Retail,274.06,US,atm
T004298,2025-04-13 13:04:00,A0071,Uber,Travel,293.42,US,mobile
T001788,2025-05-06 15:39:00,A0018,Shell,Fuel,285.45,US,mobile
T000433,2025-02-10 14:29:00,A0032,Amazon,Retail,396.78,US,in_store
T002948,2025-02-24 18:08:00,A0168,BestBuy,Electronics,344.8,MX,online
T001087,2025-03-18 20:27:00,A0192,Apple,Electronics,130.87,US,in_store
T004961,2025-05-27 16:24:00,A0195,Shell,Fuel,28.87,US,mobile
T001705,2025-04-23 13:40:00,A0018,Apple,Electronics,350.22,US,online
T004317,2025-01-15 19:36:00,A0160,Costco,Retail,124.92,US,online
T002819,2025-04-23 21:49:00,A0116,Apple,Electronics,306.84,US,atm
T002332,2025-05-25 10:41:00,A0176,BestBuy,Electronics,30.55,US,online
T001272,2025-05-04 18:49:00,A0062,Netflix,Subscription,323.87,US,in_store
T002243,2025-03-19 14:24:00,A0001,BestBuy,Electronics,229.4,US,online
T001165,2025-05-05 15:37:00,A0103,BestBuy,Electronics,246.54,US,mobile
T003458,2025-03-10 19:17:00,A0033,Walmart,Retail,68.87,US,online
T003822,2025-04-14 17:33:00,A0158,Netflix,Subscription,172.18,US,atm
T001356,2025-04-29 11:29:00,A0098,Uber,Travel,153.18,US,mobile
T005055,2025-03-28 22:03:00,A0167,BestBuy,Electronics,591.7,US,online
T002912,2025-01-12 15:39:00,A0110,BestBuy,Electronics,389.06,US,online
T000255,2025-02-06 20:38:00,A0008,Marriott,Travel,313.62,US,in_store
T002022,2025-01-25 14:31:00,A0158,BestBuy,Electronics,333.28,US,in_store
T000070,2025-02-24 15:30:00,A0114,BestBuy,Electronics,72.03,US,atm
T000158,2025-02-18 16:16:00,A0057,Marriott,Travel,303.45,DE,in_store
T002522,2025-04-01 19:23:00,A0041,Uber,Travel,347.18,US,in_store
T001925,2025-05-18 15:25:00,A0129,Shell,Fuel,344.33,US,mobile
T002442,2025-02-13 09:41:00,A0086,Delta Airlines,Travel,281.78,US,online
T001977,2025-02-05 14:49:00,A0166,Uber,Travel,12.69,US,in_store
T003433,2025-01-05 21:13:00,A0119,Walmart,Retail,163.02,US,mobile
T003190,2025-01-03 12:15:00,A0156,Shell,Fuel,373.09,US,atm
T003018,2025-02-11 21:45:00,A0037,Costco,Retail,11.67,US,atm
T001182,2025-05-10 09:05:00,A0074,Uber,Travel,152.11,CA,mobile
T000608,2025-02-18 18:21:00,A0118,Walmart,Retail,304.07,US,online
T001833,2025-03-14 20:58:00,A0071,Apple,Electronics,235.87,US,atm
T004904,2025-03-30 20:59:00,A0141,Target,Retail,369.5,US,atm
T000889,2025-01-29 12:30:00,A0122,Target,Retail,339.08,US,atm
T000517,2025-01-14 08:21:00,A0041,Shell,Fuel,389.89,US,atm
T003267,2025-03-01 10:25:00,A0188,Uber,Travel,305.59,US,online
T002901,2025-02-15 09:40:00,A0014,Amazon,Retail,165.42,US,atm
T001163,2025-01-03 08:40:00,A0086,BestBuy,Electronics,175.56,US,mobile
T001516,2025-04-09 12:20:00,A0047,Target,Retail,172.41,US,mobile
T000737,2025-01-21 10:10:00,A0191,Apple,Electronics,45.69,US,mobile
T002353,2025-04-22 19:40:00,A0056,Starbucks,Food,182.73,US,in_store
T004884,2025-05-05 15:48:00,A0143,Amazon,Retail,362.94,US,online
T003746,2025-05-25 11:26:00,A0088,Delta Airlines,Travel,221.76,US,mobile
T002020,2025-04-29 13:54:00,A0122,Costco,Retail,178.96,US,online
T002035,2025-03-30 11:28:00,A0033,Apple,Electronics,223.55,US,in_store
T004671,2025-05-24 20:22:00,A0192,Costco,Retail,153.57,US,in_store
T003584,2025-04-22 07:19:00,A0096,Walmart,Retail,102.59,US,in_store
T003409,2025-02-17 21:28:00,A0199,Uber,Travel,329.43,US,atm
T001229,2025-01-01 20:29:00,A0011,Delta Airlines,Travel,119.25,US,online
T001351,2025-04-19 09:38:00,A0063,Shell,Fuel,124.72,US,mobile
T001797,2025-03-08 21:03:00,A0103,Uber,Travel,196.77,US,atm
T001830,2025-05-01 08:00:00,A0039,Uber,Travel,282.08,US,online
T000625,2025-04-05 19:37:00,A0058,Costco,Retail,296.69,US,in_store
T002720,2025-01-28 09:53:00,A0123,Uber,Travel,187.39,US,online
T000550,2025-03-20 18:45:00,A0156,Marriott,Travel,113.77,US,atm
T004720,2025-02-13 17:28:00,A0022,Shell,Fuel,287.93,US,atm
T003100,2025-05-17 11:45:00,A0101,Uber,Travel,366.37,CA,in_store
T002080,2025-02-04 12:55:00,A0178,BestBuy,Electronics,102.52,US,in_store
T004343,2025-02-07 16:22:00,A0032,Walmart,Retail,121.62,US,online
T000319,2025-04-14 17:32:00,A0041,BestBuy,Electronics,309.09,US,online
T002093,2025-04-08 18:30:00,A0105,Starbucks,Food,339.67,US,online
T003782,2025-04-23 10:06:00,A0170,Costco,Retail,160.43,US,in_store
T001363,2025-05-03 07:58:00,A0063,Netflix,Subscription,254.23,US,online
T001509,2025-01-29 10:06:00,A0044,Uber,Travel,146.14,US,atm
T003492,2025-01-11 07:45:00,A0166,Shell,Fuel,247.74,US,online
T002859,2025-03-02 09:01:00,A0178,Walmart,Retail,57.42,US,atm
T002464,2025-03-06 19:15:00,A0073,Marriott,Travel,372.89,US,in_store
T001444,2025-05-07 19:55:00,A0142,Amazon,Retail,385.06,US,in_store
T003232,2025-05-27 17:54:00,A0006,Starbucks,Food,334.19,US,mobile
T001480,2025-02-09 07:08:00,A0137,Shell,Fuel,170.19,US,atm
T003970,2025-03-28 19:58:00,A0117,Shell,Fuel,230.07,US,in_store
T001692,2025-02-05 11:50:00,A0118,Marriott,Travel,124.66,US,online
T001818,2025-04-16 11:47:00,A0065,Netflix,Subscription,334.56,US,atm
T004248,2025-03-11 21:58:00,A0156,Target,Retail,338.19,US,in_store
T001362,2025-04-05 18:03:00,A0163,Marriott,Travel,157.21,US,in_store
T003234,2025-02-23 10:52:00,A0150,Netflix,Subscription,40.32,US,atm
T003169,2025-04-29 10:18:00,A0106,Target,Retail,210.0,US,atm
T001190,2025-02-22 21:34:00,A0115,Delta Airlines,Travel,316.39,US,mobile
T004186,2025-04-07 15:35:00,A0056,Shell,Fuel,6.18,US,in_store
T003628,2025-01-21 08:12:00,A0057,Marriott,Travel,343.18,US,mobile
T005008,2025-02-24 17:00:00,A0105,Apple,Electronics,10000,US,online
T004168,2025-01-21 11:44:00,A0034,BestBuy,Electronics,44.39,US,mobile
T002681,2025-04-25 16:52:00,A0047,Delta Airlines,Travel,178.32,US,in_store
T000558,2025-03-18 20:10:00,A0130,Marriott,Travel,351.22,US,atm
T002344,2025-03-11 15:52:00,A0197,Amazon,Retail,202.86,US,mobile
T004173,2025-05-01 09:39:00,A0156,Apple,Electronics,140.93,US,online
T004225,2025-05-15 21:50:00,A0177,BestBuy,Electronics,95.67,US,mobile
T003020,2025-02-17 09:46:00,A0184,Netflix,Subscription,164.99,US,in_store
T004314,2025-04-01 15:23:00,A0037,Shell,Fuel,110.68,US,atm
T005011,2025-01-24 14:00:00,A0014,Apple,Electronics,5000,US,online
T000472,2025-04-07 20:47:00,A0195,BestBuy,Electronics,126.47,US,in_store
T004908,2025-04-17 14:35:00,A0027,Costco,Retail,342.25,US,atm
T003911,2025-01-01 11:05:00,A0009,Amazon,Retail,291.88,US,atm
T001154,2025-02-24 09:05:00,A0048,BestBuy,Electronics,392.96,US,online
T004346,2025-04-18 19:22:00,A0004,Uber,Travel,355.13,US,mobile
T002100,2025-01-25 20:43:00,A0089,Starbucks,Food,241.89,US,in_store
T001205,2025-02-24 14:30:00,A0178,Amazon,Retail,299.87,US,atm
T003122,2025-04-22 10:29:00,A0060,Marriott,Travel,289.48,US,mobile
T003545,2025-03-14 12:49:00,A0029,Delta Airlines,Travel,246.15,US,mobile
T000062,2025-02-15 16:16:00,A0067,Amazon,Retail,47.82,US,atm
T003178,2025-03-02 07:09:00,A0107,Target,Retail,316.38,US,online
T002766,2025-04-07 13:34:00,A0157,Shell,Fuel,289.54,US,mobile
T003659,2025-04-23 10:43:00,A0018,BestBuy,Electronics,255.75,US,mobile
T001588,2025-02-10 12:13:00,A0142,Walmart,Retail,41.84,US,online
T004205,2025-04-10 10:51:00,A0030,BestBuy,Electronics,81.82,US,in_store
T002056,2025-05-25 13:38:00,A0144,Costco,Retail,348.81,US,mobile
T003039,2025-01-08 14:21:00,A0173,BestBuy,Electronics,232.83,US,mobile
T001073,2025-01-15 17:15:00,A0090,Shell,Fuel,97.68,US,online
T001243,2025-02-20 20:40:00,A0002,Apple,Electronics,48.82,US,mobile
T001345,2025-04-17 17:52:00,A0134,Uber,Travel,301.47,US,atm
T004198,2025-05-17 17:06:00,A0142,Amazon,Retail,175.9,US,in_store
T004031,2025-05-10 21:24:00,A0168,Shell,Fuel,5.43,US,online
T004404,2025-03-28 20:26:00,A0027,Delta Airlines,Travel,74.01,US,online
T003314,2025-04-14 14:15:00,A0191,Delta Airlines,Travel,48.94,US,online
T002356,2025-04-17 07:15:00,A0034,Starbucks,Food,359.33,US,atm
T000508,2025-03-23 21:51:00,A0047,Delta Airlines,Travel,92.25,US,online
T004503,2025-03-29 14:34:00,A0049,Apple,Electronics,132.63,US,atm
T003546,2025-04-08 16:11:00,A0007,Walmart,Retail,248.69,US,mobile
T000999,2025-02-22 15:40:00,A0039,Amazon,Retail,120.8,US,in_store
T000169,2025-01-25 10:56:00,A0030,Costco,Retail,58.59,US,atm
T005013,2025-03-14 20:00:00,A0175,Apple,Electronics,15000,US,online
T001387,2025-05-08 19:05:00,A0033,Uber,Travel,333.78,US,mobile
T003997,2025-04-26 17:36:00,A0109,Apple,Electronics,14.06,US,in_store
T000325,2025-05-14 14:07:00,A0084,Marriott,Travel,86.13,US,mobile
T002965,2025-04-11 10:43:00,A0111,Uber,Travel,243.84,US,in_store
T004262,2025-05-13 12:01:00,A0148,Uber,Travel,133.06,US,atm
T002155,2025-03-22 16:57:00,A0160,Target,Retail,192.66,US,in_store
T003473,2025-03-06 20:08:00,A0178,Starbucks,Food,388.45,US,in_store
T003171,2025-05-30 15:01:00,A0075,Uber,Travel,119.56,US,in_store
T001716,2025-01-07 19:50:00,A0015,Shell,Fuel,216.0,US,online
T002809,2025-01-04 21:51:00,A0114,Uber,Travel,181.22,US,mobile
T003811,2025-03-07 21:35:00,A0175,Apple,Electronics,195.04,US,in_store
T002649,2025-01-15 12:55:00,A0107,Delta Airlines,Travel,205.04,CA,mobile
T001496,2025-04-25 10:46:00,A0040,BestBuy,Electronics,176.39,US,mobile
T001485,2025-04-23 19:32:00,A0043,Apple,Electronics,227.19,US,mobile
T003557,2025-02-14 17:55:00,A0141,Uber,Travel,334.0,US,atm
T001407,2025-02-11 16:08:00,A0118,Target,Retail,279.9,US,in_store
T002067,2025-01-24 17:25:00,A0185,Netflix,Subscription,250.61,US,in_store
T000404,2025-04-21 13:01:00,A0048,BestBuy,Electronics,247.57,US,mobile
T001455,2025-05-05 07:09:00,A0032,Marriott,Travel,103.8,US,mobile
T003217,2025-04-21 11:57:00,A0097,Netflix,Subscription,25.8,US,online
T000539,2025-04-17 16:41:00,A0187,Walmart,Retail,79.23,US,mobile
T001125,2025-05-24 07:37:00,A0034,Starbucks,Food,107.82,US,mobile
T004147,2025-01-14 18:32:00,A0191,Target,Retail,95.29,US,in_store
T000566,2025-04-26 11:13:00,A0002,Starbucks,Food,232.63,US,mobile
T002111,2025-01-15 15:53:00,A0198,Amazon,Retail,79.29,US,atm
T003133,2025-05-15 14:15:00,A0164,Netflix,Subscription,210.71,MX,mobile
T000770,2025-05-22 09:04:00,A0154,Costco,Retail,66.24,US,atm
T002780,2025-05-04 21:58:00,A0194,BestBuy,Electronics,30.81,US,in_store
T000596,2025-01-14 07:41:00,A0143,Starbucks,Food,204.7,US,mobile
T004203,2025-05-16 09:44:00,A0101,Amazon,Retail,49.96,US,online
T004989,2025-01-03 10:00:00,A0008,Walmart,Retail,41.62,US,in_store
T004860,2025-03-12 18:59:00,A0167,Costco,Retail,8.28,GB,online
T000347,2025-05-31 18:42:00,A0195,Costco,Retail,90.72,US,atm
T003644,2025-01-31 09:03:00,A0152,BestBuy,Electronics,98.72,US,in_store
T000430,2025-05-17 13:13:00,A0017,Apple,Electronics,330.81,US,atm
T004986,2025-04-12 15:15:00,A0045,Apple,Electronics,205.09,US,in_store
T000970,2025-01-27 18:03:00,A0012,Costco,Retail,74.48,US,mobile
T001342,2025-03-04 16:05:00,A0194,Amazon,Retail,59.33,US,atm
T002785,2025-05-18 16:51:00,A0158,Shell,Fuel,281.06,US,mobile
T002614,2025-02-02 21:58:00,A0041,Amazon,Retail,341.09,US,in_store
T001350,2025-05-10 08:27:00,A0061,BestBuy,Electronics,189.49,US,in_store
T004745,2025-01-28 08:07:00,A0012,Netflix,Subscription,311.64,US,atm
T001110,2025-04-16 19:20:00,A0153,Target,Retail,193.95,DE,in_store
T004171,2025-05-16 12:05:00,A0002,Walmart,Retail,353.45,US,online
T003066,2025-03-28 14:51:00,A0095,Delta Airlines,Travel,57.11,MX,in_store
T002153,2025-01-03 21:55:00,A0006,Amazon,Retail,135.95,US,atm
T002404,2025-04-11 21:33:00,A0136,Delta Airlines,Travel,246.92,US,in_store
T004504,2025-02-04 15:21:00,A0024,Shell,Fuel,195.55,US,online
T004719,2025-02-13 19:07:00,A0058,Amazon,Retail,355.75,US,in_store
T002458,2025-01-04 14:50:00,A0110,Costco,Retail,30.79,US,atm
T003972,2025-02-23 09:30:00,A0098,Costco,Retail,286.87,US,mobile
T003099,2025-03-23 16:02:00,A0040,Delta Airlines,Travel,313.87,US,mobile
T001817,2025-05-02 15:46:00,A0104,Delta Airlines,Travel,305.43,US,mobile
T001471,2025-05-11 13:41:00,A0016,Amazon,Retail,125.19,US,atm
T004349,2025-04-01 13:51:00,A0161,Starbucks,Food,92.12,US,mobile
T000891,2025-05-23 17:04:00,A0084,Uber,Travel,215.43,US,mobile
T001837,2025-05-02 10:10:00,A0189,Amazon,Retail,314.43,US,online
T002904,2025-01-03 09:55:00,A0016,Apple,Electronics,305.02,US,online
T001180,2025-01-26 09:41:00,A0188,Netflix,Subscription,137.17,US,online
T002174,2025-01-20 09:23:00,A0063,Walmart,Retail,65.83,US,online
T004332,2025-02-09 07:26:00,A0088,Uber,Travel,275.35,US,online
T001420,2025-05-23 14:51:00,A0002,Netflix,Subscription,53.6,US,in_store
T000230,2025-04-08 15:33:00,A0200,Apple,Electronics,386.68,US,in_store
T000973,2025-01-26 10:47:00,A0059,Apple,Electronics,348.61,US,in_store
T002321,2025-02-26 09:51:00,A0196,Apple,Electronics,85.24,US,online
T003649,2025-03-17 17:20:00,A0127,Uber,Travel,325.47,US,in_store
T002840,2025-01-05 08:44:00,A0001,Costco,Retail,157.45,US,mobile
T003203,2025-02-28 19:23:00,A0121,Marriott,Travel,89.86,DE,in_store
T000510,2025-01-23 20:45:00,A0163,Marriott,Travel,257.45,US,mobile
T002165,2025-04-17 09:23:00,A0160,Uber,Travel,80.85,US,online
T001233,2025-02-23 16:32:00,A0111,Netflix,Subscription,354.15,US,atm
T000228,2025-03-14 19:47:00,A0157,Target,Retail,97.43,US,atm
T000518,2025-03-14 11:15:00,A0170,Walmart,Retail,24.61,US,mobile
T002119,2025-02-06 16:15:00,A0040,Delta Airlines,Travel,269.07,US,atm
T003898,2025-04-10 16:18:00,A0110,Costco,Retail,230.23,US,in_store
T002838,2025-05-13 20:32:00,A0045,Amazon,Retail,286.12,US,in_store
T003914,2025-02-12 19:41:00,A0038,Costco,Retail,238.86,US,mobile
T000160,2025-04-04 18:08:00,A0149,Walmart,Retail,364.3,US,mobile
T003436,2025-04-07 16:14:00,A0072,Walmart,Retail,345.9,US,in_store
T000574,2025-05-10 09:07:00,A0151,Netflix,Subscription,285.89,US,mobile
T002178,2025-01-24 18:05:00,A0048,Amazon,Retail,176.02,US,in_store
T002721,2025-05-23 07:49:00,A0012,Walmart,Retail,319.92,US,online
T000322,2025-05-18 19:42:00,A0194,Shell,Fuel,305.93,US,online
T003764,2025-05-22 16:57:00,A0100,Shell,Fuel,93.44,US,mobile
T000525,2025-01-16 20:24:00,A0142,Costco,Retail,170.36,US,mobile
T001197,2025-05-27 18:00:00,A0077,Target,Retail,138.9,US,in_store
T004107,2025-01-09 12:01:00,A0138,BestBuy,Electronics,317.23,US,online
T000018,2025-04-30 15:16:00,A0153,Costco,Retail,345.01,US,online
T004604,2025-05-06 21:06:00,A0196,Walmart,Retail,172.87,US,mobile
T002288,2025-01-31 07:10:00,A0036,Walmart,Retail,230.32,US,in_store
T000383,2025-01-20 12:16:00,A0124,Shell,Fuel,289.76,US,in_store
T005100,2025-05-03 03:00:00,A0128,Amazon,Retail,303.14,RU,online
T001464,2025-05-03 11:18:00,A0112,Target,Retail,37.63,US,in_store
T002496,2025-04-20 14:54:00,A0012,Shell,Fuel,60.19,US,online
T004299,2025-01-24 15:41:00,A0109,Marriott,Travel,166.3,US,online
T000598,2025-02-27 15:41:00,A0130,Apple,Electronics,164.29,US,online
T000482,2025-02-14 07:25:00,A0067,Target,Retail,224.6,US,in_store
T000106,2025-05-29 12:30:00,A0170,Costco,Retail,214.71,US,atm
T000670,2025-04-07 12:37:00,A0097,Marriott,Travel,359.8,US,atm
T000854,2025-04-20 20:35:00,A0195,Walmart,Retail,120.67,US,online
T001897,2025-03-28 21:45:00,A0002,Delta Airlines,Travel,106.85,US,mobile
T002797,2025-03-09 09:00:00,A0112,Uber,Travel,129.33,US,mobile
T000738,2025-01-14 07:49:00,A0141,Apple,Electronics,211.97,US,online
T004998,2025-05-27 12:45:00,A0125,Marriott,Travel,232.68,US,online
T003256,2025-02-04 21:54:00,A0109,Costco,Retail,349.58,US,atm
T001128,2025-03-14 21:56:00,A0111,Uber,Travel,247.11,GB,atm
T001447,2025-05-16 17:38:00,A0063,Amazon,Retail,244.91,US,in_store
T004716,2025-02-11 10:13:00,A0187,Amazon,Retail,319.61,US,online
T002430,2025-01-09 19:53:00,A0031,Marriott,Travel,130.24,US,mobile
T002633,2025-05-04 09:58:00,A0185,Netflix,Subscription,158.69,US,in_store
T002447,2025-03-15 11:15:00,A0149,Delta Airlines,Travel,343.18,US,mobile
T004611,2025-02-09 07:54:00,A0173,Walmart,Retail,61.71,US,online
T004154,2025-05-07 15:39:00,A0144,Amazon,Retail,355.39,MX,atm
T003357,2025-04-02 11:36:00,A0042,Starbucks,Food,11.79,US,atm
T000014,2025-05-08 13:56:00,A0055,Marriott,Travel,186.25,US,in_store
T001085,2025-05-08 10:42:00,A0148,BestBuy,Electronics,375.55,US,mobile
T001445,2025-05-08 15:43:00,A0123,Marriott,Travel,355.79,US,online
T001637,2025-05-09 13:32:00,A0102,Netflix,Subscription,26.0,US,atm
T004464,2025-03-05 17:57:00,A0018,Apple,Electronics,292.81,MX,atm
T001008,2025-04-06 14:34:00,A0038,Starbucks,Food,215.79,US,online
T000677,2025-02-07 07:10:00,A0147,Uber,Travel,369.37,US,mobile
T004587,2025-03-22 16:35:00,A0015,Marriott,Travel,157.24,US,mobile
T000088,2025-01-13 11:24:00,A0047,Netflix,Subscription,88.61,US,atm
T000897,2025-05-07 17:42:00,A0084,Amazon,Retail,40.76,US,online
T000803,2025-04-16 13:23:00,A0029,Netflix,Subscription,80.24,US,online
T003866,2025-02-25 13:52:00,A0003,Delta Airlines,Travel,108.59,US,online
T004899,2025-03-10 17:40:00,A0057,Netflix,Subscription,326.24,CA,atm
T004859,2025-05-09 17:13:00,A0031,Amazon,Retail,328.4,US,in_store
T002697,2025-02-23 09:07:00,A0030,Marriott,Travel,369.98,US,mobile
T002450,2025-01-11 10:15:00,A0034,BestBuy,Electronics,23.39,US,mobile
T003631,2025-04-14 07:18:00,A0153,Target,Retail,320.49,US,in_store
T003950,2025-01-25 17:37:00,A0108,Amazon,Retail,46.97,US,in_store
T000155,2025-01-28 10:24:00,A0124,Delta Airlines,Travel,146.79,US,atm
T004550,2025-02-05 09:23:00,A0098,Uber,Travel,239.59,US,in_store
T000847,2025-05-07 10:13:00,A0156,Delta Airlines,Travel,265.49,US,mobile
T000652,2025-01-26 10:46:00,A0065,Delta Airlines,Travel,197.44,US,atm
T001482,2025-01-18 14:26:00,A0112,Costco,Retail,372.88,US,online
T005022,2025-03-14 02:06:00,A0144,Marriott,Travel,538.38,US,online
T000509,2025-02-06 12:47:00,A0128,Walmart,Retail,99.01,US,in_store
T000222,2025-03-26 20:08:00,A0165,Marriott,Travel,282.62,DE,online
T004457,2025-03-07 16:27:00,A0103,Target,Retail,122.91,US,online
T002560,2025-05-27 16:40:00,A0104,Apple,Electronics,307.82,US,mobile
T003873,2025-04-18 20:30:00,A0122,Marriott,Travel,321.04,US,atm
T001734,2025-01-15 19:06:00,A0110,Costco,Retail,158.3,CA,atm
T000633,2025-03-30 14:15:00,A0030,Marriott,Travel,247.41,US,in_store
T001402,2025-02-23 20:46:00,A0040,Shell,Fuel,281.66,US,in_store
T002922,2025-01-03 10:10:00,A0084,Marriott,Travel,142.44,US,online
T000021,2025-01-28 20:40:00,A0130,Uber,Travel,337.46,US,in_store
T001785,2025-02-05 16:24:00,A0063,Shell,Fuel,270.97,US,mobile
T004866,2025-05-21 21:16:00,A0185,Marriott,Travel,192.4,US,online
T002566,2025-05-25 15:03:00,A0104,Apple,Electronics,250.78,US,mobile
T005085,2025-04-17 21:02:00,A0132,Apple,Electronics,228.4,US,online
T000138,2025-03-12 19:50:00,A0018,Apple,Electronics,139.25,US,atm
T002563,2025-05-26 10:09:00,A0164,Netflix,Subscription,228.31,US,online
T000763,2025-03-04 07:02:00,A0102,Delta Airlines,Travel,314.47,US,in_store
T000819,2025-04-08 15:43:00,A0023,Delta Airlines,Travel,349.72,US,in_store
T000099,2025-05-18 19:30:00,A0158,Target,Retail,177.05,GB,atm
T000884,2025-04-02 11:21:00,A0158,Shell,Fuel,286.59,US,online
T002407,2025-04-29 21:56:00,A0107,Delta Airlines,Travel,230.9,US,in_store
T003042,2025-01-08 15:43:00,A0049,BestBuy,Electronics,315.33,US,atm
T004761,2025-05-07 11:24:00,A0002,Walmart,Retail,297.49,MX,in_store
T004568,2025-02-16 19:44:00,A0055,Netflix,Subscription,73.93,US,in_store
T002700,2025-01-09 14:08:00,A0031,BestBuy,Electronics,140.46,MX,mobile
T005038,2025-04-17 10:10:00,A0036,Target,Retail,855.21,US,online
T002257,2025-05-07 17:34:00,A0038,Apple,Electronics,147.33,US,online
T000171,2025-04-15 11:02:00,A0126,BestBuy,Electronics,151.36,US,mobile
T003671,2025-05-03 10:50:00,A0037,Marriott,Travel,57.64,US,mobile
T001070,2025-04-07 16:43:00,A0152,Netflix,Subscription,307.76,US,atm
T004876,2025-03-04 13:46:00,A0155,Marriott,Travel,143.04,US,online
T002059,2025-01-11 12:41:00,A0101,Target,Retail,341.63,US,online
T002557,2025-01-27 17:23:00,A0014,Target,Retail,277.99,US,online
T003057,2025-03-26 19:16:00,A0077,Uber,Travel,299.4,US,atm
T001334,2025-01-28 12:20:00,A0055,Starbucks,Food,10.92,US,atm
T004712,2025-03-22 19:22:00,A0149,Walmart,Retail,227.91,US,in_store
T003049,2025-01-09 07:26:00,A0085,Shell,Fuel,144.44,US,in_store
T002018,2025-05-19 13:48:00,A0012,Delta Airlines,Travel,290.4,US,in_store
T001754,2025-02-27 16:32:00,A0020,Delta Airlines,Travel,253.98,GB,mobile
T004600,2025-02-26 07:49:00,A0137,Apple,Electronics,243.45,US,atm
T003029,2025-01-18 12:05:00,A0045,Apple,Electronics,391.05,US,online
T001007,2025-02-17 10:35:00,A0095,BestBuy,Electronics,18.7,US,atm
T001050,2025-04-19 10:32:00,A0098,Shell,Fuel,165.99,GB,atm
T003292,2025-01-14 09:52:00,A0105,Shell,Fuel,305.03,US,in_store
T001598,2025-03-29 12:30:00,A0031,Delta Airlines,Travel,242.0,US,in_store
T003219,2025-05-28 07:34:00,A0059,Shell,Fuel,333.9,US,atm
T004955,2025-03-03 18:13:00,A0029,Starbucks,Food,14.06,US,atm
T003244,2025-03-03 19:39:00,A0091,Amazon,Retail,283.2,US,atm
T001003,2025-03-19 16:08:00,A0118,Uber,Travel,72.84,US,in_store
T002073,2025-03-17 16:36:00,A0027,Walmart,Retail,132.92,US,mobile
T003711,2025-04-12 19:07:00,A0052,Amazon,Retail,336.57,US,in_store
T003651,2025-02-27 15:05:00,A0085,Walmart,Retail,225.19,US,online
T001851,2025-01-08 16:57:00,A0095,BestBuy,Electronics,65.51,DE,in_store
T000483,2025-04-29 08:51:00,A0025,Starbucks,Food,52.97,US,in_store
T004966,2025-01-13 15:26:00,A0168,Shell,Fuel,103.61,US,atm
T000041,2025-05-11 08:54:00,A0015,Starbucks,Food,32.07,US,in_store
T005010,2025-01-24 21:00:00,A0184,Apple,Electronics,5000,US,online
T000237,2025-01-02 21:05:00,A0115,Amazon,Retail,106.09,US,mobile
T002106,2025-01-11 12:03:00,A0104,Target,Retail,325.31,US,online
T004182,2025-04-28 13:49:00,A0019,Walmart,Retail,275.26,US,online
T001963,2025-02-19 16:51:00,A0200,Marriott,Travel,247.69,US,online
T000530,2025-03-08 12:58:00,A0153,BestBuy,Electronics,366.1,US,online
T002541,2025-01-19 19:07:00,A0080,Costco,Retail,257.52,US,atm
T003519,2025-01-25 11:14:00,A0189,Target,Retail,204.55,US,atm
T001193,2025-05-19 11:13:00,A0134,Walmart,Retail,207.11,US,atm
T003645,2025-02-04 07:38:00,A0094,Uber,Travel,138.89,US,in_store
T002779,2025-01-08 19:36:00,A0071,Apple,Electronics,163.82,US,mobile
T002827,2025-03-07 11:58:00,A0072,Marriott,Travel,382.43,US,atm
T004219,2025-03-13 21:46:00,A0035,Amazon,Retail,227.15,MX,in_store
T004741,2025-03-04 18:10:00,A0179,Starbucks,Food,265.96,US,online
T001346,2025-03-04 10:34:00,A0088,Amazon,Retail,363.12,US,in_store
T003470,2025-01-03 12:06:00,A0091,Uber,Travel,87.9,DE,in_store
T000873,2025-02-09 10:21:00,A0129,Target,Retail,294.31,US,atm
T001895,2025-04-26 15:23:00,A0155,Target,Retail,286.25,US,atm
T001439,2025-04-07 16:47:00,A0037,Uber,Travel,25.88,CA,atm
T003149,2025-01-22 15:21:00,A0192,Marriott,Travel,50.05,US,mobile
T002120,2025-03-11 13:44:00,A0053,Amazon,Retail,169.28,US,mobile
T001042,2025-01-09 19:42:00,A0028,Costco,Retail,239.3,US,online
T000934,2025-05-25 19:11:00,A0169,Walmart,Retail,279.78,US,atm
T000044,2025-03-09 13:08:00,A0062,Marriott,Travel,259.97,US,atm
T003300,2025-01-10 09:06:00,A0098,Walmart,Retail,232.11,US,atm
T000804,2025-03-20 09:22:00,A0198,Delta Airlines,Travel,329.53,US,in_store
T002099,2025-02-14 10:40:00,A0018,Delta Airlines,Travel,201.79,US,in_store
T001102,2025-02-01 15:55:00,A0176,Shell,Fuel,343.77,US,online
T002994,2025-05-08 07:07:00,A0175,Target,Retail,81.63,US,online
T002175,2025-01-03 18:00:00,A0020,BestBuy,Electronics,323.76,US,online
T001808,2025-01-04 18:53:00,A0006,Costco,Retail,243.92,US,online
T004543,2025-03-29 20:19:00,A0051,Delta Airlines,Travel,359.21,US,mobile
T002644,2025-03-10 20:09:00,A0005,BestBuy,Electronics,346.38,US,atm
T002789,2025-03-05 18:59:00,A0093,Apple,Electronics,356.22,US,atm
T002204,2025-05-23 12:36:00,A0072,Netflix,Subscription,280.84,US,atm
T003119,2025-01-22 09:51:00,A0139,Delta Airlines,Travel,57.86,US,atm
T000840,2025-01-24 11:20:00,A0117,BestBuy,Electronics,261.19,US,in_store
T002162,2025-01-22 21:23:00,A0087,Walmart,Retail,75.01,US,atm
T001864,2025-03-11 21:12:00,A0049,Starbucks,Food,391.81,US,mobile
T000147,2025-05-05 20:34:00,A0161,Amazon,Retail,248.9,US,atm
T002032,2025-05-05 19:35:00,A0088,Target,Retail,266.98,US,atm
T000168,2025-04-15 08:08:00,A0167,Amazon,Retail,378.77,US,mobile
T004113,2025-04-01 07:43:00,A0029,Starbucks,Food,277.21,US,online
T001751,2025-02-08 21:37:00,A0075,Amazon,Retail,46.96,US,atm
T003354,2025-02-07 09:15:00,A0078,Netflix,Subscription,346.32,US,atm
T000123,2025-05-26 21:18:00,A0153,Target,Retail,54.12,US,atm
T004545,2025-05-13 20:43:00,A0058,Marriott,Travel,21.99,US,online
T003938,2025-01-28 12:34:00,A0154,Netflix,Subscription,129.55,US,online
T003484,2025-04-06 08:50:00,A0189,Delta Airlines,Travel,159.76,US,in_store
T001657,2025-05-20 21:58:00,A0071,Target,Retail,395.0,US,in_store
T003088,2025-01-03 14:54:00,A0094,Apple,Electronics,61.09,US,atm
T003288,2025-01-28 10:34:00,A0024,Apple,Electronics,228.72,MX,mobile
T002573,2025-04-08 16:24:00,A0141,Netflix,Subscription,165.74,US,in_store
T003759,2025-01-08 17:54:00,A0030,Netflix,Subscription,296.6,US,online
T003107,2025-01-27 09:11:00,A0127,Starbucks,Food,362.6,US,atm
T000271,2025-05-22 11:08:00,A0163,Marriott,Travel,124.62,US,online
T004999,2025-02-16 16:22:00,A0079,Uber,Travel,117.61,MX,mobile
T002005,2025-01-13 14:28:00,A0098,Apple,Electronics,83.46,DE,mobile
T000048,2025-05-22 11:59:00,A0171,Marriott,Travel,45.92,US,atm
T003189,2025-04-19 19:11:00,A0081,Starbucks,Food,375.88,US,online
T002069,2025-02-10 09:20:00,A0093,Amazon,Retail,49.03,US,atm
T002841,2025-01-12 21:01:00,A0030,Costco,Retail,337.3,US,mobile
T003928,2025-05-20 13:00:00,A0134,Apple,Electronics,31.34,US,mobile
T000037,2025-05-05 14:13:00,A0105,Apple,Electronics,361.46,US,mobile
T001827,2025-05-14 17:13:00,A0075,Delta Airlines,Travel,381.04,US,atm
T002051,2025-03-16 10:33:00,A0195,Walmart,Retail,39.99,GB,atm
T001685,2025-05-03 11:18:00,A0122,Marriott,Travel,44.51,US,mobile
T002041,2025-03-17 13:57:00,A0103,Costco,Retail,388.94,US,mobile
T001018,2025-03-30 12:19:00,A0073,Target,Retail,350.35,US,in_store
T000849,2025-05-23 20:52:00,A0159,Shell,Fuel,24.32,US,online
T003017,2025-04-24 19:16:00,A0084,Starbucks,Food,62.33,US,in_store
T002867,2025-01-14 19:45:00,A0116,Uber,Travel,289.8,US,atm
T000420,2025-01-09 14:16:00,A0077,Netflix,Subscription,345.57,US,mobile
T002754,2025-05-17 09:10:00,A0078,Walmart,Retail,183.26,US,in_store
T001219,2025-04-22 09:26:00,A0088,Amazon,Retail,344.56,US,mobile
T005042,2025-04-17 03:02:00,A0030,Walmart,Retail,698.79,US,online
T002410,2025-01-01 13:03:00,A0102,Walmart,Retail,321.94,US,mobile
T004398,2025-01-25 19:19:00,A0077,Delta Airlines,Travel,313.4,US,in_store
T002451,2025-02-25 11:07:00,A0035,Delta Airlines,Travel,6.11,US,online
T003841,2025-05-27 15:40:00,A0071,Marriott,Travel,147.41,US,mobile
T001039,2025-03-19 07:47:00,A0045,Walmart,Retail,92.83,US,in_store
T004268,2025-05-12 19:04:00,A0078,Marriott,Travel,167.45,CA,in_store
T002016,2025-05-08 10:19:00,A0008,Apple,Electronics,252.0,US,atm
T000769,2025-05-26 09:34:00,A0049,Netflix,Subscription,132.85,US,atm
T000522,2025-05-20 13:11:00,A0024,Netflix,Subscription,354.77,US,in_store
T000450,2025-05-01 19:04:00,A0196,Amazon,Retail,237.01,US,atm
T002335,2025-02-10 09:14:00,A0123,Delta Airlines,Travel,259.78,US,in_store
T003563,2025-02-14 21:26:00,A0163,Shell,Fuel,270.64,US,atm
T004629,2025-01-09 16:35:00,A0125,Apple,Electronics,320.86,US,online
T001635,2025-02-17 11:01:00,A0118,Target,Retail,266.44,US,atm
T002945,2025-02-05 09:46:00,A0132,Target,Retail,69.19,US,in_store
T000980,2025-03-13 07:46:00,A0119,Apple,Electronics,295.79,US,in_store
T000747,2025-05-21 12:12:00,A0002,Apple,Electronics,353.45,US,mobile
T002457,2025-04-16 08:56:00,A0053,Uber,Travel,60.58,US,in_store
T000656,2025-03-05 19:14:00,A0081,BestBuy,Electronics,297.23,US,atm
T000491,2025-02-05 13:12:00,A0099,Marriott,Travel,354.44,US,in_store
T004393,2025-02-05 08:58:00,A0141,Starbucks,Food,157.58,US,atm
T002220,2025-01-09 17:18:00,A0157,Netflix,Subscription,228.42,US,online
T002866,2025-02-15 09:09:00,A0069,Delta Airlines,Travel,377.49,US,online
T002608,2025-01-01 13:34:00,A0196,Starbucks,Food,38.32,US,in_store
T004508,2025-03-05 14:26:00,A0083,Uber,Travel,388.4,US,atm
T001970,2025-03-20 15:19:00,A0055,Netflix,Subscription,307.74,US,online
T000248,2025-04-02 20:49:00,A0074,Amazon,Retail,346.99,US,atm
T003472,2025-04-29 17:08:00,A0125,Uber,Travel,189.12,US,atm
T003770,2025-01-09 12:08:00,A0113,Marriott,Travel,41.98,US,in_store
T001773,2025-03-24 13:20:00,A0074,Starbucks,Food,381.64,US,in_store
T001369,2025-03-10 18:13:00,A0037,BestBuy,Electronics,162.2,US,online
T004733,2025-04-09 20:35:00,A0110,Target,Retail,292.12,US,online
T004771,2025-04-09 17:49:00,A0035,Netflix,Subscription,117.5,US,atm
T001653,2025-03-27 21:33:00,A0182,Marriott,Travel,343.5,US,mobile
T003905,2025-01-11 19:44:00,A0067,Costco,Retail,180.81,US,online
T004814,2025-04-13 10:09:00,A0016,Starbucks,Food,278.72,US,online
T001915,2025-03-29 12:22:00,A0088,Target,Retail,64.95,MX,mobile
T003116,2025-02-23 09:56:00,A0110,Delta Airlines,Travel,297.73,US,in_store
T000761,2025-03-18 10:23:00,A0164,Amazon,Retail,346.14,US,online
T000130,2025-01-23 12:16:00,A0117,Netflix,Subscription,50.79,DE,mobile
T004867,2025-04-21 08:29:00,A0068,Starbucks,Food,202.12,US,online
T003922,2025-02-28 14:35:00,A0173,Delta Airlines,Travel,310.38,US,in_store
T002811,2025-01-14 10:33:00,A0043,Uber,Travel,95.38,GB,mobile
T002627,2025-03-13 21:34:00,A0043,Starbucks,Food,312.46,US,atm
T003148,2025-04-09 17:50:00,A0129,Shell,Fuel,89.72,US,mobile
T003103,2025-01-11 10:44:00,A0132,Netflix,Subscription,393.1,US,mobile
T002739,2025-03-05 17:45:00,A0081,Walmart,Retail,130.08,US,online
T001409,2025-05-28 08:43:00,A0186,Starbucks,Food,153.74,US,in_store
T003725,2025-01-18 10:17:00,A0192,Marriott,Travel,233.46,US,mobile
T004624,2025-04-08 18:29:00,A0096,Target,Retail,341.98,US,in_store
T001399,2025-04-27 09:38:00,A0128,Uber,Travel,62.62,US,online
T000862,2025-03-14 11:50:00,A0177,Walmart,Retail,126.57,US,atm
T004910,2025-05-16 13:53:00,A0060,Netflix,Subscription,155.14,US,atm
T004156,2025-04-12 07:15:00,A0116,Marriott,Travel,312.75,US,online
T001938,2025-04-12 20:52:00,A0075,BestBuy,Electronics,308.66,US,mobile
T004605,2025-03-31 17:38:00,A0012,Netflix,Subscription,329.31,US,atm
T004603,2025-05-12 18:26:00,A0135,Target,Retail,152.17,US,atm
T001521,2025-05-02 09:58:00,A0143,Walmart,Retail,28.53,US,atm
T002685,2025-01-26 09:50:00,A0173,Netflix,Subscription,161.87,CA,online
T001832,2025-03-31 17:35:00,A0018,Shell,Fuel,141.26,US,in_store
T001317,2025-03-12 21:40:00,A0041,Costco,Retail,120.3,US,in_store
T004815,2025-02-12 13:36:00,A0021,Costco,Retail,25.94,US,atm
T001031,2025-04-03 13:40:00,A0070,Netflix,Subscription,24.24,US,online
T004983,2025-03-20 13:58:00,A0027,Amazon,Retail,344.6,US,online
T004114,2025-03-29 07:42:00,A0077,Starbucks,Food,383.97,US,atm
T003573,2025-03-13 17:01:00,A0200,Shell,Fuel,350.11,US,atm
T000089,2025-04-08 11:48:00,A0195,Apple,Electronics,104.65,US,mobile
T003419,2025-01-02 12:50:00,A0067,Amazon,Retail,276.49,US,in_store
T000967,2025-02-23 11:03:00,A0119,Shell,Fuel,49.51,US,mobile
T000805,2025-01-12 21:52:00,A0113,Shell,Fuel,83.88,US,in_store
T002124,2025-03-07 17:45:00,A0043,BestBuy,Electronics,162.29,US,atm
T004091,2025-03-30 09:11:00,A0170,Starbucks,Food,94.69,US,mobile
T001923,2025-04-15 12:48:00,A0141,Shell,Fuel,170.18,US,atm
T002597,2025-05-11 07:52:00,A0076,Walmart,Retail,175.31,US,online
T003836,2025-02-10 10:46:00,A0055,Delta Airlines,Travel,105.39,US,atm
T001949,2025-05-11 18:55:00,A0185,Costco,Retail,165.31,US,in_store
T001891,2025-04-18 09:10:00,A0067,Apple,Electronics,274.52,US,mobile
T002425,2025-02-28 20:42:00,A0191,Target,Retail,225.2,US,mobile
T001075,2025-04-28 17:55:00,A0010,Apple,Electronics,229.38,US,atm
T002121,2025-02-18 20:49:00,A0072,Target,Retail,105.1,US,mobile
T004356,2025-05-31 19:48:00,A0134,Netflix,Subscription,293.29,US,in_store
T001605,2025-02-22 18:31:00,A0043,Apple,Electronics,353.73,US,atm
T004116,2025-03-01 20:14:00,A0198,Target,Retail,250.07,GB,atm
T001344,2025-03-26 09:17:00,A0190,Netflix,Subscription,259.22,GB,online
T004747,2025-01-11 10:05:00,A0103,Target,Retail,114.16,US,online
T003819,2025-01-22 11:13:00,A0063,Delta Airlines,Travel,38.3,US,online
T000452,2025-04-13 08:40:00,A0109,Costco,Retail,217.37,US,atm
T002185,2025-03-30 18:15:00,A0065,Costco,Retail,7.76,US,atm
T003294,2025-02-24 21:37:00,A0047,Uber,Travel,303.35,US,online
T001979,2025-05-23 15:47:00,A0084,Shell,Fuel,320.0,US,mobile
T000184,2025-05-16 11:29:00,A0098,Costco,Retail,244.14,US,online
T001787,2025-01-23 15:54:00,A0163,BestBuy,Electronics,301.03,US,mobile
T002004,2025-02-01 20:24:00,A0113,Amazon,Retail,180.36,MX,in_store
T003701,2025-01-05 07:44:00,A0065,Walmart,Retail,77.07,US,mobile
T003955,2025-04-26 16:39:00,A0001,Starbucks,Food,94.63,US,atm
T000087,2025-05-25 17:01:00,A0101,Walmart,Retail,258.89,US,mobile
T004689,2025-01-16 11:42:00,A0019,Uber,Travel,214.04,US,mobile
T000219,2025-03-27 08:21:00,A0162,Walmart,Retail,225.4,US,atm
T000286,2025-05-22 11:04:00,A0093,Apple,Electronics,204.18,GB,atm
T003342,2025-05-08 18:27:00,A0003,Apple,Electronics,301.81,US,atm
T003352,2025-01-21 17:10:00,A0120,Delta Airlines,Travel,28.74,US,atm
T001162,2025-05-30 10:12:00,A0116,Uber,Travel,229.93,US,online
T002358,2025-03-17 12:52:00,A0154,Costco,Retail,222.88,US,mobile
T003105,2025-01-10 19:40:00,A0075,Shell,Fuel,241.31,US,online
T002903,2025-01-22 17:08:00,A0001,Starbucks,Food,177.91,US,atm
T000220,2025-02-08 12:05:00,A0065,Delta Airlines,Travel,267.13,US,atm
T003206,2025-03-08 11:54:00,A0052,Delta Airlines,Travel,85.25,US,in_store
T000601,2025-05-23 15:00:00,A0010,Walmart,Retail,317.75,US,atm
T003727,2025-03-11 12:09:00,A0035,Costco,Retail,111.15,US,atm
T003806,2025-05-06 19:08:00,A0064,Apple,Electronics,91.18,US,atm
T000457,2025-01-04 18:08:00,A0031,BestBuy,Electronics,9.48,US,atm
T004087,2025-05-06 12:40:00,A0144,Target,Retail,397.01,US,in_store
T001944,2025-03-08 16:17:00,A0116,Delta Airlines,Travel,19.12,US,in_store
T004144,2025-01-05 13:09:00,A0083,Marriott,Travel,235.9,US,mobile
T002337,2025-05-22 07:16:00,A0158,Walmart,Retail,212.48,US,mobile
T003211,2025-03-22 17:04:00,A0048,Netflix,Subscription,76.71,US,atm
T004732,2025-01-29 20:26:00,A0156,BestBuy,Electronics,161.58,US,mobile
T000806,2025-01-22 08:47:00,A0194,Amazon,Retail,101.0,US,in_store
T001990,2025-05-16 07:58:00,A0013,Costco,Retail,152.52,US,mobile
T004580,2025-03-31 18:47:00,A0006,Shell,Fuel,293.04,US,atm
T004935,2025-01-24 19:10:00,A0186,BestBuy,Electronics,396.85,US,online
T003485,2025-02-16 20:22:00,A0045,Amazon,Retail,303.22,US,in_store
T003603,2025-05-08 12:03:00,A0019,Shell,Fuel,170.52,CA,in_store
T003629,2025-01-26 08:21:00,A0097,Costco,Retail,113.89,US,online
T000153,2025-03-15 17:34:00,A0120,Starbucks,Food,34.18,US,atm
T003054,2025-02-11 14:26:00,A0136,Marriott,Travel,86.52,US,in_store
T004170,2025-05-17 20:38:00,A0168,Netflix,Subscription,46.16,US,mobile
T003693,2025-04-16 18:04:00,A0068,Uber,Travel,231.6,US,atm
T001615,2025-04-18 08:07:00,A0071,Target,Retail,72.6,US,mobile
T003231,2025-03-04 16:31:00,A0148,Costco,Retail,36.52,US,online
T002834,2025-01-23 20:46:00,A0010,Delta Airlines,Travel,218.48,US,atm
T001092,2025-05-05 19:01:00,A0185,Amazon,Retail,344.54,US,atm
T004211,2025-03-24 19:57:00,A0038,Netflix,Subscription,46.81,US,online
T004151,2025-03-16 12:54:00,A0165,Delta Airlines,Travel,297.49,GB,online
T001152,2025-02-16 20:25:00,A0046,Amazon,Retail,37.9,US,atm
T001914,2025-04-18 17:38:00,A0151,Netflix,Subscription,218.88,US,online
T001617,2025-03-14 09:53:00,A0119,Apple,Electronics,19.62,US,online
T001194,2025-02-10 07:01:00,A0194,Costco,Retail,239.04,US,atm
T005025,2025-03-14 02:09:00,A0144,Delta Airlines,Travel,660.9,US,online
T000844,2025-02-07 09:49:00,A0042,BestBuy,Electronics,25.27,US,atm
T001769,2025-02-16 18:49:00,A0188,Delta Airlines,Travel,366.96,US,online
T004721,2025-03-31 09:11:00,A0140,Amazon,Retail,191.41,US,online
T002588,2025-05-02 21:24:00,A0186,Amazon,Retail,392.88,US,online
T003861,2025-03-12 16:13:00,A0188,Walmart,Retail,57.07,US,atm
T002184,2025-03-17 16:26:00,A0102,Costco,Retail,258.04,US,mobile
T003561,2025-02-13 19:30:00,A0029,Apple,Electronics,159.81,US,online
T000944,2025-05-04 08:36:00,A0177,Costco,Retail,374.34,US,atm
T002116,2025-02-22 16:40:00,A0127,Delta Airlines,Travel,11.16,US,in_store
T003982,2025-04-18 12:24:00,A0146,Costco,Retail,371.88,US,in_store
T001670,2025-04-29 15:11:00,A0146,Apple,Electronics,314.05,US,online
T000579,2025-01-27 15:46:00,A0108,Delta Airlines,Travel,51.51,US,online
T003699,2025-01-26 09:06:00,A0098,Starbucks,Food,288.85,US,online
T004676,2025-03-23 14:38:00,A0059,Starbucks,Food,51.78,US,online
T004843,2025-02-28 20:38:00,A0164,Apple,Electronics,131.91,MX,mobile
T000424,2025-05-27 11:54:00,A0075,Costco,Retail,394.27,US,online
T001288,2025-01-22 09:48:00,A0141,Walmart,Retail,121.54,US,atm
T000121,2025-05-31 17:51:00,A0068,Shell,Fuel,172.93,US,in_store
T003435,2025-02-20 10:11:00,A0150,Apple,Electronics,334.88,US,atm
T001055,2025-05-06 17:06:00,A0004,Apple,Electronics,178.03,US,online
T004132,2025-04-22 18:31:00,A0019,Amazon,Retail,127.75,US,atm
T003322,2025-03-04 14:05:00,A0025,Walmart,Retail,211.74,US,atm
T000724,2025-03-11 19:15:00,A0026,Costco,Retail,175.73,US,in_store
T000895,2025-04-29 12:35:00,A0152,Walmart,Retail,329.7,US,atm
T001583,2025-01-07 09:50:00,A0004,Netflix,Subscription,337.1,US,atm
T002957,2025-02-11 16:05:00,A0167,Apple,Electronics,274.64,US,online
T004388,2025-01-13 17:21:00,A0035,BestBuy,Electronics,86.45,US,atm
T001441,2025-04-30 15:18:00,A0091,Uber,Travel,381.28,US,in_store
T000358,2025-01-02 13:08:00,A0196,Marriott,Travel,96.42,US,in_store
T001126,2025-04-30 09:05:00,A0087,Netflix,Subscription,285.55,US,in_store
T003586,2025-02-21 16:33:00,A0084,BestBuy,Electronics,79.89,GB,online
T003289,2025-04-10 14:09:00,A0020,Starbucks,Food,52.38,US,atm
T000227,2025-04-23 07:26:00,A0185,Netflix,Subscription,272.16,US,mobile
T000857,2025-03-15 13:38:00,A0124,Netflix,Subscription,107.57,US,atm
T001879,2025-02-06 19:22:00,A0080,Target,Retail,161.42,US,online
T000907,2025-04-19 16:11:00,A0117,Target,Retail,206.22,US,mobile
T001945,2025-03-15 07:14:00,A0134,Netflix,Subscription,227.6,US,atm
T004060,2025-05-22 14:33:00,A0017,Walmart,Retail,292.21,US,online
T004383,2025-02-22 10:58:00,A0003,Uber,Travel,223.65,US,atm
T003943,2025-01-12 11:01:00,A0058,Starbucks,Food,244.01,US,in_store
T001134,2025-05-30 10:37:00,A0145,Amazon,Retail,212.78,US,in_store
T004479,2025-03-13 10:19:00,A0100,Netflix,Subscription,376.99,US,mobile
T000176,2025-02-25 20:55:00,A0151,Shell,Fuel,134.78,US,online
T002150,2025-05-25 19:09:00,A0070,Marriott,Travel,163.74,US,in_store
T003033,2025-01-01 19:08:00,A0123,Amazon,Retail,105.18,US,in_store
T004392,2025-03-04 20:01:00,A0143,Marriott,Travel,201.37,US,atm
T001556,2025-04-29 17:05:00,A0100,Netflix,Subscription,189.02,US,mobile
T004447,2025-03-08 13:42:00,A0021,Starbucks,Food,70.5,US,atm
T001668,2025-05-25 13:43:00,A0045,Netflix,Subscription,322.73,US,in_store
T004851,2025-05-14 11:39:00,A0093,BestBuy,Electronics,159.44,US,online
T000496,2025-03-03 11:34:00,A0064,BestBuy,Electronics,27.08,US,mobile
T002487,2025-02-28 18:52:00,A0112,Starbucks,Food,110.13,US,atm
T002956,2025-01-25 16:34:00,A0150,Shell,Fuel,57.15,US,online
T004567,2025-03-01 17:36:00,A0079,Apple,Electronics,237.06,US,atm
T000773,2025-05-15 17:31:00,A0049,Costco,Retail,65.88,US,atm
T002378,2025-04-21 09:26:00,A0104,Target,Retail,391.45,US,atm
T001651,2025-03-27 14:31:00,A0189,BestBuy,Electronics,143.56,US,atm
T001524,2025-01-07 18:27:00,A0097,Netflix,Subscription,26.36,US,online
T002186,2025-02-11 08:03:00,A0073,Walmart,Retail,200.1,GB,online
T002988,2025-03-19 19:20:00,A0030,Uber,Travel,89.33,US,mobile
T000814,2025-05-05 20:38:00,A0081,Costco,Retail,39.77,US,mobile
T004379,2025-05-02 17:40:00,A0148,Starbucks,Food,73.16,US,in_store
T002180,2025-02-20 18:31:00,A0122,Delta Airlines,Travel,283.98,US,atm
T004330,2025-03-20 12:56:00,A0061,Uber,Travel,52.27,US,in_store
T001535,2025-04-06 17:27:00,A0014,Shell,Fuel,111.62,US,online
T003810,2025-01-17 18:46:00,A0088,Shell,Fuel,333.54,US,atm
T002151,2025-03-23 14:15:00,A0106,BestBuy,Electronics,56.57,US,atm
T001975,2025-04-01 20:47:00,A0187,Netflix,Subscription,182.63,US,mobile
T003166,2025-05-24 07:35:00,A0006,Delta Airlines,Travel,185.63,US,mobile
T000134,2025-01-08 17:38:00,A0032,Shell,Fuel,285.36,US,online
T003551,2025-04-07 17:17:00,A0163,Marriott,Travel,92.61,US,atm
T002270,2025-03-18 12:24:00,A0003,Netflix,Subscription,87.34,US,mobile
T005073,2025-05-21 05:09:00,A0008,Target,Retail,898.22,US,online
T001432,2025-03-11 08:34:00,A0020,Walmart,Retail,275.17,US,online
T003338,2025-01-07 07:05:00,A0105,Starbucks,Food,226.82,US,in_store
T004713,2025-04-26 11:43:00,A0066,Walmart,Retail,34.03,US,in_store
T001807,2025-01-20 08:32:00,A0022,BestBuy,Electronics,282.88,GB,mobile
T000971,2025-01-30 08:57:00,A0132,Shell,Fuel,289.95,US,atm
T000111,2025-01-12 07:35:00,A0071,Uber,Travel,280.48,US,mobile
T003595,2025-01-27 16:16:00,A0110,Costco,Retail,362.77,US,in_store
T001364,2025-02-07 11:38:00,A0179,Target,Retail,377.98,US,atm
T004559,2025-01-06 19:10:00,A0064,Starbucks,Food,175.35,US,atm
T004214,2025-01-10 08:44:00,A0104,Costco,Retail,161.09,US,atm
T002629,2025-02-05 12:52:00,A0051,Delta Airlines,Travel,121.19,US,in_store
T000930,2025-02-16 12:35:00,A0174,Amazon,Retail,270.76,US,online
T003599,2025-03-27 14:09:00,A0147,Marriott,Travel,366.56,US,atm
T004411,2025-01-25 13:34:00,A0080,Netflix,Subscription,350.84,US,mobile
T005039,2025-04-17 10:11:00,A0036,Walmart,Retail,709.4,US,online
T002504,2025-05-28 15:30:00,A0154,Uber,Travel,199.0,DE,online
T002148,2025-04-16 07:12:00,A0077,Shell,Fuel,138.38,US,mobile
T003064,2025-01-16 18:11:00,A0034,Walmart,Retail,344.87,GB,online
T003407,2025-05-04 15:41:00,A0194,Shell,Fuel,195.06,CA,online
T002783,2025-03-11 08:28:00,A0025,Uber,Travel,168.41,US,in_store
T001118,2025-04-21 20:13:00,A0034,Delta Airlines,Travel,90.15,US,in_store
T002970,2025-05-12 20:32:00,A0026,Marriott,Travel,355.08,US,mobile
T004046,2025-03-08 20:29:00,A0172,Netflix,Subscription,241.16,US,in_store
T000023,2025-03-24 14:01:00,A0154,Walmart,Retail,371.99,US,in_store
T002652,2025-05-31 13:23:00,A0188,Netflix,Subscription,316.11,US,atm
T002460,2025-02-11 14:14:00,A0070,Target,Retail,362.4,US,in_store
T004507,2025-02-12 12:22:00,A0066,Uber,Travel,362.28,US,online
T002029,2025-05-04 14:54:00,A0147,Netflix,Subscription,79.16,US,mobile
T001814,2025-02-27 16:01:00,A0116,Apple,Electronics,309.63,US,atm
T000989,2025-01-09 11:27:00,A0136,Uber,Travel,280.73,US,in_store
T001494,2025-04-08 17:16:00,A0185,Marriott,Travel,255.55,US,in_store
T003965,2025-04-09 17:52:00,A0007,Target,Retail,254.88,US,atm
T003962,2025-01-07 19:36:00,A0033,Starbucks,Food,223.74,US,atm
T001038,2025-03-21 18:23:00,A0090,Starbucks,Food,327.73,US,atm
T000532,2025-05-31 15:50:00,A0004,Apple,Electronics,49.44,US,in_store
T002616,2025-02-03 11:56:00,A0166,Delta Airlines,Travel,138.4,DE,online
T002937,2025-04-01 21:58:00,A0018,Costco,Retail,315.34,US,mobile
T004537,2025-03-14 16:10:00,A0022,Amazon,Retail,362.09,US,atm
T002654,2025-01-07 09:59:00,A0086,Amazon,Retail,353.58,US,in_store
T001310,2025-03-21 13:52:00,A0053,BestBuy,Electronics,267.59,US,atm
T003538,2025-01-16 19:04:00,A0048,Apple,Electronics,306.39,US,online
T001036,2025-05-24 16:44:00,A0049,Costco,Retail,339.2,US,online
T004554,2025-03-26 13:36:00,A0126,Amazon,Retail,352.13,US,online
T003497,2025-04-18 20:53:00,A0176,Amazon,Retail,192.23,US,in_store
T001127,2025-01-30 12:02:00,A0067,Starbucks,Food,202.19,US,atm
T000978,2025-03-17 16:10:00,A0057,Marriott,Travel,381.34,US,in_store
T004025,2025-01-18 17:23:00,A0082,BestBuy,Electronics,285.5,US,atm
T004786,2025-04-26 09:16:00,A0073,Delta Airlines,Travel,277.54,US,in_store
T002574,2025-05-24 14:51:00,A0004,Apple,Electronics,43.81,US,in_store
T005019,2025-03-14 02:03:00,A0144,Netflix,Subscription,419.37,US,online
T004740,2025-02-19 08:21:00,A0026,Starbucks,Food,284.8,US,in_store
T001429,2025-02-22 08:40:00,A0138,BestBuy,Electronics,111.41,US,in_store
T000321,2025-04-27 18:38:00,A0040,Netflix,Subscription,169.26,US,mobile
T004970,2025-02-06 15:54:00,A0048,Netflix,Subscription,365.77,US,in_store
T001813,2025-05-08 18:25:00,A0005,Netflix,Subscription,306.27,US,online
T001086,2025-01-16 15:12:00,A0145,Netflix,Subscription,187.68,US,in_store
T002593,2025-04-08 08:14:00,A0001,Apple,Electronics,99.0,US,atm
T002390,2025-03-20 11:41:00,A0131,BestBuy,Electronics,326.78,US,in_store
T003896,2025-02-05 17:23:00,A0001,Uber,Travel,197.19,US,mobile
T001063,2025-01-25 19:04:00,A0160,Marriott,Travel,301.89,DE,mobile
T004838,2025-01-01 07:43:00,A0147,Target,Retail,25.14,US,mobile
T001578,2025-04-24 15:37:00,A0163,Amazon,Retail,268.75,US,in_store
T001587,2025-02-02 15:07:00,A0026,Marriott,Travel,232.89,US,atm
T003037,2025-05-14 14:13:00,A0145,Walmart,Retail,70.16,US,mobile
T002687,2025-04-30 15:32:00,A0156,Costco,Retail,346.13,US,atm
T001821,2025-05-23 20:47:00,A0132,BestBuy,Electronics,37.17,US,mobile
T002123,2025-02-10 21:50:00,A0030,Target,Retail,31.27,US,atm
T004160,2025-01-13 20:48:00,A0019,Netflix,Subscription,44.55,US,atm
T003013,2025-01-26 07:31:00,A0010,Walmart,Retail,66.61,US,atm
T001081,2025-05-29 08:37:00,A0184,Netflix,Subscription,112.98,US,mobile
T003839,2025-02-19 11:11:00,A0110,BestBuy,Electronics,26.53,US,atm
T003572,2025-04-19 11:32:00,A0057,Walmart,Retail,281.47,US,atm
T004984,2025-05-13 16:10:00,A0023,Apple,Electronics,300.66,US,atm
T003902,2025-02-04 19:41:00,A0104,Netflix,Subscription,165.01,US,atm
T002436,2025-02-24 16:51:00,A0148,Walmart,Retail,96.45,US,atm
T001437,2025-02-13 12:48:00,A0013,Apple,Electronics,76.37,DE,mobile
T003582,2025-05-21 10:13:00,A0151,Netflix,Subscription,301.84,DE,mobile
T003135,2025-04-22 18:08:00,A0153,Shell,Fuel,122.0,US,online
T004100,2025-05-12 10:42:00,A0091,BestBuy,Electronics,349.67,US,in_store
T004780,2025-01-07 17:40:00,A0169,Amazon,Retail,199.31,US,in_store
T001738,2025-03-12 12:17:00,A0010,Marriott,Travel,103.95,US,online
T004073,2025-03-02 13:34:00,A0105,Costco,Retail,362.89,US,atm
T002019,2025-01-04 12:57:00,A0026,Shell,Fuel,41.39,US,online
T003440,2025-02-26 18:38:00,A0028,Shell,Fuel,55.25,US,in_store
T004822,2025-01-23 09:57:00,A0112,Delta Airlines,Travel,208.01,US,mobile
T003942,2025-02-26 20:05:00,A0047,Netflix,Subscription,257.81,US,mobile
T004345,2025-04-08 07:18:00,A0005,Costco,Retail,16.33,US,atm
T004674,2025-02-21 19:07:00,A0148,Target,Retail,367.38,US,mobile
T005057,2025-03-28 22:05:00,A0167,Costco,Retail,239.55,US,online
T000690,2025-04-03 08:09:00,A0105,Apple,Electronics,262.37,US,atm
T000210,2025-03-07 10:11:00,A0038,Delta Airlines,Travel,65.38,GB,online
T002033,2025-05-13 11:04:00,A0196,Netflix,Subscription,173.47,US,in_store
T003620,2025-05-12 12:58:00,A0062,Costco,Retail,224.1,US,atm
T001113,2025-01-06 21:35:00,A0006,Marriott,Travel,246.74,US,online
T001122,2025-04-09 18:27:00,A0183,BestBuy,Electronics,240.89,US,online
T004926,2025-03-03 18:40:00,A0083,Apple,Electronics,57.93,US,online
T003504,2025-02-15 14:30:00,A0118,Marriott,Travel,358.43,US,atm
T000797,2025-04-11 14:48:00,A0013,Delta Airlines,Travel,232.23,US,in_store
T002855,2025-04-10 16:29:00,A0041,Amazon,Retail,213.54,US,mobile
T004581,2025-01-18 16:45:00,A0196,Target,Retail,48.48,US,mobile
T004907,2025-04-26 21:58:00,A0149,Target,Retail,261.45,US,online
T004922,2025-04-28 07:08:00,A0104,Marriott,Travel,264.1,US,in_store
T004232,2025-03-21 14:22:00,A0027,Shell,Fuel,250.29,US,online
T004118,2025-04-01 16:01:00,A0062,Uber,Travel,397.53,US,mobile
T003350,2025-04-13 09:54:00,A0179,Starbucks,Food,114.04,US,mobile
T003400,2025-01-29 09:34:00,A0083,Walmart,Retail,362.8,US,atm
T003531,2025-01-21 16:01:00,A0199,Costco,Retail,183.59,US,mobile
T001962,2025-05-05 11:36:00,A0154,Amazon,Retail,234.78,US,mobile
T001551,2025-04-04 20:18:00,A0011,Apple,Electronics,166.57,US,in_store
T002052,2025-05-07 20:44:00,A0062,Apple,Electronics,171.56,US,online
T001421,2025-02-11 08:35:00,A0168,Uber,Travel,341.32,US,online
T004665,2025-02-11 10:36:00,A0096,Walmart,Retail,194.62,US,online
T001943,2025-03-04 19:16:00,A0193,Netflix,Subscription,121.64,US,atm
T005009,2025-04-19 08:00:00,A0042,Apple,Electronics,25000,US,online
T002759,2025-03-11 19:10:00,A0173,Delta Airlines,Travel,269.81,US,in_store
T001406,2025-02-03 12:48:00,A0025,Delta Airlines,Travel,347.01,US,atm
T002146,2025-04-04 21:29:00,A0187,Costco,Retail,345.66,US,atm
T003098,2025-05-01 17:09:00,A0040,Netflix,Subscription,204.79,US,in_store
T000144,2025-04-23 08:33:00,A0026,Target,Retail,11.06,US,mobile
T000258,2025-02-05 15:23:00,A0147,Apple,Electronics,129.18,US,in_store
T003090,2025-01-15 08:57:00,A0054,Starbucks,Food,364.54,DE,atm
T001721,2025-01-20 07:08:00,A0015,Target,Retail,76.33,US,atm
T002255,2025-04-06 18:35:00,A0096,Costco,Retail,62.55,DE,atm
T002813,2025-05-22 12:52:00,A0119,Marriott,Travel,71.68,US,in_store
T004895,2025-04-10 09:27:00,A0140,Costco,Retail,282.46,MX,atm
T003554,2025-01-01 10:28:00,A0085,Amazon,Retail,50.2,US,in_store
T002196,2025-05-08 13:10:00,A0006,Uber,Travel,332.76,US,atm
T002818,2025-05-18 16:48:00,A0074,BestBuy,Electronics,293.73,US,online
T002261,2025-04-12 08:52:00,A0053,Apple,Electronics,352.89,US,online
T002083,2025-05-28 20:03:00,A0069,Target,Retail,249.43,US,mobile
T001665,2025-03-11 09:46:00,A0023,Shell,Fuel,175.66,US,atm
T001394,2025-03-08 08:18:00,A0058,Walmart,Retail,49.0,US,in_store
T002081,2025-05-10 18:30:00,A0025,Costco,Retail,128.83,US,in_store
T004715,2025-04-29 20:27:00,A0101,Walmart,Retail,45.85,US,atm
T002402,2025-04-06 12:00:00,A0158,Walmart,Retail,195.71,US,in_store
T003348,2025-02-02 20:29:00,A0192,Marriott,Travel,381.32,US,mobile
T000019,2025-05-18 19:17:00,A0175,Marriott,Travel,139.37,US,mobile
T001695,2025-01-08 20:46:00,A0012,Starbucks,Food,96.52,US,online
T003482,2025-04-14 19:11:00,A0035,Amazon,Retail,297.16,US,mobile
T003428,2025-05-20 12:07:00,A0041,Uber,Travel,110.94,US,mobile
T002991,2025-02-06 21:07:00,A0043,Walmart,Retail,150.5,US,mobile
T000750,2025-05-17 19:17:00,A0073,Apple,Electronics,79.26,US,in_store
T003312,2025-04-02 21:21:00,A0004,Amazon,Retail,352.07,GB,in_store
T004071,2025-01-08 19:46:00,A0166,Walmart,Retail,165.19,US,mobile
T004086,2025-02-17 11:17:00,A0184,Delta Airlines,Travel,283.08,US,mobile
T004275,2025-04-17 09:03:00,A0084,Shell,Fuel,300.21,US,atm
T002769,2025-04-15 11:34:00,A0162,Costco,Retail,54.4,US,in_store
T005045,2025-04-17 03:05:00,A0030,Delta Airlines,Travel,242.25,US,online
T003415,2025-05-21 21:25:00,A0187,Target,Retail,169.94,US,atm
T000393,2025-01-10 19:23:00,A0140,BestBuy,Electronics,358.72,US,online
T004597,2025-01-01 18:40:00,A0041,Costco,Retail,49.34,US,atm
T002777,2025-04-03 21:17:00,A0043,Uber,Travel,200.76,US,online
T001263,2025-04-18 14:46:00,A0091,Delta Airlines,Travel,180.63,US,in_store
T004871,2025-03-08 21:28:00,A0132,Uber,Travel,386.76,US,atm
T002791,2025-05-18 19:49:00,A0153,Costco,Retail,323.96,US,mobile
T004759,2025-01-02 21:32:00,A0016,Shell,Fuel,112.56,US,online
T004552,2025-03-27 09:29:00,A0026,Shell,Fuel,47.95,US,online
T000030,2025-03-26 08:32:00,A0009,Shell,Fuel,115.0,US,in_store
T001913,2025-03-25 10:04:00,A0005,Delta Airlines,Travel,118.69,US,mobile
T003993,2025-04-24 07:25:00,A0197,Shell,Fuel,165.76,US,in_store
T003590,2025-05-25 08:13:00,A0073,Uber,Travel,51.69,US,mobile
T003147,2025-04-28 19:27:00,A0042,Shell,Fuel,343.83,US,in_store
T000643,2025-05-30 07:44:00,A0194,Walmart,Retail,146.29,US,online
T000801,2025-05-27 10:35:00,A0167,Delta Airlines,Travel,398.85,US,in_store
T002532,2025-01-13 16:12:00,A0140,Shell,Fuel,239.36,US,in_store
T001819,2025-05-25 16:26:00,A0177,Amazon,Retail,110.92,US,mobile
T002794,2025-05-27 11:51:00,A0153,Starbucks,Food,122.99,US,atm
T003748,2025-04-26 16:32:00,A0031,Delta Airlines,Travel,15.66,US,in_store
T004122,2025-03-08 17:48:00,A0021,Apple,Electronics,390.84,US,online
T004551,2025-03-01 07:38:00,A0106,Walmart,Retail,288.54,US,online
T002645,2025-01-23 07:49:00,A0198,Netflix,Subscription,75.04,US,online
T003084,2025-02-21 09:33:00,A0051,Starbucks,Food,251.33,US,online
T004519,2025-01-06 09:43:00,A0039,Starbucks,Food,293.6,US,online
T002723,2025-04-26 13:17:00,A0026,Walmart,Retail,198.15,US,online
T000425,2025-04-16 21:03:00,A0035,Uber,Travel,347.48,US,in_store
T001921,2025-02-03 13:38:00,A0138,Walmart,Retail,43.31,US,in_store
T002542,2025-05-19 11:14:00,A0028,Shell,Fuel,161.82,US,atm
T001488,2025-03-10 15:07:00,A0076,Starbucks,Food,93.45,US,in_store
T003733,2025-01-12 19:14:00,A0167,Walmart,Retail,144.74,US,in_store
T001094,2025-02-05 10:07:00,A0102,Delta Airlines,Travel,295.12,US,atm
T003670,2025-01-07 16:23:00,A0042,Apple,Electronics,198.1,US,in_store
T000649,2025-04-16 21:41:00,A0055,Costco,Retail,61.27,US,in_store
T001798,2025-01-12 11:28:00,A0163,Apple,Electronics,92.42,US,in_store
T002318,2025-04-19 10:02:00,A0191,Marriott,Travel,228.79,US,online
T002325,2025-04-09 14:13:00,A0149,Shell,Fuel,44.64,US,mobile
T001585,2025-04-11 20:03:00,A0158,Delta Airlines,Travel,174.5,US,mobile
T003271,2025-01-18 17:54:00,A0068,Starbucks,Food,345.63,US,online
T002085,2025-02-07 08:43:00,A0123,Netflix,Subscription,30.84,CA,atm
T001491,2025-04-05 12:05:00,A0162,BestBuy,Electronics,354.17,US,in_store
T000235,2025-01-08 12:59:00,A0058,Walmart,Retail,336.47,US,atm
T004400,2025-03-28 17:36:00,A0133,Target,Retail,112.48,US,mobile
T002764,2025-04-07 12:06:00,A0186,Target,Retail,234.51,US,mobile
T000917,2025-03-16 19:47:00,A0169,Delta Airlines,Travel,15.78,US,online
T001252,2025-03-05 10:10:00,A0020,Netflix,Subscription,127.77,US,online
T003954,2025-05-07 08:32:00,A0180,BestBuy,Electronics,150.54,US,atm
T003852,2025-05-21 21:14:00,A0051,Netflix,Subscription,112.22,US,atm
T004158,2025-01-18 15:45:00,A0077,BestBuy,Electronics,62.75,US,online
T000794,2025-03-27 12:56:00,A0198,Apple,Electronics,169.53,US,in_store
T003120,2025-02-10 09:37:00,A0147,Uber,Travel,51.23,US,mobile
T004062,2025-05-20 21:38:00,A0086,Starbucks,Food,251.87,US,in_store
T004913,2025-05-20 16:21:00,A0073,Netflix,Subscription,216.19,US,mobile
T000185,2025-05-22 18:55:00,A0168,Shell,Fuel,174.88,US,mobile
T004821,2025-03-11 13:20:00,A0179,Target,Retail,189.9,MX,online
T001616,2025-05-28 07:18:00,A0061,Amazon,Retail,259.25,US,online
T002768,2025-05-24 12:06:00,A0040,Apple,Electronics,61.22,US,in_store
T002393,2025-01-19 11:49:00,A0039,Netflix,Subscription,276.65,US,in_store
T000150,2025-04-06 13:09:00,A0092,Shell,Fuel,214.81,US,in_store
T000744,2025-03-20 12:26:00,A0114,Uber,Travel,66.51,US,online
T001852,2025-01-22 13:53:00,A0034,Walmart,Retail,27.14,US,online
T001586,2025-02-14 13:57:00,A0187,Netflix,Subscription,209.32,US,in_store
T000947,2025-02-21 09:35:00,A0166,Amazon,Retail,387.17,US,in_store
T002730,2025-04-20 18:27:00,A0115,Delta Airlines,Travel,105.24,US,in_store
T005075,2025-05-21 05:11:00,A0008,Marriott,Travel,481.76,US,online
T004462,2025-05-27 08:12:00,A0144,Apple,Electronics,397.42,US,mobile
T004221,2025-01-24 13:25:00,A0167,Costco,Retail,30.43,US,in_store
T003845,2025-04-17 13:19:00,A0159,Walmart,Retail,110.31,US,in_store
T002512,2025-05-23 14:39:00,A0155,Netflix,Subscription,315.68,US,in_store
T004204,2025-01-20 13:31:00,A0128,Netflix,Subscription,79.47,US,in_store
T001563,2025-04-14 08:19:00,A0071,BestBuy,Electronics,183.31,US,in_store
T004512,2025-03-25 15:25:00,A0160,Apple,Electronics,369.39,US,in_store
T003778,2025-03-01 20:49:00,A0007,Apple,Electronics,291.62,US,atm
T002710,2025-05-21 12:34:00,A0092,Netflix,Subscription,158.01,GB,in_store
T004339,2025-01-01 07:22:00,A0191,Delta Airlines,Travel,96.01,US,atm
T004739,2025-01-05 17:39:00,A0082,Apple,Electronics,248.03,US,mobile
T001972,2025-02-19 19:25:00,A0041,Starbucks,Food,341.68,US,in_store
T003710,2025-05-19 10:00:00,A0050,Delta Airlines,Travel,343.94,US,in_store
T001404,2025-04-11 12:27:00,A0141,Marriott,Travel,192.0,US,mobile
T000367,2025-01-11 10:13:00,A0136,BestBuy,Electronics,355.58,US,atm
T002338,2025-03-17 09:54:00,A0039,Apple,Electronics,115.01,US,in_store
T002470,2025-03-27 14:14:00,A0137,Apple,Electronics,383.21,US,online
T002698,2025-02-05 07:07:00,A0120,Delta Airlines,Travel,309.69,US,online
T003280,2025-01-26 08:34:00,A0108,Delta Airlines,Travel,25.39,US,atm
T002576,2025-02-19 19:17:00,A0065,Apple,Electronics,218.88,US,atm
T004722,2025-04-25 20:01:00,A0158,Costco,Retail,121.5,US,mobile
T001278,2025-03-03 12:51:00,A0117,Netflix,Subscription,266.06,US,mobile
T000076,2025-04-27 09:51:00,A0032,Target,Retail,268.69,US,atm
T002481,2025-03-01 18:02:00,A0041,BestBuy,Electronics,75.86,US,in_store
T002884,2025-05-23 16:13:00,A0106,Apple,Electronics,141.12,US,atm
T001886,2025-01-19 12:31:00,A0137,Marriott,Travel,297.47,US,online
T003382,2025-03-15 15:00:00,A0047,Marriott,Travel,290.5,US,atm
T001025,2025-04-29 10:01:00,A0144,Amazon,Retail,65.84,US,mobile
T003373,2025-05-29 17:18:00,A0026,Marriott,Travel,189.33,US,atm
T003717,2025-01-15 12:04:00,A0075,Apple,Electronics,156.13,US,atm
T003356,2025-02-08 08:21:00,A0029,Marriott,Travel,175.97,US,atm
T004583,2025-02-14 15:40:00,A0060,Marriott,Travel,56.93,US,mobile
T001575,2025-02-11 15:27:00,A0142,Apple,Electronics,117.59,US,mobile
T003825,2025-03-09 09:45:00,A0096,BestBuy,Electronics,82.49,US,online
T003278,2025-02-16 09:23:00,A0053,Walmart,Retail,396.78,US,in_store
T000399,2025-02-06 12:19:00,A0187,Netflix,Subscription,184.86,US,mobile
T004338,2025-01-08 15:12:00,A0038,Marriott,Travel,112.04,US,online
T003895,2025-03-24 09:48:00,A0043,Marriott,Travel,201.26,US,online
T005031,2025-04-17 10:03:00,A0036,Costco,Retail,439.16,US,online
T004829,2025-04-30 16:33:00,A0037,Shell,Fuel,359.54,US,atm
T003539,2025-02-19 19:37:00,A0122,Delta Airlines,Travel,75.04,US,online
T004852,2025-03-11 16:39:00,A0071,Amazon,Retail,208.63,US,atm
T000357,2025-05-19 17:03:00,A0048,Costco,Retail,18.36,US,online
T004139,2025-05-01 12:49:00,A0034,Netflix,Subscription,179.42,US,in_store
T002473,2025-02-04 10:47:00,A0184,Shell,Fuel,91.3,US,online
T002397,2025-05-08 14:42:00,A0048,Apple,Electronics,314.57,US,mobile
T004178,2025-05-07 10:29:00,A0094,Walmart,Retail,82.26,US,mobile
T000306,2025-05-01 08:43:00,A0184,Starbucks,Food,7.05,US,in_store
T003106,2025-03-06 18:22:00,A0151,Starbucks,Food,241.28,DE,online
T004937,2025-03-06 08:11:00,A0148,BestBuy,Electronics,39.98,US,online
T002534,2025-01-09 18:04:00,A0105,Walmart,Retail,367.66,US,mobile
T002046,2025-05-30 17:09:00,A0186,Shell,Fuel,180.14,US,atm
T001029,2025-05-12 18:36:00,A0096,Amazon,Retail,338.89,US,online
T001691,2025-01-17 09:41:00,A0132,Starbucks,Food,143.99,CA,atm
T000815,2025-01-06 07:15:00,A0144,Costco,Retail,125.45,US,mobile
T004256,2025-05-30 07:05:00,A0111,Uber,Travel,250.38,US,online
T000752,2025-03-24 07:09:00,A0049,Amazon,Retail,388.04,US,in_store
T001160,2025-03-19 19:29:00,A0023,Starbucks,Food,192.23,US,online
T001261,2025-01-07 14:33:00,A0087,Netflix,Subscription,237.19,US,online
T000001,2025-01-29 07:47:00,A0164,Uber,Travel,101.73,US,online
T002154,2025-02-21 18:09:00,A0092,Shell,Fuel,126.49,US,atm
T001262,2025-01-18 16:50:00,A0004,Shell,Fuel,362.23,US,atm
T001370,2025-05-06 07:06:00,A0044,Walmart,Retail,310.63,US,mobile
T005060,2025-03-28 22:08:00,A0167,Netflix,Subscription,369.58,US,online
T002498,2025-03-24 14:10:00,A0189,Marriott,Travel,114.14,US,online
T000918,2025-05-10 08:54:00,A0033,Uber,Travel,104.56,US,atm
T004155,2025-03-30 21:03:00,A0164,Starbucks,Food,239.81,US,mobile
T000308,2025-01-16 21:49:00,A0074,Walmart,Retail,262.66,US,online
T000385,2025-04-23 12:27:00,A0085,Marriott,Travel,389.82,US,atm
T005015,2025-03-11 18:00:00,A0011,Apple,Electronics,15000,US,online
T004153,2025-02-03 19:41:00,A0002,Apple,Electronics,298.25,US,in_store
T003547,2025-01-01 12:16:00,A0049,Delta Airlines,Travel,214.55,US,in_store
T001489,2025-01-11 17:09:00,A0075,Uber,Travel,371.26,US,online
T000471,2025-05-19 12:40:00,A0060,BestBuy,Electronics,351.49,US,online
T004625,2025-01-21 17:23:00,A0093,Costco,Retail,227.73,US,atm
T003480,2025-05-09 19:50:00,A0163,Netflix,Subscription,295.42,US,in_store
T002008,2025-02-18 10:05:00,A0107,Costco,Retail,147.14,US,online
T004083,2025-01-18 20:08:00,A0147,Delta Airlines,Travel,383.12,US,mobile
T002784,2025-02-17 21:25:00,A0084,Marriott,Travel,153.73,US,mobile
T000054,2025-05-30 15:09:00,A0095,Apple,Electronics,55.34,US,atm
T002486,2025-01-22 19:10:00,A0028,Shell,Fuel,33.92,US,online
T002490,2025-01-06 10:25:00,A0188,Uber,Travel,153.33,US,mobile
T000822,2025-03-21 18:45:00,A0036,Costco,Retail,364.28,US,in_store
T004853,2025-04-13 09:18:00,A0129,BestBuy,Electronics,22.83,US,mobile
T004523,2025-01-26 12:10:00,A0200,Apple,Electronics,273.97,US,mobile
T003502,2025-01-24 13:19:00,A0073,Starbucks,Food,375.78,US,online
T002013,2025-02-09 09:44:00,A0133,Target,Retail,306.1,US,in_store
T003223,2025-05-27 12:48:00,A0085,Costco,Retail,54.94,US,online
T001771,2025-04-23 09:32:00,A0083,BestBuy,Electronics,237.29,DE,online
T000734,2025-03-23 17:18:00,A0081,BestBuy,Electronics,110.65,US,mobile
T001220,2025-01-24 08:06:00,A0066,Costco,Retail,71.42,US,in_store
T003275,2025-01-20 07:39:00,A0142,Target,Retail,287.26,US,online
T005080,2025-01-06 14:00:00,A0003,Shell,Fuel,61.66,US,online
T002673,2025-05-30 09:53:00,A0145,Amazon,Retail,133.7,US,in_store
T002244,2025-04-05 10:41:00,A0014,Shell,Fuel,388.52,DE,atm
T003932,2025-04-02 10:40:00,A0036,Amazon,Retail,207.25,US,mobile
T000097,2025-04-18 20:31:00,A0004,Walmart,Retail,176.24,US,mobile
T002275,2025-03-04 18:53:00,A0022,BestBuy,Electronics,254.36,US,mobile
T004509,2025-05-03 15:55:00,A0008,Apple,Electronics,222.51,US,mobile
T003173,2025-02-11 13:08:00,A0009,Target,Retail,20.44,US,atm
T000902,2025-03-14 20:01:00,A0029,Shell,Fuel,175.53,US,mobile
T001418,2025-05-23 20:34:00,A0101,Costco,Retail,197.98,US,online
T002396,2025-03-30 08:03:00,A0050,Amazon,Retail,337.24,US,mobile
T000299,2025-03-09 16:30:00,A0174,Shell,Fuel,383.15,US,atm
T004939,2025-01-07 11:59:00,A0182,Target,Retail,245.07,US,online
T005076,2025-02-04 08:00:00,A0136,Amazon,Retail,242.13,US,online
T001989,2025-01-06 09:07:00,A0155,Marriott,Travel,167.26,US,mobile
T000366,2025-02-13 08:31:00,A0180,Apple,Electronics,259.74,US,online
T001265,2025-05-30 21:34:00,A0080,Starbucks,Food,63.23,US,atm
T003177,2025-05-02 11:53:00,A0159,BestBuy,Electronics,397.96,US,atm
T003414,2025-05-03 08:55:00,A0037,BestBuy,Electronics,86.58,US,in_store
T004005,2025-03-07 17:04:00,A0074,Amazon,Retail,116.33,US,in_store
T000295,2025-03-04 07:36:00,A0038,BestBuy,Electronics,48.41,US,mobile
T004692,2025-02-24 19:05:00,A0106,Costco,Retail,292.26,US,atm
T004606,2025-01-23 15:03:00,A0064,Marriott,Travel,264.05,US,in_store
T003229,2025-04-11 15:06:00,A0134,Walmart,Retail,76.98,US,online
T001479,2025-01-20 15:39:00,A0026,Netflix,Subscription,124.08,US,in_store
T000859,2025-03-01 18:18:00,A0157,Shell,Fuel,5.62,US,mobile
T002327,2025-05-19 19:17:00,A0006,Shell,Fuel,353.31,US,mobile
T001500,2025-04-27 21:41:00,A0063,Apple,Electronics,44.59,US,in_store
T002000,2025-05-28 09:12:00,A0184,Starbucks,Food,86.43,US,online
T001951,2025-02-13 20:33:00,A0125,Target,Retail,74.28,US,online
T002017,2025-01-07 12:01:00,A0008,Target,Retail,18.52,US,mobile
T002129,2025-05-09 19:12:00,A0170,Shell,Fuel,291.34,US,online
T004858,2025-02-26 20:10:00,A0153,Walmart,Retail,100.89,US,mobile
T001890,2025-02-08 11:19:00,A0109,Apple,Electronics,271.73,US,online
T001638,2025-01-13 17:24:00,A0026,BestBuy,Electronics,371.57,US,atm
T002003,2025-04-19 11:14:00,A0042,Shell,Fuel,310.08,US,in_store
T000727,2025-05-26 07:25:00,A0144,Walmart,Retail,277.76,US,in_store
T002034,2025-02-28 14:53:00,A0025,Walmart,Retail,52.51,US,atm
T004359,2025-04-23 09:35:00,A0079,Shell,Fuel,237.47,US,mobile
T001379,2025-03-03 12:42:00,A0081,Apple,Electronics,154.48,US,atm
T001614,2025-03-23 10:12:00,A0082,Amazon,Retail,322.08,US,online
T004033,2025-02-19 11:43:00,A0037,Uber,Travel,198.1,US,online
T003726,2025-01-17 20:38:00,A0164,Target,Retail,240.57,US,mobile
T004208,2025-02-11 16:22:00,A0173,BestBuy,Electronics,121.86,US,atm
T001680,2025-02-21 08:04:00,A0160,Amazon,Retail,65.44,US,online
T003495,2025-01-02 18:02:00,A0098,Apple,Electronics,386.21,US,in_store
T003126,2025-03-11 16:34:00,A0012,Shell,Fuel,283.23,US,online
T000855,2025-03-12 12:33:00,A0178,Apple,Electronics,212.24,US,in_store
T004599,2025-04-30 15:14:00,A0005,BestBuy,Electronics,291.15,MX,online
T003775,2025-05-17 16:04:00,A0199,BestBuy,Electronics,19.8,US,mobile
T000809,2025-05-04 16:46:00,A0141,Starbucks,Food,279.55,US,online
T003092,2025-05-19 11:29:00,A0033,Walmart,Retail,378.89,US,online
T002351,2025-02-22 08:38:00,A0010,Netflix,Subscription,337.57,US,mobile
T002047,2025-03-25 07:40:00,A0195,Walmart,Retail,210.65,US,online
T001011,2025-05-27 17:09:00,A0194,Delta Airlines,Travel,292.77,US,atm
T002551,2025-02-14 19:13:00,A0026,Uber,Travel,359.51,US,online
T004102,2025-02-10 20:26:00,A0162,Target,Retail,90.25,US,atm
T000684,2025-02-03 21:38:00,A0124,Costco,Retail,331.87,MX,mobile
T001057,2025-04-04 10:21:00,A0017,Shell,Fuel,240.01,US,online
T003818,2025-05-16 19:23:00,A0014,Costco,Retail,25.38,US,mobile
T002346,2025-03-13 14:15:00,A0147,Target,Retail,74.18,US,in_store
T001525,2025-02-10 07:09:00,A0123,Netflix,Subscription,60.8,US,online
T005079,2025-02-18 17:02:00,A0004,Target,Retail,298.26,US,online
T002562,2025-05-14 11:09:00,A0023,Costco,Retail,314.49,US,mobile
T004768,2025-05-08 16:18:00,A0061,Delta Airlines,Travel,235.05,US,atm
T004710,2025-01-02 09:39:00,A0138,Netflix,Subscription,141.16,US,mobile
T003360,2025-04-20 10:19:00,A0001,Shell,Fuel,138.26,US,atm
T003024,2025-01-02 14:42:00,A0061,Netflix,Subscription,95.5,US,atm
T001481,2025-05-24 12:57:00,A0195,Netflix,Subscription,182.15,US,online
T003792,2025-05-03 13:44:00,A0171,Amazon,Retail,283.57,US,in_store
T001433,2025-01-23 12:58:00,A0085,Netflix,Subscription,312.34,US,in_store
T002374,2025-01-28 20:09:00,A0066,Costco,Retail,93.33,US,in_store
T001385,2025-04-20 21:59:00,A0090,Target,Retail,394.81,US,online
T002977,2025-03-10 12:55:00,A0185,Target,Retail,312.45,US,atm
T001683,2025-04-23 20:42:00,A0157,Delta Airlines,Travel,53.66,US,online
T002824,2025-02-28 12:54:00,A0069,Shell,Fuel,353.03,US,online
T000341,2025-05-07 07:22:00,A0143,Marriott,Travel,270.18,US,atm
T000389,2025-05-21 07:46:00,A0175,Target,Retail,377.48,US,mobile
T002167,2025-04-25 13:21:00,A0068,Amazon,Retail,112.77,GB,mobile
T003890,2025-01-19 10:35:00,A0049,Walmart,Retail,19.82,US,mobile
T002564,2025-05-09 21:19:00,A0198,Delta Airlines,Travel,249.42,US,in_store
T004090,2025-01-10 14:17:00,A0161,Starbucks,Food,230.79,US,mobile
T001542,2025-05-31 19:24:00,A0007,Target,Retail,236.61,US,atm
T003233,2025-01-13 12:20:00,A0148,Starbucks,Food,226.31,US,mobile
T000924,2025-01-30 07:10:00,A0194,Target,Retail,162.5,US,mobile
T003842,2025-04-02 13:53:00,A0060,Walmart,Retail,137.17,US,mobile
T002974,2025-02-17 21:23:00,A0118,Marriott,Travel,27.75,US,in_store
T002910,2025-04-11 11:43:00,A0003,Delta Airlines,Travel,90.41,US,online
T002291,2025-04-11 07:23:00,A0035,Amazon,Retail,206.53,US,online
T004175,2025-01-30 18:48:00,A0188,Marriott,Travel,202.91,US,in_store
T000078,2025-05-02 14:16:00,A0041,Shell,Fuel,336.75,US,mobile
T004938,2025-02-12 12:30:00,A0093,Delta Airlines,Travel,130.21,US,online
T003102,2025-01-26 09:05:00,A0048,Walmart,Retail,391.83,US,mobile
T001941,2025-04-16 17:21:00,A0094,Starbucks,Food,365.62,US,in_store
T000362,2025-01-28 21:06:00,A0046,Costco,Retail,63.81,US,atm
T002795,2025-01-13 11:58:00,A0046,Apple,Electronics,399.46,US,atm
T002283,2025-05-30 20:31:00,A0175,Shell,Fuel,286.96,US,online
T004801,2025-05-25 13:46:00,A0103,Marriott,Travel,393.31,US,mobile
T004548,2025-01-13 16:18:00,A0185,Amazon,Retail,242.56,US,atm
T003070,2025-04-02 15:45:00,A0101,Delta Airlines,Travel,159.68,US,atm
T001593,2025-05-29 20:06:00,A0164,Walmart,Retail,186.36,US,online
T003576,2025-02-20 09:14:00,A0039,Apple,Electronics,20.18,US,mobile
T000120,2025-03-15 18:18:00,A0060,BestBuy,Electronics,344.54,US,in_store
T000485,2025-05-31 11:58:00,A0150,Walmart,Retail,13.61,US,in_store
T004647,2025-03-10 19:03:00,A0154,Target,Retail,291.63,US,in_store
T001071,2025-01-08 16:02:00,A0016,Starbucks,Food,335.59,US,online
T003961,2025-02-15 17:30:00,A0089,Marriott,Travel,359.05,US,online
T000631,2025-05-18 13:05:00,A0140,Netflix,Subscription,92.37,US,atm
T004521,2025-05-16 14:39:00,A0071,Starbucks,Food,265.13,US,online
T001440,2025-03-05 17:38:00,A0182,Apple,Electronics,284.18,US,mobile
T001774,2025-05-13 11:36:00,A0111,Delta Airlines,Travel,129.18,US,atm
T003270,2025-02-02 13:08:00,A0140,Netflix,Subscription,109.48,US,online
T003524,2025-02-08 14:30:00,A0016,BestBuy,Electronics,70.94,US,online
T004811,2025-05-24 09:56:00,A0015,Starbucks,Food,206.81,US,mobile
T004764,2025-05-14 17:31:00,A0055,BestBuy,Electronics,218.7,US,atm
T002695,2025-05-28 13:30:00,A0002,Walmart,Retail,88.11,US,mobile
T002134,2025-05-13 15:01:00,A0105,Delta Airlines,Travel,289.59,CA,atm
T003960,2025-04-26 14:27:00,A0021,Apple,Electronics,286.04,US,online
T000461,2025-04-27 15:23:00,A0128,Amazon,Retail,202.35,US,in_store
T000376,2025-02-09 18:24:00,A0098,Netflix,Subscription,147.48,US,online
T002304,2025-03-28 08:44:00,A0121,Target,Retail,390.21,US,online
T003598,2025-01-01 14:39:00,A0161,Apple,Electronics,166.57,US,mobile
T002369,2025-04-30 21:10:00,A0057,Marriott,Travel,199.93,US,mobile
T001136,2025-02-01 13:23:00,A0073,Delta Airlines,Travel,372.01,US,atm
T002978,2025-03-26 19:29:00,A0128,Apple,Electronics,236.8,CA,atm
T004742,2025-05-09 20:35:00,A0084,Shell,Fuel,393.72,US,mobile
T002135,2025-01-10 09:57:00,A0095,Walmart,Retail,275.31,US,mobile
T004965,2025-01-03 19:01:00,A0134,Delta Airlines,Travel,200.71,US,atm
T000843,2025-04-08 07:49:00,A0141,Starbucks,Food,365.34,US,in_store
T001084,2025-05-21 09:56:00,A0172,Amazon,Retail,253.0,US,in_store
T003745,2025-05-19 15:09:00,A0120,Uber,Travel,312.68,US,atm
T002677,2025-03-04 19:36:00,A0180,Costco,Retail,85.26,US,atm
T001034,2025-05-17 16:22:00,A0025,Starbucks,Food,10.09,US,atm
T000829,2025-04-06 09:54:00,A0183,Apple,Electronics,199.12,US,in_store
T000745,2025-02-04 12:18:00,A0134,Target,Retail,216.36,US,mobile
T000388,2025-01-30 21:36:00,A0094,Shell,Fuel,238.93,US,in_store
T004701,2025-05-14 11:48:00,A0078,Shell,Fuel,321.57,MX,mobile
T004050,2025-03-03 19:09:00,A0073,Amazon,Retail,351.26,US,mobile
T004495,2025-02-22 16:36:00,A0011,Apple,Electronics,62.0,US,mobile
T004500,2025-02-06 10:39:00,A0014,Delta Airlines,Travel,371.98,US,atm
T000266,2025-04-12 18:46:00,A0080,Target,Retail,212.65,DE,mobile
T003253,2025-02-22 12:34:00,A0163,Marriott,Travel,368.02,US,atm
T003285,2025-03-28 14:30:00,A0003,Delta Airlines,Travel,128.63,US,online
T003296,2025-01-06 10:43:00,A0097,Starbucks,Food,171.16,US,atm
T000301,2025-05-03 12:35:00,A0082,BestBuy,Electronics,113.02,US,mobile
T001361,2025-04-22 11:49:00,A0196,BestBuy,Electronics,142.69,US,mobile
T004845,2025-02-12 07:18:00,A0172,Walmart,Retail,164.76,US,atm
T002951,2025-03-12 21:45:00,A0013,BestBuy,Electronics,63.96,US,in_store
T002453,2025-02-01 20:23:00,A0186,Netflix,Subscription,391.01,US,atm
T000091,2025-01-08 10:12:00,A0194,Amazon,Retail,250.43,US,in_store
T005047,2025-04-17 03:07:00,A0030,Uber,Travel,320.72,US,online
T004193,2025-05-30 19:25:00,A0115,Marriott,Travel,26.1,US,atm
T001766,2025-04-13 18:35:00,A0033,Shell,Fuel,286.23,US,atm
T002142,2025-04-16 18:56:00,A0118,Costco,Retail,341.42,US,in_store
T003496,2025-05-05 17:02:00,A0119,Netflix,Subscription,162.99,US,online
T001095,2025-01-24 10:38:00,A0128,Walmart,Retail,310.41,US,atm
T003608,2025-02-27 12:04:00,A0033,Amazon,Retail,278.27,US,mobile
T002143,2025-04-01 10:25:00,A0161,Apple,Electronics,354.03,US,mobile
T004233,2025-04-30 07:20:00,A0050,Uber,Travel,333.17,US,atm
T004967,2025-01-08 19:48:00,A0056,Apple,Electronics,138.37,US,mobile
T003403,2025-04-29 09:14:00,A0196,BestBuy,Electronics,156.42,US,atm
T001742,2025-05-22 12:04:00,A0157,Target,Retail,76.02,DE,atm
T004585,2025-05-18 17:23:00,A0020,BestBuy,Electronics,175.87,US,in_store
T001041,2025-01-29 08:01:00,A0177,Target,Retail,304.15,US,in_store
T001483,2025-03-12 18:08:00,A0043,Uber,Travel,22.95,US,online
T000985,2025-04-02 11:15:00,A0034,Marriott,Travel,399.59,US,mobile
T001267,2025-05-10 20:53:00,A0061,Costco,Retail,344.19,US,atm
T001328,2025-03-20 14:03:00,A0100,Delta Airlines,Travel,6.84,DE,mobile
T001141,2025-04-13 08:01:00,A0062,Shell,Fuel,69.36,MX,mobile
T003094,2025-04-06 07:28:00,A0014,BestBuy,Electronics,168.37,US,mobile
T003681,2025-04-22 16:44:00,A0083,Delta Airlines,Travel,250.82,US,in_store
T000031,2025-02-03 18:59:00,A0139,Delta Airlines,Travel,232.6,US,mobile
T000103,2025-03-12 15:00:00,A0153,Costco,Retail,379.48,US,in_store
T003295,2025-03-11 11:47:00,A0150,Target,Retail,320.15,US,in_store
T002894,2025-05-19 07:21:00,A0036,Netflix,Subscription,25.96,US,atm
T003368,2025-04-25 15:52:00,A0153,Delta Airlines,Travel,251.04,US,online
T003154,2025-01-06 13:57:00,A0084,Target,Retail,199.74,US,online
T003299,2025-03-30 20:44:00,A0070,Netflix,Subscription,235.82,US,online
T004563,2025-02-07 14:32:00,A0078,Target,Retail,103.52,DE,atm
T000148,2025-01-24 13:06:00,A0059,Marriott,Travel,283.04,US,mobile
T003761,2025-02-04 20:51:00,A0131,Amazon,Retail,261.3,US,online
T000053,2025-01-03 08:04:00,A0144,BestBuy,Electronics,362.05,US,online
T002096,2025-04-26 19:06:00,A0087,Costco,Retail,106.82,US,online
T004067,2025-02-26 08:53:00,A0184,Walmart,Retail,19.35,US,in_store
T003864,2025-03-17 12:48:00,A0100,Apple,Electronics,86.02,US,online
T003767,2025-03-28 12:44:00,A0049,Target,Retail,10.24,US,mobile
T002537,2025-04-17 08:35:00,A0086,Starbucks,Food,335.85,US,online
T003796,2025-05-30 13:45:00,A0148,Starbucks,Food,51.05,US,mobile
T004844,2025-03-21 11:53:00,A0192,Starbucks,Food,141.89,US,atm
T001789,2025-03-09 16:24:00,A0177,Marriott,Travel,235.64,US,atm
T005056,2025-03-28 22:04:00,A0167,Amazon,Retail,546.9,US,online
T000964,2025-03-03 09:39:00,A0106,BestBuy,Electronics,19.86,US,mobile
T001694,2025-03-24 16:37:00,A0034,Netflix,Subscription,235.87,US,online
T003691,2025-01-01 20:59:00,A0146,Apple,Electronics,333.01,US,online
T002375,2025-02-09 21:06:00,A0119,BestBuy,Electronics,219.17,US,mobile
T000113,2025-03-06 20:30:00,A0014,Walmart,Retail,329.74,US,mobile
T003597,2025-02-03 21:00:00,A0137,Walmart,Retail,192.17,US,in_store
T000336,2025-01-09 14:38:00,A0153,Marriott,Travel,282.8,US,in_store
T002164,2025-03-24 11:45:00,A0163,Walmart,Retail,145.11,US,online
T002634,2025-05-31 10:55:00,A0104,BestBuy,Electronics,92.8,US,atm
T001877,2025-02-12 21:19:00,A0132,Delta Airlines,Travel,386.27,US,in_store
T004703,2025-02-26 10:02:00,A0080,Apple,Electronics,106.71,US,online
T001372,2025-05-05 09:32:00,A0051,Walmart,Retail,183.01,US,in_store
T001313,2025-05-06 14:29:00,A0146,Delta Airlines,Travel,20.44,US,atm
T000963,2025-05-02 18:08:00,A0107,Shell,Fuel,61.52,US,mobile
T001757,2025-03-26 10:51:00,A0063,Netflix,Subscription,96.2,US,online
T001726,2025-05-05 11:05:00,A0106,Shell,Fuel,365.26,US,in_store
T004726,2025-05-12 08:39:00,A0009,Uber,Travel,277.01,DE,atm
T002364,2025-04-07 12:42:00,A0040,BestBuy,Electronics,178.75,CA,atm
T004409,2025-05-18 14:08:00,A0178,Starbucks,Food,144.2,US,mobile
T001046,2025-05-09 19:46:00,A0042,Delta Airlines,Travel,100.52,US,online
T001799,2025-01-29 16:39:00,A0200,Netflix,Subscription,56.04,US,online
T003581,2025-02-18 21:22:00,A0046,Apple,Electronics,246.06,US,in_store
T003739,2025-05-14 20:25:00,A0165,BestBuy,Electronics,208.15,US,online
T001781,2025-01-21 18:50:00,A0091,Shell,Fuel,292.31,US,in_store
T002091,2025-02-15 20:11:00,A0154,Amazon,Retail,261.52,US,online
T004089,2025-02-08 12:40:00,A0188,Amazon,Retail,30.2,US,mobile
T001258,2025-04-21 08:06:00,A0078,Marriott,Travel,27.04,US,atm
T003002,2025-05-27 18:50:00,A0059,Walmart,Retail,308.85,US,mobile
T000948,2025-04-10 21:06:00,A0077,Marriott,Travel,277.09,US,online
T004795,2025-03-17 11:26:00,A0099,Costco,Retail,279.51,US,online
T000440,2025-01-27 08:20:00,A0188,Netflix,Subscription,352.99,US,mobile
T003306,2025-01-29 16:02:00,A0145,Target,Retail,120.17,US,in_store
T003901,2025-02-17 14:40:00,A0038,BestBuy,Electronics,39.14,US,mobile
T000757,2025-04-08 20:00:00,A0065,Walmart,Retail,389.97,US,in_store
T004150,2025-02-05 16:32:00,A0092,Marriott,Travel,183.23,US,mobile
T000564,2025-03-29 13:36:00,A0052,Target,Retail,61.57,US,in_store
T004839,2025-04-03 07:46:00,A0143,Starbucks,Food,9.67,US,in_store
T002916,2025-04-15 14:36:00,A0016,Delta Airlines,Travel,10.15,US,mobile
T002985,2025-03-03 07:29:00,A0029,Uber,Travel,59.0,US,online
T004066,2025-04-28 21:44:00,A0200,Uber,Travel,308.8,US,atm
T002471,2025-05-25 21:08:00,A0027,Shell,Fuel,167.24,US,in_store
T002413,2025-04-10 15:46:00,A0061,Netflix,Subscription,75.01,US,in_store
T004348,2025-04-11 18:16:00,A0112,Shell,Fuel,18.93,US,atm
T002479,2025-04-20 18:22:00,A0001,Netflix,Subscription,302.56,US,in_store
T001688,2025-03-19 07:41:00,A0149,Marriott,Travel,357.82,US,mobile
T000375,2025-03-17 19:15:00,A0022,BestBuy,Electronics,34.04,US,in_store
T004592,2025-02-23 07:17:00,A0138,Apple,Electronics,264.3,US,in_store
T000756,2025-03-10 19:25:00,A0015,Walmart,Retail,219.56,US,in_store
T000234,2025-04-12 15:23:00,A0014,Shell,Fuel,157.54,US,atm
T003829,2025-01-27 12:04:00,A0010,Uber,Travel,131.3,US,in_store
T004482,2025-05-08 21:16:00,A0086,Netflix,Subscription,50.94,US,atm
T001349,2025-02-06 10:08:00,A0163,Walmart,Retail,73.6,US,in_store
T003694,2025-05-05 17:37:00,A0153,Shell,Fuel,46.27,US,mobile
T002267,2025-03-20 10:48:00,A0019,Apple,Electronics,124.63,US,online
T001991,2025-05-10 20:51:00,A0009,Netflix,Subscription,317.1,US,atm
T001861,2025-02-25 17:23:00,A0003,Target,Retail,37.1,CA,in_store
T001858,2025-01-01 11:17:00,A0045,Costco,Retail,143.52,US,mobile
T002969,2025-03-29 17:35:00,A0190,BestBuy,Electronics,131.62,US,in_store
T004694,2025-02-09 10:26:00,A0008,Uber,Travel,307.01,US,mobile
T004820,2025-05-07 15:57:00,A0121,Costco,Retail,108.04,US,online
T003923,2025-02-26 20:42:00,A0025,Delta Airlines,Travel,291.53,US,mobile
T000567,2025-01-23 09:39:00,A0196,Apple,Electronics,255.23,US,mobile
T001750,2025-04-06 14:18:00,A0167,Delta Airlines,Travel,17.31,US,online
T001678,2025-02-22 15:09:00,A0180,Costco,Retail,297.47,US,in_store
T002222,2025-02-08 08:33:00,A0036,Starbucks,Food,376.35,US,online
T002555,2025-02-19 12:19:00,A0200,Shell,Fuel,193.37,US,in_store
T003780,2025-05-08 15:42:00,A0195,Shell,Fuel,348.1,US,mobile
T004915,2025-05-30 20:37:00,A0081,Marriott,Travel,337.54,US,mobile
T002506,2025-05-01 07:32:00,A0098,Apple,Electronics,189.59,US,online
T003129,2025-05-20 13:34:00,A0112,Target,Retail,396.62,US,online
T001167,2025-04-17 21:30:00,A0069,Walmart,Retail,200.44,US,atm
T002913,2025-05-19 11:40:00,A0019,Delta Airlines,Travel,364.39,US,atm
T002345,2025-02-12 07:30:00,A0035,Starbucks,Food,339.38,US,atm
T002273,2025-05-31 16:56:00,A0109,Netflix,Subscription,379.9,US,mobile
T000669,2025-05-14 17:53:00,A0181,Uber,Travel,334.77,US,in_store
T003176,2025-01-11 12:30:00,A0171,Uber,Travel,268.37,US,in_store
T000125,2025-03-24 16:16:00,A0111,Amazon,Retail,41.07,US,online
T000998,2025-01-20 08:10:00,A0074,Uber,Travel,49.25,US,mobile
T000032,2025-02-18 08:06:00,A0105,Marriott,Travel,175.27,US,mobile
T001802,2025-05-18 13:55:00,A0041,BestBuy,Electronics,95.59,US,atm
T002158,2025-03-13 18:54:00,A0180,Shell,Fuel,390.57,US,in_store
T002105,2025-03-05 12:09:00,A0087,Shell,Fuel,384.35,US,in_store
T000674,2025-02-28 13:51:00,A0170,Netflix,Subscription,289.5,US,mobile
T002422,2025-01-23 08:10:00,A0159,Starbucks,Food,140.13,US,in_store
T003939,2025-02-14 20:31:00,A0099,Delta Airlines,Travel,324.55,US,in_store
T000283,2025-02-25 16:22:00,A0062,Amazon,Retail,24.96,US,mobile
T000781,2025-02-19 15:42:00,A0049,Shell,Fuel,230.16,US,mobile
T001052,2025-01-11 08:20:00,A0143,Target,Retail,50.71,US,mobile
T004953,2025-01-03 20:41:00,A0022,Shell,Fuel,277.86,US,online
T001117,2025-02-22 10:55:00,A0058,Uber,Travel,118.74,US,mobile
T003043,2025-03-01 08:09:00,A0047,Amazon,Retail,67.62,US,online
T000842,2025-04-09 18:50:00,A0135,Costco,Retail,246.77,US,mobile
T004424,2025-05-20 13:44:00,A0126,Delta Airlines,Travel,75.35,US,atm
T004373,2025-04-24 12:48:00,A0110,Walmart,Retail,336.42,US,online
T003196,2025-01-18 21:45:00,A0024,Target,Retail,98.55,MX,in_store
T001763,2025-04-27 07:10:00,A0047,Walmart,Retail,170.36,GB,mobile
T000592,2025-05-05 08:56:00,A0124,Apple,Electronics,179.07,US,atm
T004610,2025-02-11 20:26:00,A0152,Walmart,Retail,151.61,US,mobile
T002568,2025-02-25 11:35:00,A0045,BestBuy,Electronics,95.1,US,in_store
T003872,2025-01-21 10:14:00,A0195,Shell,Fuel,112.51,US,in_store
T000456,2025-04-27 16:38:00,A0030,Amazon,Retail,127.17,DE,in_store
T001060,2025-03-13 09:49:00,A0131,Target,Retail,47.67,US,mobile
T000648,2025-05-21 08:19:00,A0138,Shell,Fuel,300.58,CA,atm
T003660,2025-01-25 12:27:00,A0128,Amazon,Retail,142.01,US,online
T004101,2025-05-24 18:54:00,A0076,Shell,Fuel,266.23,US,mobile
T004386,2025-03-30 10:37:00,A0005,Starbucks,Food,357.54,US,mobile
T002452,2025-01-04 13:06:00,A0179,Netflix,Subscription,86.5,US,in_store
T004057,2025-01-15 21:41:00,A0187,BestBuy,Electronics,291.57,US,atm
T001053,2025-03-21 17:53:00,A0154,Target,Retail,94.22,US,atm
T004699,2025-04-08 21:38:00,A0045,Shell,Fuel,187.13,US,atm
T003104,2025-01-13 17:58:00,A0191,Walmart,Retail,184.49,US,mobile
T003111,2025-03-16 11:19:00,A0052,Target,Retail,351.5,US,atm
T005000,2025-05-28 12:18:00,A0110,Starbucks,Food,334.95,DE,mobile
T003874,2025-01-26 11:02:00,A0137,Delta Airlines,Travel,220.47,US,atm
T003250,2025-04-07 13:00:00,A0197,Netflix,Subscription,366.07,US,in_store
T004711,2025-02-28 18:29:00,A0120,Delta Airlines,Travel,82.25,US,mobile
T002147,2025-03-20 10:25:00,A0165,Starbucks,Food,190.74,US,mobile
T000059,2025-02-21 20:58:00,A0057,Target,Retail,143.12,US,in_store
T001302,2025-05-18 11:20:00,A0196,Delta Airlines,Travel,14.18,US,in_store
T003865,2025-02-05 18:59:00,A0118,Delta Airlines,Travel,344.93,US,atm
T004185,2025-05-18 16:24:00,A0097,Delta Airlines,Travel,206.65,US,online
T004738,2025-01-01 16:08:00,A0133,Uber,Travel,42.88,US,online
T001888,2025-04-12 21:04:00,A0157,Marriott,Travel,95.88,US,in_store
T002995,2025-05-16 13:50:00,A0178,Netflix,Subscription,350.75,US,in_store
T002756,2025-01-07 11:34:00,A0016,Amazon,Retail,170.42,US,mobile
T002063,2025-01-13 12:29:00,A0115,BestBuy,Electronics,396.44,US,in_store
T002045,2025-03-31 08:14:00,A0064,Uber,Travel,60.47,US,online
T000378,2025-04-25 15:35:00,A0111,Costco,Retail,166.18,US,online
T002713,2025-05-07 11:03:00,A0143,Starbucks,Food,241.63,US,mobile
T000207,2025-01-21 13:55:00,A0135,Uber,Travel,299.59,US,atm
T001529,2025-01-16 21:41:00,A0040,Amazon,Retail,243.65,US,in_store
T003817,2025-03-04 14:31:00,A0074,Marriott,Travel,177.0,US,in_store
T000554,2025-03-08 17:45:00,A0071,Marriott,Travel,123.02,US,in_store
T000957,2025-02-26 08:51:00,A0128,Shell,Fuel,173.35,DE,mobile
T002679,2025-02-11 19:25:00,A0057,Uber,Travel,102.62,US,atm
T001660,2025-04-27 16:50:00,A0111,Netflix,Subscription,118.92,US,mobile
T002638,2025-02-19 11:40:00,A0002,Delta Airlines,Travel,52.39,US,online
T001051,2025-04-30 08:33:00,A0032,Starbucks,Food,200.85,US,atm
T001522,2025-02-05 11:29:00,A0200,Starbucks,Food,334.92,US,mobile
T002421,2025-04-01 09:24:00,A0024,Shell,Fuel,220.4,US,online
T002547,2025-03-28 10:31:00,A0200,Apple,Electronics,174.32,MX,online
T002577,2025-03-11 17:57:00,A0131,Amazon,Retail,342.58,US,mobile
T001222,2025-01-07 18:03:00,A0047,Uber,Travel,159.03,US,in_store
T004047,2025-03-23 11:32:00,A0057,Costco,Retail,286.92,US,mobile
T001601,2025-03-25 09:14:00,A0008,Walmart,Retail,292.46,US,atm
T001178,2025-01-27 20:35:00,A0028,Amazon,Retail,205.39,US,online
T004282,2025-03-09 19:31:00,A0127,Netflix,Subscription,247.24,US,atm
T004321,2025-01-15 10:34:00,A0188,Walmart,Retail,328.55,US,in_store
T002462,2025-04-05 15:16:00,A0069,BestBuy,Electronics,44.04,US,atm
T004598,2025-02-09 17:12:00,A0115,Target,Retail,88.26,US,atm
T003417,2025-01-14 13:57:00,A0156,Marriott,Travel,279.16,US,mobile
T004800,2025-04-16 07:01:00,A0068,Costco,Retail,75.29,DE,in_store
T002842,2025-04-09 08:00:00,A0184,Costco,Retail,38.03,US,in_store
T002313,2025-04-11 07:04:00,A0141,Shell,Fuel,325.74,US,mobile
T003700,2025-01-27 12:39:00,A0170,Uber,Travel,227.14,US,in_store
T003879,2025-01-09 18:04:00,A0140,Delta Airlines,Travel,242.88,US,atm
T004129,2025-03-07 15:07:00,A0132,Costco,Retail,390.4,US,mobile
T002963,2025-01-22 16:32:00,A0040,Apple,Electronics,148.01,US,atm
T004491,2025-04-08 15:54:00,A0176,Netflix,Subscription,297.95,US,mobile
T004520,2025-05-06 12:19:00,A0022,Netflix,Subscription,379.11,US,mobile
T003566,2025-02-15 07:47:00,A0021,BestBuy,Electronics,121.62,US,in_store
T004846,2025-02-24 14:18:00,A0200,Amazon,Retail,376.76,US,atm
T003795,2025-04-19 20:40:00,A0039,Netflix,Subscription,387.85,MX,online
T004526,2025-01-04 16:23:00,A0052,Costco,Retail,381.18,US,in_store
T003346,2025-03-21 14:54:00,A0188,Starbucks,Food,107.49,US,mobile
T001333,2025-02-23 21:34:00,A0160,Apple,Electronics,375.87,US,in_store
T002546,2025-05-14 15:26:00,A0034,BestBuy,Electronics,21.93,US,online
T001234,2025-04-26 11:15:00,A0193,Marriott,Travel,393.29,US,in_store
T003137,2025-02-16 07:19:00,A0050,BestBuy,Electronics,30.27,US,in_store
T000350,2025-04-30 15:41:00,A0098,Netflix,Subscription,126.83,US,mobile
T000127,2025-02-16 16:27:00,A0072,Marriott,Travel,326.63,US,mobile
T000894,2025-01-20 18:59:00,A0045,BestBuy,Electronics,231.8,US,online
T004115,2025-03-29 10:56:00,A0054,Walmart,Retail,60.01,US,atm
T004958,2025-04-28 09:14:00,A0092,Walmart,Retail,331.08,CA,in_store
T004236,2025-05-28 16:11:00,A0047,Amazon,Retail,255.5,US,in_store
T004032,2025-04-24 21:05:00,A0003,Starbucks,Food,33.91,US,atm
T001778,2025-05-06 20:52:00,A0002,Amazon,Retail,150.97,US,mobile
T000760,2025-01-11 18:59:00,A0162,Costco,Retail,210.77,US,mobile
T001869,2025-02-25 14:16:00,A0067,Amazon,Retail,369.16,US,in_store
T001207,2025-04-06 11:23:00,A0031,Uber,Travel,121.12,US,in_store
T003499,2025-05-27 12:14:00,A0004,Target,Retail,73.52,US,mobile
T000941,2025-01-01 21:02:00,A0168,Marriott,Travel,159.24,US,atm
T000792,2025-03-25 19:30:00,A0186,Starbucks,Food,197.87,US,online
T001218,2025-05-17 16:20:00,A0022,Apple,Electronics,237.61,US,online
T004756,2025-05-26 21:54:00,A0141,Netflix,Subscription,387.35,US,mobile
T002489,2025-02-14 16:53:00,A0109,Target,Retail,115.27,US,in_store
T001239,2025-02-15 20:49:00,A0100,BestBuy,Electronics,393.6,US,mobile
T003947,2025-02-23 14:54:00,A0155,Amazon,Retail,161.5,US,atm
T004655,2025-04-10 21:18:00,A0010,Amazon,Retail,29.27,US,atm
T001613,2025-01-20 16:57:00,A0184,Marriott,Travel,171.59,CA,mobile
T004601,2025-03-07 12:18:00,A0027,Delta Airlines,Travel,221.71,US,mobile
T005003,2025-01-29 13:00:00,A0004,Apple,Electronics,5000,US,online
T004195,2025-05-03 21:18:00,A0148,Delta Airlines,Travel,247.65,US,online
T003978,2025-04-04 17:25:00,A0126,Netflix,Subscription,372.49,US,mobile
T000254,2025-01-15 08:42:00,A0071,Marriott,Travel,165.45,US,in_store
T002303,2025-03-25 21:19:00,A0138,Target,Retail,207.02,US,in_store
T000616,2025-02-15 15:34:00,A0182,BestBuy,Electronics,256.57,US,online
T002271,2025-01-11 17:31:00,A0163,Amazon,Retail,202.5,US,online
T000893,2025-04-21 19:27:00,A0178,Delta Airlines,Travel,315.99,US,in_store
T001854,2025-03-23 21:45:00,A0086,Starbucks,Food,362.76,US,atm
T002115,2025-01-26 14:11:00,A0055,Shell,Fuel,286.4,US,in_store
T002219,2025-01-07 17:27:00,A0141,Marriott,Travel,132.93,US,atm
T001204,2025-02-06 15:08:00,A0042,Target,Retail,285.9,US,online
T000698,2025-05-14 11:45:00,A0103,Delta Airlines,Travel,27.7,MX,in_store
T000055,2025-04-02 10:43:00,A0011,Shell,Fuel,268.44,US,mobile
T001013,2025-01-07 13:39:00,A0079,Shell,Fuel,181.16,US,atm
T001040,2025-02-28 11:08:00,A0177,Shell,Fuel,56.44,US,mobile
T005081,2025-01-06 14:02:00,A0003,Shell,Fuel,61.66,US,online
T001985,2025-03-25 16:34:00,A0063,Marriott,Travel,107.98,US,atm
T001224,2025-05-11 19:32:00,A0127,Apple,Electronics,380.0,US,online
T004529,2025-02-04 13:31:00,A0059,Walmart,Retail,110.82,US,atm
T001884,2025-01-25 13:08:00,A0196,Netflix,Subscription,306.4,US,mobile
T002699,2025-01-29 13:25:00,A0030,Walmart,Retail,56.15,US,online
T000137,2025-04-27 15:09:00,A0063,Apple,Electronics,80.29,US,in_store
T003390,2025-01-02 14:59:00,A0019,Amazon,Retail,90.95,US,online
T003044,2025-01-07 19:22:00,A0091,Target,Retail,323.98,US,atm
T002230,2025-05-31 07:13:00,A0052,Shell,Fuel,235.18,US,atm
T004220,2025-01-28 14:30:00,A0180,Marriott,Travel,311.68,US,atm
T000976,2025-04-02 11:12:00,A0162,Netflix,Subscription,55.25,US,online
T001544,2025-02-06 19:45:00,A0056,Starbucks,Food,397.4,US,atm
T000719,2025-01-31 18:33:00,A0118,Target,Retail,129.68,US,online
T001632,2025-02-26 21:23:00,A0034,Apple,Electronics,390.15,US,in_store
T002708,2025-05-26 16:22:00,A0055,Starbucks,Food,312.79,US,mobile
T001866,2025-02-13 07:53:00,A0162,Delta Airlines,Travel,157.34,US,in_store
T002949,2025-04-18 12:36:00,A0017,Delta Airlines,Travel,285.66,US,online
T000068,2025-05-26 11:25:00,A0158,Costco,Retail,334.32,US,atm
T001231,2025-02-24 16:53:00,A0162,Costco,Retail,116.12,US,online
T002782,2025-05-19 21:46:00,A0140,Amazon,Retail,347.19,US,in_store
T000464,2025-02-08 09:59:00,A0099,Amazon,Retail,223.38,US,mobile
T002966,2025-04-17 12:00:00,A0146,Uber,Travel,260.65,US,in_store
T000885,2025-04-30 16:08:00,A0194,Walmart,Retail,326.08,US,mobile
T001473,2025-01-01 07:42:00,A0011,BestBuy,Electronics,132.05,US,mobile
T003708,2025-03-20 14:47:00,A0103,Delta Airlines,Travel,241.79,US,mobile
T000513,2025-04-07 12:34:00,A0127,Apple,Electronics,45.06,US,in_store
T003199,2025-02-16 16:42:00,A0044,Uber,Travel,72.27,US,in_store
T002531,2025-01-24 08:45:00,A0027,Delta Airlines,Travel,184.62,US,online
T004281,2025-04-24 15:20:00,A0101,BestBuy,Electronics,21.25,US,mobile
T002630,2025-02-04 17:34:00,A0163,BestBuy,Electronics,232.54,US,mobile
T004728,2025-04-18 07:28:00,A0054,Starbucks,Food,55.96,US,online
T004718,2025-02-12 17:16:00,A0148,Marriott,Travel,225.65,US,mobile
T000278,2025-03-30 13:08:00,A0188,Netflix,Subscription,208.42,US,atm
T003198,2025-03-30 15:20:00,A0159,BestBuy,Electronics,271.67,US,atm
T002799,2025-02-19 19:32:00,A0057,Delta Airlines,Travel,16.41,US,in_store
T001241,2025-04-02 10:05:00,A0175,Delta Airlines,Travel,251.97,US,in_store
T002787,2025-03-29 16:16:00,A0084,Netflix,Subscription,322.41,US,online
T001664,2025-03-06 09:22:00,A0013,Uber,Travel,315.18,US,in_store
T001469,2025-01-05 16:12:00,A0110,Walmart,Retail,346.42,US,mobile
T004773,2025-03-08 10:21:00,A0188,Delta Airlines,Travel,262.64,US,in_store
T001213,2025-03-01 21:25:00,A0100,Netflix,Subscription,218.69,US,mobile
T002641,2025-03-20 08:20:00,A0101,Uber,Travel,184.2,US,atm
T001209,2025-05-06 07:07:00,A0190,Costco,Retail,142.72,US,mobile
T000711,2025-01-24 13:43:00,A0074,BestBuy,Electronics,329.32,US,in_store
T004996,2025-01-05 10:17:00,A0193,Costco,Retail,253.2,US,atm
T001083,2025-05-19 12:12:00,A0111,Apple,Electronics,163.91,US,mobile
T005071,2025-05-21 05:07:00,A0008,Shell,Fuel,584.52,US,online
T002982,2025-04-05 07:34:00,A0074,BestBuy,Electronics,363.76,US,atm
T000516,2025-05-04 18:01:00,A0087,Apple,Electronics,377.26,US,mobile
T001296,2025-04-14 20:37:00,A0104,Marriott,Travel,9.7,US,in_store
T004453,2025-05-04 13:41:00,A0001,Target,Retail,277.17,US,mobile
T002420,2025-02-01 14:42:00,A0131,Delta Airlines,Travel,114.93,US,atm
T004023,2025-02-08 19:32:00,A0002,Netflix,Subscription,85.78,US,in_store
T004077,2025-04-12 08:25:00,A0115,Netflix,Subscription,71.76,US,online
T001290,2025-04-21 13:23:00,A0120,Target,Retail,130.22,US,online
T003101,2025-05-05 10:40:00,A0064,Shell,Fuel,183.29,DE,online
T005012,2025-05-23 03:00:00,A0120,Apple,Electronics,10000,US,online
T003243,2025-03-31 15:46:00,A0177,Delta Airlines,Travel,163.37,US,in_store
T001024,2025-05-06 07:52:00,A0142,Uber,Travel,334.66,US,mobile
T000377,2025-04-24 12:48:00,A0079,Uber,Travel,45.38,US,in_store
T003958,2025-03-15 20:15:00,A0188,Target,Retail,10.08,DE,online
T003384,2025-03-17 10:51:00,A0172,Starbucks,Food,89.25,US,in_store
T003277,2025-05-23 14:09:00,A0151,BestBuy,Electronics,158.96,US,mobile
T002213,2025-04-07 13:44:00,A0064,Amazon,Retail,122.78,US,in_store
T001045,2025-02-07 20:47:00,A0024,Uber,Travel,379.77,US,atm
T004277,2025-03-04 10:06:00,A0192,Costco,Retail,33.42,US,in_store
T002527,2025-03-26 18:08:00,A0071,Target,Retail,245.99,US,online
T004644,2025-04-09 14:06:00,A0013,Uber,Travel,265.93,US,mobile
T000065,2025-04-21 08:42:00,A0094,Netflix,Subscription,251.15,US,online
T004807,2025-02-16 18:04:00,A0098,Costco,Retail,261.38,US,in_store
T003269,2025-02-19 15:52:00,A0090,Marriott,Travel,349.97,US,in_store
T004425,2025-01-26 13:57:00,A0081,BestBuy,Electronics,66.66,MX,atm
T001124,2025-03-06 15:39:00,A0002,Apple,Electronics,124.49,US,atm
T004534,2025-03-10 16:41:00,A0001,Shell,Fuel,302.81,US,atm
T003197,2025-04-29 14:10:00,A0163,Apple,Electronics,310.1,US,in_store
T000991,2025-01-29 13:23:00,A0014,Target,Retail,249.56,US,atm
T000695,2025-04-13 19:21:00,A0131,Costco,Retail,247.54,US,online
T003180,2025-04-02 17:13:00,A0027,Amazon,Retail,364.91,US,mobile
T003654,2025-04-05 09:07:00,A0153,Target,Retail,248.53,US,atm
T001061,2025-03-01 17:08:00,A0128,Amazon,Retail,44.34,US,online
T003174,2025-01-16 07:53:00,A0142,Costco,Retail,75.76,US,atm
T001104,2025-03-23 21:51:00,A0162,Marriott,Travel,165.48,US,atm
T000118,2025-02-24 11:42:00,A0161,Walmart,Retail,67.04,US,online
T002623,2025-05-28 10:31:00,A0133,BestBuy,Electronics,20.08,US,atm
T004250,2025-02-23 12:38:00,A0084,Walmart,Retail,336.61,US,mobile
T003075,2025-02-04 07:54:00,A0172,Shell,Fuel,81.99,US,atm
T002405,2025-01-11 14:46:00,A0112,Delta Airlines,Travel,221.11,US,mobile
T003846,2025-04-14 20:37:00,A0064,BestBuy,Electronics,151.49,US,mobile
T001012,2025-01-29 18:30:00,A0177,Amazon,Retail,60.07,US,online
T003284,2025-02-04 08:36:00,A0107,Netflix,Subscription,82.65,US,online
T004297,2025-05-21 08:43:00,A0023,Netflix,Subscription,203.44,MX,mobile
T001139,2025-05-26 09:13:00,A0188,Amazon,Retail,321.62,US,atm
T004059,2025-01-15 07:46:00,A0023,Amazon,Retail,237.79,US,in_store
T002341,2025-02-20 16:45:00,A0005,Walmart,Retail,31.62,US,atm
T003201,2025-01-22 14:04:00,A0095,Amazon,Retail,137.72,US,online
T000785,2025-04-21 20:46:00,A0106,Netflix,Subscription,245.32,US,in_store
T000368,2025-01-20 17:59:00,A0012,Uber,Travel,360.23,US,online
T001600,2025-05-12 19:09:00,A0133,Shell,Fuel,347.42,US,in_store
T004960,2025-01-15 12:49:00,A0024,BestBuy,Electronics,303.24,US,in_store
T000702,2025-04-13 12:42:00,A0071,Apple,Electronics,165.15,US,online
T004869,2025-04-20 16:58:00,A0115,Costco,Retail,209.8,US,mobile
T003328,2025-01-14 08:03:00,A0038,Costco,Retail,59.49,US,online
T003721,2025-05-01 20:02:00,A0082,BestBuy,Electronics,30.09,US,in_store
T002357,2025-01-14 12:29:00,A0096,Apple,Electronics,355.38,US,online
T004372,2025-01-17 18:40:00,A0176,Uber,Travel,388.44,US,in_store
T001561,2025-04-03 19:27:00,A0016,Target,Retail,89.3,US,online
T002591,2025-02-13 10:22:00,A0092,Apple,Electronics,47.94,US,online
T001468,2025-01-31 09:25:00,A0059,Amazon,Retail,113.18,US,in_store
T003532,2025-02-25 15:48:00,A0085,Netflix,Subscription,272.12,US,mobile
T003630,2025-02-11 19:25:00,A0088,Shell,Fuel,78.66,US,online
T003722,2025-02-19 07:56:00,A0105,Delta Airlines,Travel,122.83,US,in_store
T002942,2025-05-03 15:48:00,A0061,BestBuy,Electronics,243.53,US,online
T002379,2025-03-20 10:31:00,A0031,Target,Retail,371.5,US,in_store
T000132,2025-04-03 16:48:00,A0133,Target,Retail,252.04,GB,online
T001173,2025-03-02 10:35:00,A0078,Amazon,Retail,399.71,US,atm
T002499,2025-01-03 19:01:00,A0009,Marriott,Travel,277.9,CA,online
T000641,2025-02-28 21:16:00,A0148,Apple,Electronics,158.27,US,mobile
T002247,2025-02-14 07:07:00,A0122,Walmart,Retail,291.3,US,atm
T001161,2025-02-09 18:44:00,A0043,Target,Retail,385.73,US,online
T005083,2025-05-14 19:02:00,A0125,Marriott,Travel,65.19,US,online
T003991,2025-03-04 10:28:00,A0199,Marriott,Travel,293.8,US,online
T004763,2025-01-27 17:58:00,A0120,Netflix,Subscription,279.89,US,in_store
T002854,2025-04-18 15:12:00,A0111,Uber,Travel,223.81,US,mobile
T004476,2025-03-06 15:51:00,A0101,Shell,Fuel,305.5,US,atm
T001806,2025-02-01 20:50:00,A0070,Apple,Electronics,263.83,US,atm
T003541,2025-03-24 21:49:00,A0108,Shell,Fuel,310.18,US,mobile
T003264,2025-04-09 20:53:00,A0028,Uber,Travel,311.39,DE,online
T002790,2025-01-19 14:05:00,A0030,Apple,Electronics,274.69,US,in_store
T002149,2025-04-21 09:28:00,A0133,Amazon,Retail,279.12,US,in_store
T003742,2025-04-28 13:53:00,A0043,Target,Retail,120.55,US,in_store
T001079,2025-04-22 10:31:00,A0094,Marriott,Travel,339.7,US,in_store
T003392,2025-05-18 20:14:00,A0159,Delta Airlines,Travel,59.1,US,atm
T000285,2025-04-14 12:02:00,A0196,Apple,Electronics,25.21,US,in_store
T004109,2025-01-03 07:29:00,A0188,Shell,Fuel,115.74,GB,in_store
T002724,2025-01-04 15:06:00,A0140,BestBuy,Electronics,269.73,US,online
T004662,2025-01-07 09:59:00,A0072,Walmart,Retail,110.88,US,online
T003310,2025-05-16 13:20:00,A0147,Uber,Travel,175.52,US,online
T004957,2025-04-11 12:03:00,A0198,BestBuy,Electronics,200.89,US,in_store
T002887,2025-03-08 12:02:00,A0010,Starbucks,Food,143.96,US,mobile
T004752,2025-04-15 14:20:00,A0145,Target,Retail,200.89,US,online
T002160,2025-02-13 19:01:00,A0123,Delta Airlines,Travel,276.81,US,mobile
T004796,2025-04-05 12:20:00,A0066,Netflix,Subscription,234.35,US,in_store
T003481,2025-05-19 09:49:00,A0190,Netflix,Subscription,281.29,US,mobile
T002238,2025-03-19 12:29:00,A0152,Amazon,Retail,260.89,US,atm
T001935,2025-03-04 14:46:00,A0041,Walmart,Retail,7.72,US,mobile
T000313,2025-04-28 17:16:00,A0188,BestBuy,Electronics,78.55,DE,atm
T002103,2025-05-08 10:38:00,A0026,Starbucks,Food,398.95,US,mobile
T000838,2025-04-26 08:46:00,A0166,Costco,Retail,49.7,MX,in_store
T004093,2025-01-04 19:31:00,A0011,Marriott,Travel,82.25,US,atm
T000618,2025-05-17 11:56:00,A0173,Apple,Electronics,324.28,US,online
T004433,2025-05-26 13:28:00,A0183,Walmart,Retail,380.52,US,online
T000349,2025-02-22 13:58:00,A0063,Shell,Fuel,223.07,MX,atm
T003335,2025-03-26 08:35:00,A0142,Walmart,Retail,276.21,US,in_store
T002090,2025-01-17 15:26:00,A0158,BestBuy,Electronics,68.68,US,in_store
T002074,2025-03-04 15:09:00,A0011,Marriott,Travel,397.11,US,mobile
T000110,2025-02-28 12:11:00,A0076,Uber,Travel,10.59,US,in_store
T004917,2025-01-16 08:08:00,A0053,BestBuy,Electronics,23.64,US,online
T002246,2025-02-06 11:29:00,A0078,Shell,Fuel,52.53,US,online
T003318,2025-05-29 17:34:00,A0190,Delta Airlines,Travel,292.07,DE,online
T004707,2025-02-08 07:45:00,A0177,BestBuy,Electronics,110.25,US,in_store
T004251,2025-01-12 11:29:00,A0085,Walmart,Retail,322.01,US,in_store
T000049,2025-01-28 18:35:00,A0030,Starbucks,Food,112.58,US,in_store
T003459,2025-03-27 19:38:00,A0114,Apple,Electronics,128.66,US,in_store
T005084,2025-04-17 21:00:00,A0132,Apple,Electronics,228.4,US,online
T000402,2025-02-12 21:47:00,A0174,Shell,Fuel,208.82,US,in_store
T001155,2025-05-17 07:00:00,A0112,Apple,Electronics,51.09,US,mobile
T000534,2025-05-18 21:22:00,A0074,Apple,Electronics,109.33,US,mobile
T004929,2025-01-16 14:57:00,A0037,Marriott,Travel,310.59,US,in_store
T001338,2025-04-10 17:59:00,A0162,BestBuy,Electronics,57.51,US,atm
T002817,2025-01-20 08:08:00,A0051,Shell,Fuel,65.89,US,mobile
T000253,2025-04-24 12:28:00,A0043,Amazon,Retail,292.09,US,mobile
T002944,2025-03-12 12:56:00,A0131,Uber,Travel,347.16,US,online
T002361,2025-05-14 12:01:00,A0162,Target,Retail,164.35,US,mobile
T000397,2025-04-06 13:29:00,A0115,Marriott,Travel,237.49,US,in_store
T004486,2025-03-18 19:30:00,A0149,Apple,Electronics,333.62,US,online
T003315,2025-05-14 16:49:00,A0133,Delta Airlines,Travel,399.71,US,atm
T000883,2025-04-09 07:05:00,A0028,Apple,Electronics,159.81,US,mobile
T003170,2025-04-13 18:37:00,A0053,Costco,Retail,324.33,US,mobile
T000166,2025-03-01 14:01:00,A0028,Delta Airlines,Travel,354.27,US,atm
T000864,2025-02-19 12:53:00,A0045,Netflix,Subscription,369.3,US,mobile
T004862,2025-02-04 07:21:00,A0170,Netflix,Subscription,122.12,US,mobile
T003527,2025-01-10 10:45:00,A0087,Shell,Fuel,180.46,US,in_store
T002793,2025-04-06 16:03:00,A0084,Apple,Electronics,196.78,US,online
T002331,2025-03-16 21:14:00,A0184,Apple,Electronics,242.17,US,online
T000943,2025-04-14 20:46:00,A0112,Walmart,Retail,218.35,US,mobile
T001812,2025-03-13 14:18:00,A0144,BestBuy,Electronics,215.62,US,mobile
T001235,2025-03-26 07:58:00,A0118,BestBuy,Electronics,57.82,US,mobile
T003516,2025-03-10 09:05:00,A0190,Apple,Electronics,291.81,US,atm
T004574,2025-04-13 07:08:00,A0019,Shell,Fuel,329.49,US,online
T001112,2025-04-05 09:25:00,A0107,Apple,Electronics,378.18,US,in_store
T004058,2025-02-25 13:38:00,A0108,BestBuy,Electronics,306.24,US,online
T004162,2025-05-18 17:35:00,A0061,Starbucks,Food,147.86,US,in_store
T002926,2025-01-25 08:00:00,A0085,BestBuy,Electronics,316.04,US,online
T002659,2025-05-31 16:45:00,A0099,Target,Retail,61.91,US,in_store
T001492,2025-03-17 12:03:00,A0105,Marriott,Travel,327.29,US,in_store
T000486,2025-04-24 19:08:00,A0166,Walmart,Retail,362.51,US,online
T001603,2025-05-07 13:32:00,A0120,Apple,Electronics,369.33,US,in_store
T004683,2025-01-14 07:03:00,A0100,Marriott,Travel,36.68,US,online
T001885,2025-03-25 21:18:00,A0198,Marriott,Travel,293.5,US,mobile
T001080,2025-03-09 07:19:00,A0074,Delta Airlines,Travel,163.8,US,online
T000995,2025-01-17 12:22:00,A0014,Target,Retail,197.06,US,online
T000671,2025-02-27 15:25:00,A0097,Netflix,Subscription,327.81,US,mobile
T004441,2025-03-20 13:48:00,A0086,Netflix,Subscription,183.34,US,atm
T000520,2025-01-25 07:13:00,A0052,Starbucks,Food,257.09,US,mobile
T000394,2025-03-05 17:42:00,A0028,Netflix,Subscription,70.7,US,online
T003536,2025-03-09 17:54:00,A0016,Costco,Retail,171.92,US,online
T004542,2025-04-29 14:10:00,A0182,Uber,Travel,122.34,US,atm
T000966,2025-01-31 15:06:00,A0050,Delta Airlines,Travel,147.95,GB,in_store
T000903,2025-03-23 18:24:00,A0161,Apple,Electronics,155.72,US,in_store
T001377,2025-02-24 15:50:00,A0025,Amazon,Retail,153.39,US,atm
T000765,2025-01-16 07:22:00,A0195,Marriott,Travel,65.8,US,online
T004616,2025-04-11 10:00:00,A0025,Shell,Fuel,320.34,DE,atm
T002606,2025-05-03 18:03:00,A0117,Apple,Electronics,345.06,US,in_store
T003518,2025-01-20 11:43:00,A0137,Apple,Electronics,24.71,US,mobile
T000602,2025-05-24 10:41:00,A0131,Marriott,Travel,185.2,US,atm
T003036,2025-04-14 14:34:00,A0159,Delta Airlines,Travel,260.67,US,online
T003182,2025-04-25 16:03:00,A0111,Costco,Retail,305.66,CA,online
T000488,2025-01-08 13:43:00,A0128,Apple,Electronics,73.26,US,in_store
T001881,2025-02-22 13:05:00,A0061,BestBuy,Electronics,101.67,US,atm
T000269,2025-01-15 20:07:00,A0129,Costco,Retail,65.44,US,in_store
T001076,2025-05-01 16:01:00,A0006,Netflix,Subscription,154.21,US,atm
T003396,2025-03-16 13:45:00,A0179,Shell,Fuel,96.28,US,atm
T001486,2025-03-11 10:11:00,A0156,Amazon,Retail,68.2,US,online
T000560,2025-03-27 17:05:00,A0175,Shell,Fuel,145.34,MX,atm
T000871,2025-04-26 20:19:00,A0096,Shell,Fuel,212.41,US,online
T005093,2025-04-22 14:02:00,A0173,Costco,Retail,230.63,US,online
T003184,2025-01-29 17:48:00,A0008,Shell,Fuel,173.95,US,online
T005059,2025-03-28 22:07:00,A0167,Netflix,Subscription,642.77,US,online
T004432,2025-02-28 13:25:00,A0158,Marriott,Travel,369.54,US,mobile
T004804,2025-04-29 07:58:00,A0111,BestBuy,Electronics,31.52,US,online
T003678,2025-03-18 14:42:00,A0055,Walmart,Retail,243.84,US,in_store
T001266,2025-04-05 07:33:00,A0075,Delta Airlines,Travel,264.78,US,online
T003157,2025-01-30 14:58:00,A0105,Costco,Retail,279.44,US,mobile
T002858,2025-04-27 20:04:00,A0093,Delta Airlines,Travel,184.52,US,online
T004553,2025-04-28 09:52:00,A0193,Starbucks,Food,161.42,US,atm
T004278,2025-04-05 14:43:00,A0057,Apple,Electronics,40.07,US,online
T002976,2025-04-04 20:42:00,A0021,Costco,Retail,202.31,US,atm
T004064,2025-04-17 13:10:00,A0063,Costco,Retail,366.9,US,online
T003860,2025-05-22 21:45:00,A0124,Amazon,Retail,224.59,US,mobile
T000599,2025-04-24 19:36:00,A0118,Target,Retail,39.77,US,mobile
T003916,2025-04-29 15:15:00,A0154,Amazon,Retail,55.41,US,online
T001747,2025-05-10 14:07:00,A0020,Costco,Retail,35.59,US,atm
T000428,2025-01-24 13:32:00,A0020,BestBuy,Electronics,114.9,US,mobile
T000339,2025-03-19 21:09:00,A0061,Marriott,Travel,210.89,US,atm
T004749,2025-05-01 08:53:00,A0181,Costco,Retail,175.55,US,in_store
T000345,2025-03-26 17:05:00,A0053,Target,Retail,339.62,US,in_store
T001105,2025-05-06 14:47:00,A0021,Apple,Electronics,370.97,US,mobile
T001337,2025-05-18 19:59:00,A0027,Delta Airlines,Travel,72.73,US,atm
T002892,2025-05-19 15:12:00,A0077,Costco,Retail,124.94,US,atm
T002290,2025-04-16 08:35:00,A0150,Amazon,Retail,96.74,US,atm
T001596,2025-04-18 13:56:00,A0054,Netflix,Subscription,255.25,US,in_store
T000609,2025-04-26 14:42:00,A0198,Delta Airlines,Travel,382.7,US,mobile
T001151,2025-03-07 16:05:00,A0091,Costco,Retail,11.43,DE,mobile
T005054,2025-03-28 22:02:00,A0167,Uber,Travel,538.0,US,online
T001803,2025-04-16 10:35:00,A0085,BestBuy,Electronics,103.24,US,online
T001260,2025-04-09 14:50:00,A0117,Apple,Electronics,352.58,US,online
T000686,2025-04-08 12:37:00,A0124,BestBuy,Electronics,363.6,US,online
T003462,2025-03-10 17:05:00,A0047,Delta Airlines,Travel,85.24,US,atm
T000831,2025-02-21 19:13:00,A0191,Walmart,Retail,74.95,US,mobile
T004018,2025-03-31 13:20:00,A0151,Target,Retail,283.71,US,atm
T000142,2025-04-16 07:20:00,A0199,BestBuy,Electronics,191.83,US,mobile
T002996,2025-04-29 14:08:00,A0114,Delta Airlines,Travel,174.84,US,atm
T004576,2025-05-31 11:40:00,A0014,BestBuy,Electronics,25.67,US,in_store
T001335,2025-04-10 10:29:00,A0004,Shell,Fuel,31.08,US,atm
T004875,2025-02-09 20:17:00,A0029,Costco,Retail,118.11,US,mobile
T001210,2025-05-27 11:36:00,A0124,Target,Retail,360.61,US,mobile
T002550,2025-01-07 13:09:00,A0196,Marriott,Travel,184.97,US,in_store
T000094,2025-05-28 17:58:00,A0080,Apple,Electronics,161.68,US,in_store
T004394,2025-04-05 13:30:00,A0056,Marriott,Travel,207.24,US,mobile
T000064,2025-01-12 18:27:00,A0066,Amazon,Retail,210.37,US,in_store
T003957,2025-05-17 19:04:00,A0120,Uber,Travel,135.94,US,mobile
T000630,2025-02-26 09:33:00,A0135,Walmart,Retail,315.57,US,mobile
T004035,2025-04-20 21:07:00,A0194,Marriott,Travel,233.95,US,mobile
T003548,2025-05-12 18:49:00,A0144,Uber,Travel,265.18,US,online
T004110,2025-01-12 18:29:00,A0146,Target,Retail,94.77,DE,mobile
T000668,2025-04-27 21:02:00,A0121,Amazon,Retail,392.33,US,online
T003589,2025-01-18 19:19:00,A0158,BestBuy,Electronics,262.56,US,online
T004361,2025-04-11 14:00:00,A0169,Costco,Retail,106.06,US,mobile
T003374,2025-01-03 17:07:00,A0094,Walmart,Retail,86.38,US,atm
T001824,2025-05-15 14:08:00,A0044,BestBuy,Electronics,350.31,US,mobile
T000778,2025-01-16 12:35:00,A0164,BestBuy,Electronics,375.61,US,atm
T000990,2025-01-21 16:56:00,A0176,Netflix,Subscription,295.63,US,atm
T002753,2025-05-11 07:52:00,A0170,Walmart,Retail,388.35,US,atm
T002919,2025-03-10 18:43:00,A0129,Starbucks,Food,288.08,US,in_store
T000297,2025-01-16 18:08:00,A0189,Costco,Retail,86.9,US,mobile
T003062,2025-02-25 16:42:00,A0186,Costco,Retail,258.81,US,atm
T003287,2025-04-29 08:12:00,A0056,Amazon,Retail,263.47,US,in_store
T001554,2025-01-15 18:50:00,A0159,Shell,Fuel,281.4,US,online
T000950,2025-04-10 08:50:00,A0126,Costco,Retail,259.15,US,mobile
T002419,2025-01-30 19:28:00,A0046,Netflix,Subscription,52.97,DE,mobile
T000743,2025-05-17 11:58:00,A0135,Netflix,Subscription,195.25,US,online
T003153,2025-02-17 14:47:00,A0090,Delta Airlines,Travel,292.69,US,mobile
T000449,2025-03-23 09:24:00,A0093,Delta Airlines,Travel,171.24,US,in_store
T004579,2025-05-13 08:37:00,A0125,Walmart,Retail,338.57,GB,atm
T003071,2025-05-01 07:35:00,A0161,Apple,Electronics,388.49,US,in_store
T000759,2025-02-23 14:24:00,A0134,Marriott,Travel,384.68,US,in_store
T004440,2025-01-22 21:06:00,A0097,Delta Airlines,Travel,198.25,US,in_store
T000776,2025-05-06 15:39:00,A0169,BestBuy,Electronics,238.17,US,atm
T003815,2025-05-31 14:33:00,A0179,Costco,Retail,189.29,US,in_store
T002899,2025-04-29 19:32:00,A0026,Apple,Electronics,42.43,US,online
T002411,2025-05-09 20:46:00,A0005,Marriott,Travel,316.26,DE,online
T001511,2025-04-20 15:21:00,A0046,Delta Airlines,Travel,76.64,US,in_store
T000562,2025-05-30 16:39:00,A0014,Walmart,Retail,191.53,US,online
T000256,2025-03-02 19:41:00,A0018,Netflix,Subscription,148.05,US,online
T000868,2025-03-13 20:01:00,A0039,Netflix,Subscription,393.53,US,in_store
T000095,2025-03-04 08:44:00,A0020,Uber,Travel,340.87,US,online
T004249,2025-04-20 19:57:00,A0146,Delta Airlines,Travel,350.08,US,atm
T001582,2025-04-17 17:15:00,A0079,Amazon,Retail,360.57,US,online
T003948,2025-01-09 10:07:00,A0193,Shell,Fuel,236.62,US,online
T002775,2025-05-02 18:26:00,A0055,Amazon,Retail,139.98,US,online
T001371,2025-03-15 18:27:00,A0168,Starbucks,Food,74.68,US,in_store
T000213,2025-01-15 12:32:00,A0071,Walmart,Retail,127.61,US,online
T000003,2025-05-10 16:01:00,A0060,Costco,Retail,83.54,US,mobile
T002586,2025-04-25 21:08:00,A0183,BestBuy,Electronics,164.27,US,in_store
T002571,2025-05-25 16:27:00,A0178,Netflix,Subscription,16.83,US,mobile
T004224,2025-02-03 17:10:00,A0079,Marriott,Travel,72.44,US,online
T001831,2025-04-28 12:06:00,A0138,Amazon,Retail,251.86,US,in_store
T000823,2025-05-25 21:10:00,A0168,Netflix,Subscription,31.79,US,online
T000011,2025-02-13 15:46:00,A0156,Shell,Fuel,69.54,US,atm
T003286,2025-03-04 09:21:00,A0127,Delta Airlines,Travel,386.45,US,mobile
T003408,2025-01-26 14:20:00,A0056,Uber,Travel,391.59,US,online
T004455,2025-01-13 17:19:00,A0144,Walmart,Retail,202.9,US,in_store
T001074,2025-01-17 20:19:00,A0177,Walmart,Retail,138.35,US,atm
T003055,2025-03-22 16:18:00,A0021,Costco,Retail,250.2,US,atm
T001776,2025-01-28 21:14:00,A0067,Marriott,Travel,115.06,US,in_store
T001761,2025-03-08 19:18:00,A0156,Netflix,Subscription,128.97,US,mobile
T001816,2025-05-24 09:13:00,A0025,Target,Retail,239.4,US,in_store
T004270,2025-04-09 10:20:00,A0172,Costco,Retail,143.56,US,online
T002572,2025-04-02 15:43:00,A0152,Starbucks,Food,176.49,US,online
T001005,2025-02-11 18:34:00,A0043,Uber,Travel,77.0,US,in_store
T002480,2025-01-25 17:36:00,A0007,Amazon,Retail,268.58,US,in_store
T000348,2025-01-04 10:59:00,A0078,Shell,Fuel,385.02,US,mobile
T000364,2025-03-04 18:14:00,A0145,Uber,Travel,275.2,US,online
T004613,2025-03-17 16:02:00,A0088,Costco,Retail,397.44,CA,online
T000575,2025-03-07 19:34:00,A0164,Delta Airlines,Travel,24.19,US,online
T004119,2025-02-17 21:29:00,A0092,Uber,Travel,63.85,US,mobile
T003349,2025-05-11 13:54:00,A0001,Apple,Electronics,282.92,US,atm
T004516,2025-03-18 08:27:00,A0080,Amazon,Retail,97.61,GB,in_store
T002877,2025-05-24 17:44:00,A0090,Amazon,Retail,41.13,US,atm
T002565,2025-01-28 09:53:00,A0049,Shell,Fuel,121.3,US,mobile
T003319,2025-01-03 15:50:00,A0100,BestBuy,Electronics,138.05,US,online
T001948,2025-02-24 16:19:00,A0008,Starbucks,Food,235.77,US,atm
T000363,2025-03-10 19:25:00,A0091,Walmart,Retail,152.36,US,mobile
T002770,2025-05-17 13:34:00,A0069,BestBuy,Electronics,203.21,US,online
T000949,2025-04-23 18:12:00,A0162,Starbucks,Food,19.1,US,in_store
T001454,2025-04-21 14:12:00,A0026,Walmart,Retail,213.99,US,mobile
T005069,2025-05-21 05:05:00,A0008,Netflix,Subscription,578.8,US,online
T000665,2025-02-10 09:36:00,A0115,Delta Airlines,Travel,265.47,US,mobile
T004856,2025-01-30 08:44:00,A0025,Amazon,Retail,364.86,US,atm
T000672,2025-01-02 15:56:00,A0124,Starbucks,Food,178.76,US,online
T001004,2025-04-06 11:49:00,A0124,Amazon,Retail,63.59,US,mobile
T003526,2025-03-16 10:23:00,A0006,Apple,Electronics,302.4,US,online
T003765,2025-03-19 16:57:00,A0170,Target,Retail,368.92,US,atm
T002263,2025-02-28 17:45:00,A0190,Netflix,Subscription,198.23,US,atm
T003616,2025-03-14 07:37:00,A0013,Shell,Fuel,357.44,US,atm
T002127,2025-01-29 10:02:00,A0028,Apple,Electronics,77.87,GB,online
T003297,2025-01-25 10:59:00,A0081,Starbucks,Food,190.78,US,mobile
T003908,2025-01-29 08:22:00,A0129,Marriott,Travel,68.73,US,in_store
T001737,2025-03-12 08:15:00,A0175,Costco,Retail,121.85,US,mobile
T000481,2025-01-24 18:15:00,A0038,Netflix,Subscription,161.52,US,atm
T002455,2025-03-04 14:31:00,A0171,Uber,Travel,177.79,US,online
T000006,2025-03-30 16:16:00,A0092,Amazon,Retail,293.24,US,online
T003500,2025-04-24 20:27:00,A0024,Marriott,Travel,62.91,US,online
T003128,2025-03-17 15:42:00,A0096,Walmart,Retail,285.94,US,in_store
T002382,2025-05-19 13:31:00,A0039,Walmart,Retail,374.08,US,in_store
T003438,2025-02-26 16:02:00,A0139,BestBuy,Electronics,162.09,US,atm
T004923,2025-04-28 08:20:00,A0131,Apple,Electronics,149.5,US,atm
T002705,2025-01-03 16:42:00,A0087,Netflix,Subscription,392.88,US,atm
T001717,2025-05-04 07:24:00,A0142,Apple,Electronics,279.7,US,mobile
T000369,2025-03-22 07:13:00,A0046,Delta Airlines,Travel,61.96,US,mobile
T004473,2025-05-07 21:31:00,A0026,Walmart,Retail,343.52,US,online
T004269,2025-03-15 16:15:00,A0133,BestBuy,Electronics,165.85,US,online
T005024,2025-03-14 02:08:00,A0144,Apple,Electronics,699.06,US,online
T000521,2025-03-20 19:25:00,A0030,Target,Retail,198.19,US,atm
T003702,2025-02-11 09:58:00,A0190,Shell,Fuel,327.57,US,atm
T004133,2025-05-19 09:58:00,A0185,Starbucks,Food,366.18,US,mobile
T001927,2025-04-29 17:11:00,A0196,Marriott,Travel,363.38,US,mobile
T000264,2025-02-21 19:08:00,A0032,Shell,Fuel,317.2,US,atm
T003186,2025-01-12 13:30:00,A0154,Uber,Travel,267.78,US,mobile
T002914,2025-02-14 15:22:00,A0158,Netflix,Subscription,305.19,US,atm
T000837,2025-04-19 11:39:00,A0043,Amazon,Retail,277.53,US,mobile
T001530,2025-04-12 20:27:00,A0003,Marriott,Travel,379.56,US,atm
T000919,2025-03-07 07:47:00,A0071,Walmart,Retail,243.51,US,in_store
T001449,2025-04-08 09:23:00,A0127,Walmart,Retail,138.49,US,in_store
T002704,2025-01-24 11:01:00,A0026,Costco,Retail,274.8,US,in_store
T003324,2025-05-27 19:19:00,A0195,Starbucks,Food,389.25,US,atm
T004329,2025-05-21 11:42:00,A0093,Netflix,Subscription,131.31,US,mobile
T002058,2025-03-03 12:37:00,A0031,Marriott,Travel,285.18,US,mobile
T004930,2025-01-20 13:41:00,A0199,Netflix,Subscription,43.03,US,in_store
T001903,2025-02-07 17:31:00,A0033,Apple,Electronics,357.62,US,mobile
T002443,2025-02-25 18:45:00,A0121,Starbucks,Food,71.9,US,in_store
T001822,2025-01-20 13:08:00,A0180,Amazon,Retail,69.03,MX,online
T002173,2025-03-23 20:32:00,A0171,Walmart,Retail,14.09,US,online
T001355,2025-03-18 16:34:00,A0022,Starbucks,Food,223.38,US,atm
T003222,2025-04-28 16:23:00,A0159,Target,Retail,72.43,US,mobile
T002298,2025-02-19 17:46:00,A0008,Netflix,Subscription,159.36,US,in_store
T003195,2025-01-15 07:47:00,A0043,Shell,Fuel,160.78,US,in_store
T004675,2025-04-21 07:23:00,A0009,Netflix,Subscription,225.89,US,mobile
T004191,2025-01-25 08:34:00,A0149,Target,Retail,72.28,US,in_store
T000370,2025-03-18 09:36:00,A0020,Shell,Fuel,228.84,US,atm
T001964,2025-04-15 16:17:00,A0065,Target,Retail,254.3,US,mobile
T001228,2025-04-06 15:10:00,A0037,Shell,Fuel,217.33,US,mobile
T000474,2025-04-16 18:57:00,A0134,Netflix,Subscription,186.09,MX,online
T002650,2025-04-24 11:19:00,A0138,Starbucks,Food,59.6,US,atm
T001293,2025-01-19 12:02:00,A0031,Costco,Retail,84.12,US,atm
T003237,2025-05-28 10:50:00,A0032,Delta Airlines,Travel,36.53,US,in_store
T000333,2025-01-06 11:29:00,A0001,Marriott,Travel,289.04,US,mobile
T004124,2025-03-22 19:43:00,A0092,Shell,Fuel,277.01,US,online
T001756,2025-05-15 15:28:00,A0169,Netflix,Subscription,111.33,US,atm
T002613,2025-04-21 16:38:00,A0061,Costco,Retail,119.08,US,online
T004163,2025-05-21 18:12:00,A0009,Marriott,Travel,293.83,CA,mobile
T004947,2025-05-15 16:03:00,A0042,Costco,Retail,220.29,US,online
T000356,2025-02-13 18:50:00,A0118,Netflix,Subscription,71.86,CA,mobile
T002907,2025-03-14 07:53:00,A0113,Target,Retail,44.46,US,in_store
T002163,2025-04-11 21:09:00,A0174,Walmart,Retail,397.19,US,in_store
T002012,2025-03-24 07:09:00,A0187,Shell,Fuel,75.06,US,in_store
T002241,2025-05-03 15:38:00,A0126,Uber,Travel,319.03,US,in_store
T003646,2025-04-28 19:23:00,A0197,Delta Airlines,Travel,189.66,US,atm
T001937,2025-05-17 18:01:00,A0184,Target,Retail,194.92,CA,online
T004117,2025-01-21 19:46:00,A0049,BestBuy,Electronics,362.73,US,in_store
T004422,2025-04-28 12:39:00,A0020,Marriott,Travel,17.34,US,online
T004331,2025-01-26 09:26:00,A0153,Delta Airlines,Travel,343.79,US,atm
T000742,2025-05-19 09:37:00,A0035,Delta Airlines,Travel,185.33,MX,mobile
T003626,2025-01-11 15:46:00,A0125,Delta Airlines,Travel,225.56,US,in_store
T003682,2025-01-08 07:45:00,A0032,Apple,Electronics,316.5,US,in_store
T002482,2025-03-17 14:03:00,A0034,Marriott,Travel,182.54,US,in_store
T004443,2025-01-20 08:33:00,A0074,Walmart,Retail,319.93,US,atm
T003625,2025-03-09 20:01:00,A0077,Costco,Retail,363.61,US,mobile
T001568,2025-03-23 07:09:00,A0083,Target,Retail,373.86,US,atm
T004532,2025-02-03 12:04:00,A0008,Delta Airlines,Travel,56.62,US,in_store
T000720,2025-02-23 13:37:00,A0173,Walmart,Retail,133.55,US,atm
T002825,2025-01-27 15:04:00,A0180,BestBuy,Electronics,349.67,US,mobile
T003578,2025-05-05 21:54:00,A0146,Marriott,Travel,362.51,US,online
T003187,2025-02-12 11:02:00,A0096,Apple,Electronics,61.0,MX,in_store
T002718,2025-04-26 12:27:00,A0145,Uber,Travel,251.05,US,mobile
T000246,2025-03-17 10:02:00,A0010,Shell,Fuel,354.89,US,atm
T004691,2025-02-05 09:04:00,A0018,Costco,Retail,221.05,US,online
T004106,2025-03-04 20:46:00,A0077,Apple,Electronics,398.74,US,atm
T001072,2025-03-29 13:06:00,A0196,Apple,Electronics,141.33,US,mobile
T002668,2025-03-08 18:23:00,A0083,Costco,Retail,252.96,US,in_store
T000467,2025-01-18 21:29:00,A0103,Uber,Travel,310.54,US,atm
T004499,2025-02-21 09:14:00,A0074,Shell,Fuel,275.34,MX,in_store
T003609,2025-01-20 19:48:00,A0083,Delta Airlines,Travel,33.16,US,online
T004421,2025-04-29 07:12:00,A0032,Delta Airlines,Travel,330.74,US,online
T001916,2025-05-17 18:10:00,A0054,Marriott,Travel,159.07,US,online
T004982,2025-04-08 21:04:00,A0180,Walmart,Retail,168.56,US,online
T004045,2025-01-08 15:02:00,A0003,Starbucks,Food,163.52,US,in_store
T002089,2025-01-14 18:48:00,A0002,Netflix,Subscription,237.04,MX,online
T002459,2025-02-27 14:12:00,A0078,BestBuy,Electronics,346.22,US,mobile
T004708,2025-02-13 08:26:00,A0120,Starbucks,Food,355.1,US,mobile
T003567,2025-02-11 17:56:00,A0077,Netflix,Subscription,89.91,US,online
T003429,2025-05-22 10:02:00,A0148,Netflix,Subscription,74.41,US,mobile
T002228,2025-04-10 19:40:00,A0083,Marriott,Travel,161.34,US,atm
T002023,2025-02-26 15:08:00,A0033,Starbucks,Food,94.09,US,online
T004021,2025-05-24 07:04:00,A0086,Marriott,Travel,135.45,US,mobile
T002868,2025-01-27 20:35:00,A0034,Netflix,Subscription,274.0,US,mobile
T002340,2025-02-15 11:35:00,A0147,Target,Retail,377.1,US,in_store
T000119,2025-01-01 13:28:00,A0041,BestBuy,Electronics,239.56,US,online
T000881,2025-02-06 18:51:00,A0070,Uber,Travel,231.76,US,online
T004582,2025-03-22 12:31:00,A0194,Walmart,Retail,358.18,US,mobile
T002997,2025-02-18 10:29:00,A0105,Amazon,Retail,49.03,US,online
T002398,2025-03-25 18:45:00,A0035,Apple,Electronics,265.07,CA,in_store
T003399,2025-05-30 19:27:00,A0130,Walmart,Retail,131.42,US,atm
T000793,2025-03-18 07:46:00,A0153,Delta Airlines,Travel,155.71,MX,online
T004061,2025-05-15 17:14:00,A0045,Netflix,Subscription,281.11,US,online
T001621,2025-01-27 07:14:00,A0096,Amazon,Retail,331.06,US,online
T000191,2025-05-04 10:54:00,A0040,Walmart,Retail,143.3,US,atm
T000478,2025-01-28 09:28:00,A0040,Target,Retail,129.04,US,atm
T003529,2025-05-01 18:50:00,A0104,Walmart,Retail,221.46,US,in_store
T003968,2025-05-12 12:26:00,A0166,Shell,Fuel,365.09,US,online
T000749,2025-01-21 13:40:00,A0068,Shell,Fuel,209.06,US,atm
T002289,2025-05-20 12:35:00,A0115,Uber,Travel,193.76,US,in_store
T002975,2025-03-04 11:12:00,A0058,Amazon,Retail,324.52,US,online
T002928,2025-03-06 10:00:00,A0131,Starbucks,Food,355.13,US,online
T004212,2025-02-17 12:35:00,A0154,Walmart,Retail,253.59,US,mobile
T003843,2025-04-05 20:21:00,A0104,Delta Airlines,Travel,339.59,US,mobile
T001620,2025-01-13 13:19:00,A0127,BestBuy,Electronics,393.67,US,online
T004678,2025-03-09 13:19:00,A0095,Apple,Electronics,87.41,US,mobile
T004569,2025-04-27 10:15:00,A0086,Costco,Retail,43.95,US,in_store
T003665,2025-03-18 20:45:00,A0112,Apple,Electronics,234.39,US,atm
T002493,2025-05-13 09:34:00,A0014,Shell,Fuel,320.58,US,online
T002536,2025-02-17 10:52:00,A0003,Amazon,Retail,398.92,US,online
T003387,2025-04-24 17:43:00,A0100,Netflix,Subscription,31.19,US,online
T001264,2025-01-16 09:19:00,A0012,Delta Airlines,Travel,177.16,US,atm
T001703,2025-04-15 16:34:00,A0093,Walmart,Retail,139.58,US,mobile
T003624,2025-04-17 09:12:00,A0088,Amazon,Retail,373.35,US,mobile
T004969,2025-02-13 10:29:00,A0160,Netflix,Subscription,241.91,US,mobile
T003247,2025-05-05 16:11:00,A0150,Netflix,Subscription,141.95,US,online
T003530,2025-02-16 13:26:00,A0189,Target,Retail,364.93,US,atm
T004255,2025-01-05 13:44:00,A0117,Walmart,Retail,185.74,US,online
T004496,2025-05-31 09:56:00,A0120,BestBuy,Electronics,324.12,US,online
T002477,2025-02-12 17:48:00,A0139,BestBuy,Electronics,292.82,US,in_store
T000086,2025-02-12 20:29:00,A0186,Starbucks,Food,392.39,US,online
T000274,2025-02-23 19:36:00,A0167,Apple,Electronics,249.15,US,mobile
T005043,2025-04-17 03:03:00,A0030,Delta Airlines,Travel,877.49,US,online
T004754,2025-03-20 19:21:00,A0182,Target,Retail,167.61,US,mobile
T000787,2025-01-01 18:02:00,A0102,Uber,Travel,240.33,US,in_store
T000042,2025-01-31 21:36:00,A0104,Shell,Fuel,233.67,US,online
T003207,2025-05-11 15:01:00,A0126,Shell,Fuel,82.12,US,in_store
T003491,2025-05-29 12:27:00,A0014,Shell,Fuel,78.12,US,atm
T000536,2025-04-12 21:56:00,A0010,Netflix,Subscription,277.75,US,mobile
T001752,2025-05-11 19:37:00,A0131,BestBuy,Electronics,140.9,US,mobile
T004623,2025-02-02 10:02:00,A0043,Starbucks,Food,93.66,US,online
T002195,2025-01-25 07:25:00,A0056,Target,Retail,64.21,US,in_store
T003703,2025-03-18 09:52:00,A0128,Marriott,Travel,68.84,US,mobile
T004137,2025-02-07 12:38:00,A0015,Shell,Fuel,163.29,US,online
T002336,2025-04-08 12:03:00,A0010,Shell,Fuel,40.54,US,online
T001676,2025-01-22 07:17:00,A0014,Marriott,Travel,47.28,US,online
T001393,2025-04-08 17:41:00,A0184,Costco,Retail,386.67,US,in_store
T001523,2025-02-23 20:14:00,A0063,Amazon,Retail,300.06,US,in_store
T001679,2025-02-09 11:40:00,A0058,Uber,Travel,289.06,US,mobile
T003779,2025-01-17 13:13:00,A0006,Starbucks,Food,247.2,US,in_store
T003200,2025-03-22 08:25:00,A0183,Walmart,Retail,391.11,US,mobile
T002875,2025-03-09 18:28:00,A0042,Shell,Fuel,40.59,US,online
T001375,2025-03-12 08:21:00,A0032,Amazon,Retail,236.33,US,mobile
T001815,2025-05-25 08:41:00,A0123,Uber,Travel,136.31,US,online
T003081,2025-03-19 10:53:00,A0010,Netflix,Subscription,28.09,US,atm
T003115,2025-04-25 14:16:00,A0175,Delta Airlines,Travel,282.29,US,mobile
T001672,2025-04-01 13:29:00,A0120,Apple,Electronics,384.77,US,online
T003832,2025-02-03 09:42:00,A0151,Starbucks,Food,23.64,US,in_store
T001200,2025-01-26 09:45:00,A0117,Apple,Electronics,332.23,US,online
T000129,2025-05-07 11:42:00,A0106,Apple,Electronics,326.36,US,online
T000746,2025-05-03 11:00:00,A0194,Apple,Electronics,320.2,US,in_store
T001226,2025-03-10 15:37:00,A0005,Marriott,Travel,45.1,GB,in_store
T000439,2025-04-19 18:08:00,A0031,Target,Retail,32.98,US,online
T000257,2025-02-09 17:28:00,A0155,Netflix,Subscription,151.95,GB,online
T001780,2025-04-21 14:16:00,A0114,Walmart,Retail,346.48,US,online
T004019,2025-04-04 10:15:00,A0064,Delta Airlines,Travel,264.17,DE,in_store
T004207,2025-01-12 11:44:00,A0194,Delta Airlines,Travel,334.74,US,mobile
T000477,2025-04-26 11:14:00,A0082,Walmart,Retail,377.7,US,online
T003850,2025-04-10 14:59:00,A0052,Delta Airlines,Travel,64.54,US,atm
T000611,2025-02-15 18:37:00,A0131,Starbucks,Food,293.55,US,online
T001626,2025-04-25 17:07:00,A0164,Costco,Retail,213.4,US,mobile
T003015,2025-01-23 20:31:00,A0181,Marriott,Travel,318.53,US,mobile
T003568,2025-01-24 21:09:00,A0150,Shell,Fuel,186.12,US,online
T002968,2025-03-17 09:16:00,A0023,Shell,Fuel,315.4,US,in_store
T003398,2025-03-12 21:31:00,A0195,Apple,Electronics,107.53,US,mobile
T002343,2025-05-17 21:11:00,A0040,Shell,Fuel,315.83,US,in_store
T002625,2025-01-14 18:17:00,A0095,Amazon,Retail,267.11,US,mobile
T002850,2025-03-10 08:04:00,A0109,Amazon,Retail,362.47,US,atm
T004612,2025-04-06 20:18:00,A0036,Netflix,Subscription,131.89,US,online
T004558,2025-04-17 21:44:00,A0176,Target,Retail,316.07,US,atm
T001648,2025-04-01 14:37:00,A0153,Amazon,Retail,197.88,US,mobile
T000060,2025-02-19 13:21:00,A0007,Uber,Travel,346.42,DE,atm
T002368,2025-01-01 08:10:00,A0054,Amazon,Retail,109.88,US,online
T004887,2025-05-22 17:33:00,A0043,Starbucks,Food,138.74,US,in_store
T002760,2025-04-11 16:42:00,A0119,Target,Retail,267.51,US,atm
T002107,2025-01-24 17:41:00,A0134,Netflix,Subscription,365.19,US,mobile
T004888,2025-05-14 18:34:00,A0170,Apple,Electronics,175.95,US,atm
T001867,2025-04-22 12:41:00,A0180,Marriott,Travel,319.53,US,atm
T003397,2025-03-21 15:05:00,A0060,Walmart,Retail,6.24,US,online
T004693,2025-05-04 13:04:00,A0032,Marriott,Travel,253.73,US,in_store
T001687,2025-02-07 07:18:00,A0109,Target,Retail,52.45,US,online
T002417,2025-03-15 11:34:00,A0025,BestBuy,Electronics,221.73,US,online
T003619,2025-04-08 13:49:00,A0151,Starbucks,Food,308.04,DE,online
T001983,2025-01-29 14:08:00,A0073,BestBuy,Electronics,34.23,MX,mobile
T003281,2025-05-15 13:06:00,A0098,BestBuy,Electronics,155.69,US,mobile
T004637,2025-05-29 19:51:00,A0027,Delta Airlines,Travel,54.45,US,mobile
T002888,2025-02-16 08:29:00,A0057,Uber,Travel,89.27,GB,atm
T002665,2025-05-14 10:26:00,A0024,Uber,Travel,198.37,US,mobile
T000846,2025-03-06 07:29:00,A0001,Target,Retail,342.89,US,online
T001251,2025-05-27 19:01:00,A0021,BestBuy,Electronics,94.12,US,mobile
T001384,2025-03-25 17:28:00,A0189,Shell,Fuel,244.67,US,online
T003123,2025-03-17 17:48:00,A0045,Starbucks,Food,21.88,US,online
T003848,2025-02-23 15:37:00,A0087,BestBuy,Electronics,277.31,US,in_store
T001202,2025-05-15 13:37:00,A0174,Costco,Retail,209.98,US,atm
T002543,2025-05-31 09:48:00,A0007,Apple,Electronics,81.91,CA,in_store
T001518,2025-05-08 15:34:00,A0141,Target,Retail,215.33,US,mobile
T002744,2025-05-05 14:36:00,A0013,Uber,Travel,103.06,US,atm
T004324,2025-01-27 09:04:00,A0151,Costco,Retail,129.19,US,in_store
T001894,2025-04-13 13:49:00,A0125,Amazon,Retail,124.67,US,online
T000008,2025-01-18 07:42:00,A0181,Shell,Fuel,310.36,US,in_store
T000730,2025-02-20 16:36:00,A0090,Marriott,Travel,261.41,US,atm
T002936,2025-02-18 13:44:00,A0047,Starbucks,Food,44.09,US,in_store
T004781,2025-05-30 09:09:00,A0100,Shell,Fuel,82.96,US,atm
T004584,2025-01-05 20:50:00,A0063,Apple,Electronics,52.53,US,in_store
T001166,2025-01-16 15:01:00,A0060,Apple,Electronics,232.68,US,online
T002021,2025-05-02 14:57:00,A0080,Uber,Travel,55.64,US,atm
T003511,2025-05-09 20:24:00,A0051,Delta Airlines,Travel,105.93,US,online
T004358,2025-04-28 19:36:00,A0067,BestBuy,Electronics,23.87,US,in_store
T004727,2025-02-02 09:27:00,A0182,Starbucks,Food,87.16,US,online
T004656,2025-04-13 14:38:00,A0134,Uber,Travel,351.34,US,atm
T002440,2025-05-31 07:06:00,A0025,Target,Retail,21.8,US,mobile
T000767,2025-02-19 07:44:00,A0113,Apple,Electronics,146.48,US,atm
T003859,2025-02-12 19:53:00,A0177,Amazon,Retail,377.48,US,mobile
T003421,2025-03-07 19:00:00,A0110,Netflix,Subscription,80.78,US,atm
T004049,2025-04-09 10:57:00,A0065,BestBuy,Electronics,204.62,US,mobile
T002439,2025-01-24 17:21:00,A0108,Uber,Travel,297.73,US,online
T001829,2025-05-15 18:53:00,A0043,Target,Retail,8.88,US,in_store
T003750,2025-03-11 20:51:00,A0081,BestBuy,Electronics,219.15,US,mobile
T003304,2025-04-08 07:58:00,A0119,Amazon,Retail,202.58,US,atm
T000302,2025-03-30 19:51:00,A0102,Starbucks,Food,119.73,US,online
T003317,2025-02-08 20:15:00,A0146,Starbucks,Food,275.78,US,mobile
T004293,2025-01-09 17:43:00,A0111,Marriott,Travel,306.26,US,atm
T003559,2025-02-17 17:41:00,A0145,Target,Retail,254.38,US,online
T003571,2025-04-07 12:08:00,A0063,BestBuy,Electronics,126.79,US,atm
T003246,2025-03-05 08:41:00,A0116,Netflix,Subscription,345.01,US,in_store
T000096,2025-01-11 12:34:00,A0145,Apple,Electronics,266.3,US,atm
T002717,2025-02-01 07:39:00,A0016,Netflix,Subscription,363.65,US,mobile
T001047,2025-05-29 19:00:00,A0026,Costco,Retail,90.71,US,atm
T000245,2025-05-03 17:11:00,A0179,Starbucks,Food,29.92,MX,mobile
T000662,2025-02-08 12:25:00,A0168,Shell,Fuel,357.12,US,atm
T002973,2025-05-24 12:51:00,A0052,Shell,Fuel,355.51,CA,atm
T002830,2025-02-01 09:34:00,A0062,Target,Retail,384.34,US,atm
T003446,2025-01-01 15:54:00,A0116,Costco,Retail,176.77,US,mobile
T004765,2025-05-12 12:46:00,A0038,Marriott,Travel,385.48,US,mobile
T003065,2025-03-25 11:57:00,A0123,Costco,Retail,142.36,US,mobile
T004177,2025-04-08 21:49:00,A0196,Target,Retail,219.84,US,atm
T004865,2025-03-17 09:37:00,A0002,Shell,Fuel,374.51,US,mobile
T000775,2025-01-09 10:06:00,A0046,Target,Retail,80.69,US,mobile
T001352,2025-02-21 11:55:00,A0163,Target,Retail,36.61,US,mobile
T001950,2025-02-09 16:54:00,A0089,Costco,Retail,129.15,US,mobile
T000188,2025-01-24 13:06:00,A0022,BestBuy,Electronics,296.82,US,online
T003050,2025-02-20 07:37:00,A0121,BestBuy,Electronics,157.52,US,mobile
T000658,2025-03-20 14:35:00,A0092,Walmart,Retail,74.43,US,online
T001731,2025-04-08 09:42:00,A0053,Apple,Electronics,215.33,US,atm
T001784,2025-05-23 17:53:00,A0049,Marriott,Travel,19.08,US,online
T004243,2025-03-07 10:30:00,A0061,Netflix,Subscription,45.5,DE,mobile
T003840,2025-04-22 19:29:00,A0064,Marriott,Travel,269.66,US,in_store
T004975,2025-05-17 07:02:00,A0062,Uber,Travel,279.47,US,atm
T003743,2025-04-24 10:44:00,A0026,Amazon,Retail,156.66,US,in_store
T004942,2025-05-09 18:23:00,A0068,Target,Retail,32.12,US,mobile
T001811,2025-05-28 14:24:00,A0068,Uber,Travel,174.67,US,mobile
T000312,2025-05-10 14:17:00,A0035,Shell,Fuel,324.48,US,in_store
T004688,2025-05-24 20:25:00,A0196,Target,Retail,55.5,US,in_store
T001749,2025-02-06 07:20:00,A0073,Delta Airlines,Travel,316.32,US,mobile
T004556,2025-05-16 18:17:00,A0157,Target,Retail,321.45,US,in_store
T004311,2025-02-27 19:32:00,A0185,Target,Retail,259.83,US,online
T001088,2025-03-10 20:18:00,A0106,Marriott,Travel,68.43,US,in_store
T002156,2025-03-19 08:51:00,A0075,Costco,Retail,68.13,US,in_store
T001673,2025-01-07 19:26:00,A0144,Walmart,Retail,303.56,US,atm
T002971,2025-01-26 18:39:00,A0153,Apple,Electronics,63.27,US,atm
T004337,2025-04-13 09:41:00,A0092,Apple,Electronics,335.08,US,mobile
T004280,2025-04-20 09:43:00,A0119,Apple,Electronics,356.63,US,in_store
T003512,2025-04-02 20:18:00,A0043,Costco,Retail,151.04,US,mobile
T004936,2025-02-14 16:12:00,A0189,Apple,Electronics,97.25,US,online
T001624,2025-03-26 18:39:00,A0068,Apple,Electronics,111.62,US,in_store
T003689,2025-01-14 09:57:00,A0187,Target,Retail,111.75,US,mobile
T001192,2025-01-10 15:21:00,A0022,Apple,Electronics,291.41,DE,in_store
T001690,2025-05-09 20:55:00,A0092,Costco,Retail,88.26,US,mobile
T002648,2025-02-11 21:08:00,A0103,Netflix,Subscription,225.18,MX,mobile
T000247,2025-04-12 20:34:00,A0132,Target,Retail,105.06,CA,in_store
T002371,2025-03-25 15:09:00,A0162,Marriott,Travel,274.37,US,atm
T003565,2025-03-06 12:33:00,A0165,Marriott,Travel,329.42,US,online
T001289,2025-05-30 07:29:00,A0059,Costco,Retail,250.34,US,mobile
T003798,2025-01-20 07:08:00,A0112,Netflix,Subscription,299.91,US,atm
T001823,2025-02-20 14:55:00,A0043,Walmart,Retail,20.43,US,mobile
T004419,2025-02-01 15:22:00,A0075,BestBuy,Electronics,131.14,US,online
T004010,2025-04-25 08:31:00,A0073,Target,Retail,221.82,US,online
T003012,2025-05-08 19:07:00,A0100,Costco,Retail,323.74,US,mobile
T000786,2025-05-21 21:47:00,A0097,Uber,Travel,147.2,US,mobile
T001181,2025-04-23 13:49:00,A0052,Amazon,Retail,101.9,US,atm
T002478,2025-03-26 08:05:00,A0106,Costco,Retail,235.24,US,atm
T002517,2025-01-17 09:44:00,A0173,Apple,Electronics,249.53,US,in_store
T002921,2025-01-01 13:31:00,A0006,Target,Retail,153.91,US,atm
T003028,2025-03-12 19:30:00,A0081,Amazon,Retail,147.81,US,online
T002424,2025-04-14 10:10:00,A0132,Shell,Fuel,250.32,US,online
T003164,2025-03-10 17:30:00,A0114,Starbucks,Food,307.11,US,mobile
T000136,2025-03-16 15:45:00,A0128,Uber,Travel,169.12,US,mobile
T004427,2025-02-20 19:27:00,A0091,Target,Retail,399.94,US,atm
T003160,2025-04-13 15:24:00,A0095,Starbucks,Food,246.6,US,online
T004681,2025-01-26 18:34:00,A0179,Apple,Electronics,162.03,MX,in_store
T003449,2025-01-12 09:11:00,A0153,Walmart,Retail,362.13,MX,atm
T003912,2025-01-30 10:23:00,A0116,Walmart,Retail,283.29,US,atm
T000932,2025-02-19 07:01:00,A0065,Delta Airlines,Travel,41.32,US,in_store
T003045,2025-04-27 19:58:00,A0145,Uber,Travel,194.58,US,online
T004291,2025-03-04 15:51:00,A0088,Netflix,Subscription,263.6,US,atm
T004854,2025-03-09 12:01:00,A0066,Delta Airlines,Travel,248.8,US,mobile
T000828,2025-01-21 18:49:00,A0092,Target,Retail,57.96,US,mobile
T003604,2025-02-07 18:21:00,A0012,Delta Airlines,Travel,298.96,US,online
T001796,2025-03-24 11:43:00,A0144,Netflix,Subscription,167.44,US,mobile
T003808,2025-02-16 14:43:00,A0164,Target,Retail,153.37,US,online
T002207,2025-02-07 16:20:00,A0193,Walmart,Retail,214.05,US,atm
T000104,2025-04-15 14:35:00,A0185,Shell,Fuel,277.79,US,mobile
T004485,2025-03-29 20:18:00,A0006,Starbucks,Food,196.04,US,atm
T003989,2025-05-14 11:44:00,A0030,Marriott,Travel,25.52,US,in_store
T002950,2025-02-02 18:40:00,A0173,BestBuy,Electronics,10.15,US,in_store
T001048,2025-05-18 07:46:00,A0044,Walmart,Retail,370.07,US,mobile
T000676,2025-02-02 16:37:00,A0012,Starbucks,Food,58.22,US,online
T003266,2025-05-21 14:28:00,A0053,Marriott,Travel,300.23,US,in_store
T003008,2025-02-18 21:33:00,A0180,Delta Airlines,Travel,245.13,US,atm
T002302,2025-04-11 11:29:00,A0072,Marriott,Travel,323.69,US,atm
T004370,2025-03-30 17:50:00,A0083,BestBuy,Electronics,135.25,US,in_store
T001725,2025-03-10 12:44:00,A0135,Costco,Retail,203.86,US,atm
T004216,2025-03-01 08:20:00,A0082,Apple,Electronics,90.96,US,in_store
T004403,2025-03-20 10:49:00,A0164,Apple,Electronics,217.13,US,mobile
T001015,2025-01-06 08:34:00,A0051,Target,Retail,272.44,US,mobile
T001611,2025-04-30 16:50:00,A0055,Netflix,Subscription,360.0,US,online
T001911,2025-03-14 11:00:00,A0174,Apple,Electronics,86.82,US,in_store
T001566,2025-02-11 18:27:00,A0138,Netflix,Subscription,365.48,US,mobile
T001619,2025-03-23 19:22:00,A0071,Apple,Electronics,36.51,MX,atm
T002189,2025-03-09 18:53:00,A0146,Netflix,Subscription,183.06,MX,mobile
T000092,2025-01-30 16:13:00,A0122,Target,Retail,281.29,DE,atm
T003652,2025-05-21 16:24:00,A0184,Netflix,Subscription,253.55,US,in_store
T001675,2025-04-11 09:25:00,A0014,Marriott,Travel,7.35,GB,mobile
T000279,2025-04-30 08:17:00,A0062,Target,Retail,102.93,US,online
T002057,2025-01-28 16:53:00,A0011,Marriott,Travel,381.86,US,online
T001701,2025-02-21 18:10:00,A0058,Apple,Electronics,326.47,US,online
T001168,2025-04-22 07:10:00,A0115,Uber,Travel,291.85,US,atm
T002558,2025-04-05 16:37:00,A0130,BestBuy,Electronics,30.61,US,atm
T004785,2025-04-28 10:20:00,A0041,BestBuy,Electronics,270.03,US,online
T004451,2025-05-27 07:26:00,A0012,Marriott,Travel,267.68,US,online
T000057,2025-02-15 18:59:00,A0007,Netflix,Subscription,314.04,US,in_store
T000436,2025-04-12 17:19:00,A0014,BestBuy,Electronics,281.28,US,mobile
T003863,2025-03-24 17:17:00,A0048,Starbucks,Food,300.72,US,in_store
T001880,2025-02-07 10:56:00,A0169,Starbucks,Food,124.01,US,in_store
T001910,2025-02-17 11:32:00,A0192,Marriott,Travel,23.07,US,in_store
T000290,2025-03-23 09:25:00,A0084,Delta Airlines,Travel,297.03,US,atm
T000836,2025-04-23 13:56:00,A0075,Uber,Travel,310.6,US,mobile
T001704,2025-02-23 16:52:00,A0049,Target,Retail,202.84,US,in_store
T004750,2025-02-26 12:44:00,A0046,Netflix,Subscription,384.05,DE,atm
T002761,2025-05-31 12:14:00,A0012,BestBuy,Electronics,51.58,US,mobile
T001526,2025-05-26 20:52:00,A0004,Apple,Electronics,64.14,US,mobile
T001448,2025-01-20 12:53:00,A0045,Starbucks,Food,207.91,US,mobile
T004074,2025-01-23 18:41:00,A0007,Apple,Electronics,352.24,US,in_store
T001795,2025-03-16 11:32:00,A0008,Shell,Fuel,356.48,US,online
T001146,2025-01-11 15:21:00,A0024,Target,Retail,272.19,US,in_store
T003813,2025-03-12 13:46:00,A0093,BestBuy,Electronics,279.82,US,mobile
T001892,2025-03-30 17:46:00,A0022,Walmart,Retail,264.07,US,online
T004257,2025-02-25 19:33:00,A0007,Uber,Travel,319.47,US,mobile
T001306,2025-05-06 07:11:00,A0009,Shell,Fuel,32.45,US,atm
T003279,2025-03-16 07:16:00,A0048,BestBuy,Electronics,260.05,US,in_store
T002908,2025-04-29 16:35:00,A0034,Amazon,Retail,372.65,US,atm
T004365,2025-02-25 09:15:00,A0135,Netflix,Subscription,87.82,US,atm
T001225,2025-04-29 15:26:00,A0082,Walmart,Retail,196.25,US,in_store
T001062,2025-01-07 09:24:00,A0128,Delta Airlines,Travel,273.29,US,atm
T002113,2025-03-19 13:12:00,A0013,Netflix,Subscription,385.85,US,mobile
T001779,2025-04-24 15:08:00,A0188,Target,Retail,121.5,US,online
T001889,2025-02-24 11:27:00,A0012,Walmart,Retail,139.14,US,in_store
T003560,2025-05-19 07:27:00,A0108,Delta Airlines,Travel,275.74,CA,mobile
T004036,2025-04-07 12:45:00,A0028,Delta Airlines,Travel,176.63,DE,mobile
T001115,2025-03-08 09:05:00,A0154,Netflix,Subscription,72.2,US,online
T001591,2025-02-26 11:12:00,A0168,Costco,Retail,336.98,CA,mobile
T001712,2025-05-07 08:51:00,A0061,Delta Airlines,Travel,362.21,US,online
T004920,2025-05-21 19:04:00,A0083,Amazon,Retail,218.63,US,online
T003344,2025-02-26 20:40:00,A0108,Uber,Travel,156.21,US,online
T003273,2025-03-13 08:01:00,A0069,Amazon,Retail,284.37,US,atm
T001720,2025-04-16 18:48:00,A0059,Costco,Retail,229.38,US,in_store
T002935,2025-04-24 08:05:00,A0001,Netflix,Subscription,337.53,US,online
T000507,2025-02-15 18:00:00,A0033,BestBuy,Electronics,379.74,US,online
T000203,2025-04-12 20:47:00,A0019,Amazon,Retail,177.31,US,online
T004863,2025-01-27 18:39:00,A0141,Starbucks,Food,387.51,GB,atm
T004709,2025-01-06 10:09:00,A0186,Shell,Fuel,132.98,US,online
T003951,2025-04-06 16:14:00,A0055,Target,Retail,243.66,US,online
T001640,2025-01-13 17:15:00,A0028,Walmart,Retail,91.73,US,online
T004571,2025-02-16 10:27:00,A0013,Uber,Travel,45.08,US,in_store
T002807,2025-01-02 19:57:00,A0016,Costco,Retail,10.93,US,mobile
T001026,2025-03-15 13:11:00,A0032,Target,Retail,363.18,US,in_store
T001001,2025-01-06 20:51:00,A0017,Shell,Fuel,334.8,US,atm
T003016,2025-03-09 15:55:00,A0182,Uber,Travel,312.84,US,in_store
T003921,2025-04-09 10:48:00,A0006,Netflix,Subscription,201.6,US,online
